inventar_id,eignung,antworttyp,geltung,originalstatus,fundstelle,begruendung,ordnungsrichtung,hoeherer_polinhaltsvorschlag,nichtantworten
A1,NEIN,DAUER_STUNDEN_MINUTEN,AN ALLE,ORIGINAL_FRAGEBOGEN_TEXTLAYER_GELESEN; KEINE_LISTE_NOETIG,ESS11-DE Fragebogen PDF S. 3; A1,"Die Frage erfasst eigenen Nachrichtenkonsum, keine Stellungnahme zum politischen Inhalt.",STEIGEND,Mehr berichtete Zeit für politische Nachrichten.,Nichtantwort-/Routingcodes sind keine Skalenpole; zusätzliche gültige nominale Inhalte bleiben erhalten.
A2,NEIN,ORDINAL_HAEUFIGKEIT_1_5,AN ALLE,ORIGINAL_FRAGEBOGEN_TEXTLAYER_GELESEN; LISTENHEFT_TEXTLAYER_GELESEN,ESS11-DE Fragebogen PDF S. 3; A2; Listenheft Liste 1 / PDF S. 2,Eigene Nutzungshäufigkeit ist Verhalten.,STEIGEND,Häufigere eigene Internetnutzung.,Nichtantwort-/Routingcodes sind keine Skalenpole; zusätzliche gültige nominale Inhalte bleiben erhalten.
A3,NEIN,DAUER_STUNDEN_MINUTEN,A2=4 oder 5; Original Q3,ORIGINAL_FRAGEBOGEN_TEXTLAYER_GELESEN; KEINE_LISTE_NOETIG,ESS11-DE Fragebogen PDF S. 3; A3,Eigene Nutzungsdauer ist Verhalten.,STEIGEND,Mehr berichtete Internetzeit.,Nichtantwort-/Routingcodes sind keine Skalenpole; zusätzliche gültige nominale Inhalte bleiben erhalten.
A4,JA,ORDINAL_0_10,AN ALLE,ORIGINAL_FRAGEBOGEN_TEXTLAYER_GELESEN; LISTENHEFT_TEXTLAYER_GELESEN,"ESS11-DE Fragebogen PDF S. 3,4; A4; Listenheft Liste 2 / PDF S. 3",Eine allgemeine Haltung zum Vertrauen in andere Menschen; keine objektive Wissenslösung vorgegeben. Die Skala misst keine relative persönliche Wertpriorität.,STEIGEND,"Stärkere Überzeugung, den meisten Menschen vertrauen zu können.",Nichtantwort-/Routingcodes sind keine Skalenpole; zusätzliche gültige nominale Inhalte bleiben erhalten.
A5,JA,ORDINAL_0_10,AN ALLE,ORIGINAL_FRAGEBOGEN_TEXTLAYER_GELESEN; LISTENHEFT_TEXTLAYER_GELESEN,ESS11-DE Fragebogen PDF S. 4; A5; Listenheft Liste 3 / PDF S. 4,"Allgemeine gesellschaftliche Einschätzung von Fairness gegenüber der befragten Person. Wahrnehmung wird hier als soziale Haltung beurteilt, nicht als Wissenstest.",STEIGEND,"Stärkere Erwartung, dass die meisten Menschen sich fair verhalten.",Nichtantwort-/Routingcodes sind keine Skalenpole; zusätzliche gültige nominale Inhalte bleiben erhalten.
A6,JA,ORDINAL_0_10,AN ALLE,ORIGINAL_FRAGEBOGEN_TEXTLAYER_GELESEN; LISTENHEFT_TEXTLAYER_GELESEN,ESS11-DE Fragebogen PDF S. 4; A6; Listenheft Liste 4 / PDF S. 5,Allgemeine Einschätzung des menschlichen Zusammenlebens; keine eigene Handlung und kein Faktenquiz.,STEIGEND,Stärkere Erwartung allgemeiner Hilfsbereitschaft.,Nichtantwort-/Routingcodes sind keine Skalenpole; zusätzliche gültige nominale Inhalte bleiben erhalten.
B1,NEIN,ORDINAL_1_4,AN ALLE,ORIGINAL_FRAGEBOGEN_TEXTLAYER_GELESEN; KEINE_LISTE_NOETIG,ESS11-DE Fragebogen PDF S. 5; B1,Interesse am Thema sagt keine Einstellung zu einer Streitfrage oder persönliche Wertorientierung aus.,FALLEND,Stärkeres eigenes Interesse an Politik.,Nichtantwort-/Routingcodes sind keine Skalenpole; zusätzliche gültige nominale Inhalte bleiben erhalten.
B2,JA,ORDINAL_1_5,AN ALLE,ORIGINAL_FRAGEBOGEN_TEXTLAYER_GELESEN; LISTENHEFT_TEXTLAYER_GELESEN,ESS11-DE Fragebogen PDF S. 5; B2; Listenheft Liste 5 / PDF S. 6,Bewertung der Offenheit des politischen Systems. Regierung ist hier der allgemeine institutionelle Handlungsbezug; keine Beurteilung einer amtierenden Bundesregierung.,STEIGEND,Stärker wahrgenommene Mitsprachemöglichkeit für Menschen wie die befragte Person.,Nichtantwort-/Routingcodes sind keine Skalenpole; zusätzliche gültige nominale Inhalte bleiben erhalten.
B3,NEIN,ORDINAL_1_5,AN ALLE,ORIGINAL_FRAGEBOGEN_TEXTLAYER_GELESEN; LISTENHEFT_TEXTLAYER_GELESEN,ESS11-DE Fragebogen PDF S. 5; B3; Listenheft Liste 6 / PDF S. 7,Die eigene Kompetenz wird erfragt; keine politische Streitfrage oder Wertpräferenz.,STEIGEND,Höher eingeschätzte eigene Fähigkeit zu einer aktiven politischen Gruppenrolle.,Nichtantwort-/Routingcodes sind keine Skalenpole; zusätzliche gültige nominale Inhalte bleiben erhalten.
B4,JA,ORDINAL_1_5,AN ALLE,ORIGINAL_FRAGEBOGEN_TEXTLAYER_GELESEN; LISTENHEFT_TEXTLAYER_GELESEN,ESS11-DE Fragebogen PDF S. 6; B4; Listenheft Liste 7 / PDF S. 8,Subjektive Bewertung des politischen Systems; keine Prüfung politischen Wissens.,STEIGEND,Stärker wahrgenommene Möglichkeit politischer Einflussnahme für Menschen wie die befragte Person.,Nichtantwort-/Routingcodes sind keine Skalenpole; zusätzliche gültige nominale Inhalte bleiben erhalten.
B5,NEIN,ORDINAL_1_5,AN ALLE,ORIGINAL_FRAGEBOGEN_TEXTLAYER_GELESEN; LISTENHEFT_TEXTLAYER_GELESEN,ESS11-DE Fragebogen PDF S. 6; B5; Listenheft Liste 8 / PDF S. 9,"Selbstbewertung eigener Fähigkeiten, keine Einstellung zum Gemeinwesen.",STEIGEND,Stärkeres Vertrauen in eigene politische Beteiligungsfähigkeiten.,Nichtantwort-/Routingcodes sind keine Skalenpole; zusätzliche gültige nominale Inhalte bleiben erhalten.
B6,JA,ORDINAL_0_10,AN ALLE,ORIGINAL_FRAGEBOGEN_TEXTLAYER_GELESEN; LISTENHEFT_TEXTLAYER_GELESEN,ESS11-DE Fragebogen PDF S. 7; B6; Listenheft Liste 9 / PDF S. 10,"Persönliche Vertrauensbewertung von den Bundestag; ein gesellschaftlich/politisches Urteil, kein Wissenstest. Geringes Vertrauen belegt keine bestimmte Gegenideologie.",STEIGEND,Mehr persönliches Vertrauen in den Bundestag.,Nichtantwort-/Routingcodes sind keine Skalenpole; zusätzliche gültige nominale Inhalte bleiben erhalten.
B7,JA,ORDINAL_0_10,AN ALLE,ORIGINAL_FRAGEBOGEN_TEXTLAYER_GELESEN; LISTENHEFT_TEXTLAYER_GELESEN,ESS11-DE Fragebogen PDF S. 7; B7; Listenheft Liste 9 / PDF S. 10,"Persönliche Vertrauensbewertung von die Justiz; ein gesellschaftlich/politisches Urteil, kein Wissenstest. Geringes Vertrauen belegt keine bestimmte Gegenideologie.",STEIGEND,Mehr persönliches Vertrauen in die Justiz.,Nichtantwort-/Routingcodes sind keine Skalenpole; zusätzliche gültige nominale Inhalte bleiben erhalten.
B8,JA,ORDINAL_0_10,AN ALLE,ORIGINAL_FRAGEBOGEN_TEXTLAYER_GELESEN; LISTENHEFT_TEXTLAYER_GELESEN,ESS11-DE Fragebogen PDF S. 7; B8; Listenheft Liste 9 / PDF S. 10,"Persönliche Vertrauensbewertung von die Polizei; ein gesellschaftlich/politisches Urteil, kein Wissenstest. Geringes Vertrauen belegt keine bestimmte Gegenideologie.",STEIGEND,Mehr persönliches Vertrauen in die Polizei.,Nichtantwort-/Routingcodes sind keine Skalenpole; zusätzliche gültige nominale Inhalte bleiben erhalten.
B9,JA,ORDINAL_0_10,AN ALLE,ORIGINAL_FRAGEBOGEN_TEXTLAYER_GELESEN; LISTENHEFT_TEXTLAYER_GELESEN,ESS11-DE Fragebogen PDF S. 7; B9; Listenheft Liste 9 / PDF S. 10,"Persönliche Vertrauensbewertung von Politiker und Politikerinnen; ein gesellschaftlich/politisches Urteil, kein Wissenstest. Geringes Vertrauen belegt keine bestimmte Gegenideologie.",STEIGEND,Mehr persönliches Vertrauen in Politiker und Politikerinnen.,Nichtantwort-/Routingcodes sind keine Skalenpole; zusätzliche gültige nominale Inhalte bleiben erhalten.
B10,NEIN,ORDINAL_0_10,AN ALLE,ORIGINAL_FRAGEBOGEN_TEXTLAYER_GELESEN; LISTENHEFT_TEXTLAYER_GELESEN,ESS11-DE Fragebogen PDF S. 7; B10; Listenheft Liste 9 / PDF S. 10,Direkter Parteibezug; der Vertrag schließt ihn auch bei einer allgemeinen Vertrauensfrage aus.,STEIGEND,Mehr Vertrauen in Parteien.,Nichtantwort-/Routingcodes sind keine Skalenpole; zusätzliche gültige nominale Inhalte bleiben erhalten.
B11,JA,ORDINAL_0_10,AN ALLE,ORIGINAL_FRAGEBOGEN_TEXTLAYER_GELESEN; LISTENHEFT_TEXTLAYER_GELESEN,ESS11-DE Fragebogen PDF S. 7; B11; Listenheft Liste 9 / PDF S. 10,"Persönliche Vertrauensbewertung von das Europäische Parlament; ein gesellschaftlich/politisches Urteil, kein Wissenstest. Geringes Vertrauen belegt keine bestimmte Gegenideologie.",STEIGEND,Mehr persönliches Vertrauen in das Europäische Parlament.,Nichtantwort-/Routingcodes sind keine Skalenpole; zusätzliche gültige nominale Inhalte bleiben erhalten.
B12,JA,ORDINAL_0_10,AN ALLE,ORIGINAL_FRAGEBOGEN_TEXTLAYER_GELESEN; LISTENHEFT_TEXTLAYER_GELESEN,ESS11-DE Fragebogen PDF S. 7; B12; Listenheft Liste 9 / PDF S. 10,"Persönliche Vertrauensbewertung von die Vereinten Nationen; ein gesellschaftlich/politisches Urteil, kein Wissenstest. Geringes Vertrauen belegt keine bestimmte Gegenideologie.",STEIGEND,Mehr persönliches Vertrauen in die Vereinten Nationen.,Nichtantwort-/Routingcodes sind keine Skalenpole; zusätzliche gültige nominale Inhalte bleiben erhalten.
B13,NEIN,NOMINAL_EINFACH,AN ALLE,ORIGINAL_FRAGEBOGEN_TEXTLAYER_GELESEN; KEINE_LISTE_NOETIG,ESS11-DE Fragebogen PDF S. 7; B13,Eigene Beteiligung an der Bundestagswahl 2021; Wahlverhalten und Wahlberechtigung.,KEINE,Keine gemeinsame numerische Ordnung der genannten Kategorien.,Nichtantwort-/Routingcodes sind keine Skalenpole; zusätzliche gültige nominale Inhalte bleiben erhalten.
B14a,NEIN,NOMINAL_EINFACH,B13=1; Q7–8,ORIGINAL_FRAGEBOGEN_TEXTLAYER_GELESEN; KEINE_LISTE_NOETIG,"ESS11-DE Fragebogen PDF S. 7,8; B14a",Eigene Stimmabgabe für Kandidatenpartei oder Partei; Wahl- und Parteibezug.,KEINE,Keine gemeinsame numerische Ordnung der genannten Kategorien.,Nichtantwort-/Routingcodes sind keine Skalenpole; zusätzliche gültige nominale Inhalte bleiben erhalten.
B14b,NEIN,NOMINAL_EINFACH,B13=1; Q7–8,ORIGINAL_FRAGEBOGEN_TEXTLAYER_GELESEN; KEINE_LISTE_NOETIG,ESS11-DE Fragebogen PDF S. 8; B14b,Eigene Stimmabgabe für Kandidatenpartei oder Partei; Wahl- und Parteibezug.,KEINE,Keine gemeinsame numerische Ordnung der genannten Kategorien.,Nichtantwort-/Routingcodes sind keine Skalenpole; zusätzliche gültige nominale Inhalte bleiben erhalten.
B15,NEIN,NOMINAL_EINFACH,AN ALLE; gemeinsamer Zwölfmonatsblock Q9,ORIGINAL_FRAGEBOGEN_TEXTLAYER_GELESEN; KEINE_LISTE_NOETIG,"ESS11-DE Fragebogen PDF S. 7,9; B15",Bericht über eigenes Verhalten in den letzten zwölf Monaten: Kontaktaufnahme zu Politiker oder Amtsperson.,KEINE,Keine gemeinsame numerische Ordnung der genannten Kategorien.,Nichtantwort-/Routingcodes sind keine Skalenpole; zusätzliche gültige nominale Inhalte bleiben erhalten.
B16,NEIN,NOMINAL_EINFACH,AN ALLE; gemeinsamer Zwölfmonatsblock Q9,ORIGINAL_FRAGEBOGEN_TEXTLAYER_GELESEN; KEINE_LISTE_NOETIG,ESS11-DE Fragebogen PDF S. 9; B16,Bericht über eigenes Verhalten in den letzten zwölf Monaten: Spende oder Mitarbeit in Partei/Interessengruppe.,KEINE,Keine gemeinsame numerische Ordnung der genannten Kategorien.,Nichtantwort-/Routingcodes sind keine Skalenpole; zusätzliche gültige nominale Inhalte bleiben erhalten.
B17,NEIN,NOMINAL_EINFACH,AN ALLE; gemeinsamer Zwölfmonatsblock Q9,ORIGINAL_FRAGEBOGEN_TEXTLAYER_GELESEN; KEINE_LISTE_NOETIG,ESS11-DE Fragebogen PDF S. 9; B17,Bericht über eigenes Verhalten in den letzten zwölf Monaten: Tragen oder Befestigen eines Kampagnenzeichens.,KEINE,Keine gemeinsame numerische Ordnung der genannten Kategorien.,Nichtantwort-/Routingcodes sind keine Skalenpole; zusätzliche gültige nominale Inhalte bleiben erhalten.
B18,NEIN,NOMINAL_EINFACH,AN ALLE; gemeinsamer Zwölfmonatsblock Q9,ORIGINAL_FRAGEBOGEN_TEXTLAYER_GELESEN; KEINE_LISTE_NOETIG,ESS11-DE Fragebogen PDF S. 9; B18,Bericht über eigenes Verhalten in den letzten zwölf Monaten: Unterschriftensammlung.,KEINE,Keine gemeinsame numerische Ordnung der genannten Kategorien.,Nichtantwort-/Routingcodes sind keine Skalenpole; zusätzliche gültige nominale Inhalte bleiben erhalten.
B19,NEIN,NOMINAL_EINFACH,AN ALLE; gemeinsamer Zwölfmonatsblock Q9,ORIGINAL_FRAGEBOGEN_TEXTLAYER_GELESEN; KEINE_LISTE_NOETIG,ESS11-DE Fragebogen PDF S. 9; B19,Bericht über eigenes Verhalten in den letzten zwölf Monaten: Demonstrationsteilnahme.,KEINE,Keine gemeinsame numerische Ordnung der genannten Kategorien.,Nichtantwort-/Routingcodes sind keine Skalenpole; zusätzliche gültige nominale Inhalte bleiben erhalten.
B20,NEIN,NOMINAL_EINFACH,AN ALLE; gemeinsamer Zwölfmonatsblock Q9,ORIGINAL_FRAGEBOGEN_TEXTLAYER_GELESEN; KEINE_LISTE_NOETIG,ESS11-DE Fragebogen PDF S. 9; B20,Bericht über eigenes Verhalten in den letzten zwölf Monaten: Produktboykott.,KEINE,Keine gemeinsame numerische Ordnung der genannten Kategorien.,Nichtantwort-/Routingcodes sind keine Skalenpole; zusätzliche gültige nominale Inhalte bleiben erhalten.
B21,NEIN,NOMINAL_EINFACH,AN ALLE; gemeinsamer Zwölfmonatsblock Q9,ORIGINAL_FRAGEBOGEN_TEXTLAYER_GELESEN; KEINE_LISTE_NOETIG,ESS11-DE Fragebogen PDF S. 9; B21,Bericht über eigenes Verhalten in den letzten zwölf Monaten: politischer Internetbeitrag.,KEINE,Keine gemeinsame numerische Ordnung der genannten Kategorien.,Nichtantwort-/Routingcodes sind keine Skalenpole; zusätzliche gültige nominale Inhalte bleiben erhalten.
B22,NEIN,NOMINAL_EINFACH,AN ALLE; gemeinsamer Zwölfmonatsblock Q9,ORIGINAL_FRAGEBOGEN_TEXTLAYER_GELESEN; KEINE_LISTE_NOETIG,ESS11-DE Fragebogen PDF S. 9; B22,Bericht über eigenes Verhalten in den letzten zwölf Monaten: gemeinnützige ehrenamtliche Arbeit.,KEINE,Keine gemeinsame numerische Ordnung der genannten Kategorien.,Nichtantwort-/Routingcodes sind keine Skalenpole; zusätzliche gültige nominale Inhalte bleiben erhalten.
B23,NEIN,NOMINAL_EINFACH,AN ALLE,ORIGINAL_FRAGEBOGEN_TEXTLAYER_GELESEN; KEINE_LISTE_NOETIG,ESS11-DE Fragebogen PDF S. 9; B23,Vorhandensein einer eigenen Parteinähe; Parteibezug.,KEINE,Keine gemeinsame numerische Ordnung der genannten Kategorien.,Nichtantwort-/Routingcodes sind keine Skalenpole; zusätzliche gültige nominale Inhalte bleiben erhalten.
B24,NEIN,NOMINAL_EINFACH,B23=1; Q9–10,ORIGINAL_FRAGEBOGEN_TEXTLAYER_GELESEN; KEINE_LISTE_NOETIG,"ESS11-DE Fragebogen PDF S. 9,10; B24",Benennung der eigenen bevorzugten Partei; geerbter Parteibezug bleibt maßgeblich.,KEINE,Keine gemeinsame numerische Ordnung der genannten Kategorien.,Nichtantwort-/Routingcodes sind keine Skalenpole; zusätzliche gültige nominale Inhalte bleiben erhalten.
B25,NEIN,ORDINAL_1_4,B24 gültige Parteinennung; Q10 nennt 01–09 einschließlich 08,ORIGINAL_FRAGEBOGEN_TEXTLAYER_GELESEN; KEINE_LISTE_NOETIG,ESS11-DE Fragebogen PDF S. 10; B25,Der kurze Wortlaut übernimmt den Parteibezug und den Filter aus B23/B24.,FALLEND,Stärkere Nähe zur in B24 genannten Partei.,Nichtantwort-/Routingcodes sind keine Skalenpole; zusätzliche gültige nominale Inhalte bleiben erhalten.
B26,NEIN,ORDINAL_0_10_SELBSTEINSTUFUNG,AN ALLE,ORIGINAL_FRAGEBOGEN_TEXTLAYER_GELESEN; LISTENHEFT_TEXTLAYER_GELESEN,ESS11-DE Fragebogen PDF S. 10; B26; Listenheft Liste 10 / PDF S. 11,Links-rechts-Selbsteinstufung ist laut Vertrag ausgeschlossen; keine inhaltlichen Sachpositionen daraus ableiten.,STEIGEND,Weiter rechts auf der ausdrücklich benannten Selbstskala.,Nichtantwort-/Routingcodes sind keine Skalenpole; zusätzliche gültige nominale Inhalte bleiben erhalten.
B27,NEIN,ORDINAL_0_10,AN ALLE,ORIGINAL_FRAGEBOGEN_TEXTLAYER_GELESEN; LISTENHEFT_TEXTLAYER_GELESEN,ESS11-DE Fragebogen PDF S. 11; B27; Listenheft Liste 11 / PDF S. 12,"Eigene Lebensbewertung, keine gesellschaftliche Streitfrage.",STEIGEND,Mehr Zufriedenheit mit dem eigenen gegenwärtigen Leben.,Nichtantwort-/Routingcodes sind keine Skalenpole; zusätzliche gültige nominale Inhalte bleiben erhalten.
B28,JA,ORDINAL_0_10,AN ALLE,ORIGINAL_FRAGEBOGEN_TEXTLAYER_GELESEN; LISTENHEFT_TEXTLAYER_GELESEN,ESS11-DE Fragebogen PDF S. 11; B28; Listenheft Liste 11 / PDF S. 12,Subjektive Bewertung einer gesellschaftlich relevanten Lage; weder Wissenstest noch eigene Haushaltsfinanzen.,STEIGEND,Mehr Zufriedenheit mit der gegenwärtigen deutschen Wirtschaftslage.,Nichtantwort-/Routingcodes sind keine Skalenpole; zusätzliche gültige nominale Inhalte bleiben erhalten.
B29,NEIN,ORDINAL_0_10,AN ALLE,ORIGINAL_FRAGEBOGEN_TEXTLAYER_GELESEN; LISTENHEFT_TEXTLAYER_GELESEN,ESS11-DE Fragebogen PDF S. 11; B29; Listenheft Liste 11 / PDF S. 12,Gegenstand sind Leistungen der amtierenden Bundesregierung in Berlin; expliziter Ausschluss.,STEIGEND,Mehr Zufriedenheit mit der Arbeit der damaligen Bundesregierung.,Nichtantwort-/Routingcodes sind keine Skalenpole; zusätzliche gültige nominale Inhalte bleiben erhalten.
B30,JA,ORDINAL_0_10,AN ALLE,ORIGINAL_FRAGEBOGEN_TEXTLAYER_GELESEN; LISTENHEFT_TEXTLAYER_GELESEN,ESS11-DE Fragebogen PDF S. 11; B30; Listenheft Liste 11 / PDF S. 12,Bewertung des demokratischen Systems. Das wiederverwendete Listenheft und das Wort Und übernehmen keinen Regierungsgegenstand aus B29.,STEIGEND,"Mehr Zufriedenheit damit, wie die Demokratie in Deutschland funktioniert.",Nichtantwort-/Routingcodes sind keine Skalenpole; zusätzliche gültige nominale Inhalte bleiben erhalten.
B31,JA,ORDINAL_0_10,AN ALLE,ORIGINAL_FRAGEBOGEN_TEXTLAYER_GELESEN; LISTENHEFT_TEXTLAYER_GELESEN,ESS11-DE Fragebogen PDF S. 12; B31; Listenheft Liste 12 / PDF S. 13,Gesellschaftliche Institutionsbewertung; kein abgefragter Wissensstand.,STEIGEND,Bessere Bewertung des deutschen Bildungssystems.,Nichtantwort-/Routingcodes sind keine Skalenpole; zusätzliche gültige nominale Inhalte bleiben erhalten.
B32,JA,ORDINAL_0_10,AN ALLE,ORIGINAL_FRAGEBOGEN_TEXTLAYER_GELESEN; LISTENHEFT_TEXTLAYER_GELESEN,ESS11-DE Fragebogen PDF S. 12; B32; Listenheft Liste 12 / PDF S. 13,Gesellschaftliche Institutionsbewertung. Die Frage erfasst nicht die eigene Gesundheit.,STEIGEND,Bessere Bewertung des deutschen Gesundheitssystems.,Nichtantwort-/Routingcodes sind keine Skalenpole; zusätzliche gültige nominale Inhalte bleiben erhalten.
B33,JA,ORDINAL_ZUSTIMMUNG_1_5,AN ALLE,ORIGINAL_FRAGEBOGEN_TEXTLAYER_GELESEN; LISTENHEFT_TEXTLAYER_GELESEN,ESS11-DE Fragebogen PDF S. 13; B33; Listenheft Liste 13 / PDF S. 14,Normative staatliche Verteilungsfrage.,FALLEND,Mehr Zustimmung zu staatlichen Maßnahmen gegen Einkommensunterschiede.,Nichtantwort-/Routingcodes sind keine Skalenpole; zusätzliche gültige nominale Inhalte bleiben erhalten.
B34,JA,ORDINAL_ZUSTIMMUNG_1_5,AN ALLE,ORIGINAL_FRAGEBOGEN_TEXTLAYER_GELESEN; LISTENHEFT_TEXTLAYER_GELESEN,ESS11-DE Fragebogen PDF S. 13; B34; Listenheft Liste 13 / PDF S. 14,Normative Aussage über gesellschaftliche Freiheit.,FALLEND,"Mehr Zustimmung zur Freiheit schwuler und lesbischer Menschen, ihr Leben wie gewünscht zu führen.",Nichtantwort-/Routingcodes sind keine Skalenpole; zusätzliche gültige nominale Inhalte bleiben erhalten.
B35,JA,ORDINAL_ZUSTIMMUNG_1_5,AN ALLE,ORIGINAL_FRAGEBOGEN_TEXTLAYER_GELESEN; LISTENHEFT_TEXTLAYER_GELESEN,ESS11-DE Fragebogen PDF S. 13; B35; Listenheft Liste 13 / PDF S. 14,Hypothetische moralische Bewertung der Homosexualität in der eigenen Familie; keine tatsächlich erlebte Familienlage.,FALLEND,Mehr Zustimmung zu erwarteter eigener Scham bei einem schwulen oder lesbischen nahen Familienmitglied.,Nichtantwort-/Routingcodes sind keine Skalenpole; zusätzliche gültige nominale Inhalte bleiben erhalten.
B36,JA,ORDINAL_ZUSTIMMUNG_1_5,AN ALLE,ORIGINAL_FRAGEBOGEN_TEXTLAYER_GELESEN; LISTENHEFT_TEXTLAYER_GELESEN,ESS11-DE Fragebogen PDF S. 13; B36; Listenheft Liste 13 / PDF S. 14,Konkrete gesellschaftliche Rechtsfrage.,FALLEND,Mehr Zustimmung zu gleichen Adoptionsrechten für gleichgeschlechtliche Paare.,Nichtantwort-/Routingcodes sind keine Skalenpole; zusätzliche gültige nominale Inhalte bleiben erhalten.
B37,JA,ORDINAL_0_10,AN ALLE,ORIGINAL_FRAGEBOGEN_TEXTLAYER_GELESEN; LISTENHEFT_TEXTLAYER_GELESEN,ESS11-DE Fragebogen PDF S. 14; B37; Listenheft Liste 14 / PDF S. 15,Ausdrückliche politische Streitfrage mit benannten Alternativen.,STEIGEND,Mehr Befürwortung weiterer europäischer Einigung.,Nichtantwort-/Routingcodes sind keine Skalenpole; zusätzliche gültige nominale Inhalte bleiben erhalten.
B38,JA,ORDINAL_ZUSTIMMUNG_1_5,AN ALLE,ORIGINAL_FRAGEBOGEN_TEXTLAYER_GELESEN; LISTENHEFT_TEXTLAYER_GELESEN,ESS11-DE Fragebogen PDF S. 14; B38; Listenheft Liste 15 / PDF S. 16,Normative Rangsetzung benannter Erziehungswerte.,FALLEND,Mehr Zustimmung zum Vorrang von Gehorsam und Autoritätsrespekt in der Kindererziehung.,Nichtantwort-/Routingcodes sind keine Skalenpole; zusätzliche gültige nominale Inhalte bleiben erhalten.
B39,JA,ORDINAL_ZUSTIMMUNG_1_5,AN ALLE,ORIGINAL_FRAGEBOGEN_TEXTLAYER_GELESEN; LISTENHEFT_TEXTLAYER_GELESEN,ESS11-DE Fragebogen PDF S. 14; B39; Listenheft Liste 15 / PDF S. 16,Normative Forderung an Deutschland. Weder eine konkrete amtierende Regierung noch ihre Leistungen sind genannt; eine Übertragung auf die damalige Regierung wäre unbelegt.,FALLEND,"Mehr Zustimmung dazu, dass Deutschland vor allem Loyalität gegenüber politischer Führung braucht.",Nichtantwort-/Routingcodes sind keine Skalenpole; zusätzliche gültige nominale Inhalte bleiben erhalten.
B40,JA,ORDINAL_ZULASSUNG_1_4,AN ALLE,ORIGINAL_FRAGEBOGEN_TEXTLAYER_GELESEN; LISTENHEFT_TEXTLAYER_GELESEN,ESS11-DE Fragebogen PDF S. 15; B40; Listenheft Liste 16 / PDF S. 17,Normative Zuwanderungsregel. Gruppe und allgemeiner Zuwanderungskontext auf Q15 bleiben Teil des Gegenstands.,FALLEND,Zulassung einer größeren Zahl von Zuwanderern aus derselben Volksgruppe/ethnischen Gruppe wie die Mehrheit.,Nichtantwort-/Routingcodes sind keine Skalenpole; zusätzliche gültige nominale Inhalte bleiben erhalten.
B41,JA,ORDINAL_ZULASSUNG_1_4,AN ALLE,ORIGINAL_FRAGEBOGEN_TEXTLAYER_GELESEN; LISTENHEFT_TEXTLAYER_GELESEN,ESS11-DE Fragebogen PDF S. 15; B41; Listenheft Liste 16 / PDF S. 17,Normative Zuwanderungsregel. Gruppe und allgemeiner Zuwanderungskontext auf Q15 bleiben Teil des Gegenstands.,FALLEND,Zulassung einer größeren Zahl von Zuwanderern aus einer anderen Volksgruppe/ethnischen Gruppe als die Mehrheit.,Nichtantwort-/Routingcodes sind keine Skalenpole; zusätzliche gültige nominale Inhalte bleiben erhalten.
B42,JA,ORDINAL_ZULASSUNG_1_4,AN ALLE,ORIGINAL_FRAGEBOGEN_TEXTLAYER_GELESEN; LISTENHEFT_TEXTLAYER_GELESEN,ESS11-DE Fragebogen PDF S. 15; B42; Listenheft Liste 16 / PDF S. 17,Normative Zuwanderungsregel. Gruppe und allgemeiner Zuwanderungskontext auf Q15 bleiben Teil des Gegenstands.,FALLEND,Zulassung einer größeren Zahl von Zuwanderern aus ärmeren Ländern außerhalb Europas.,Nichtantwort-/Routingcodes sind keine Skalenpole; zusätzliche gültige nominale Inhalte bleiben erhalten.
B43,JA,ORDINAL_0_10,AN ALLE,ORIGINAL_FRAGEBOGEN_TEXTLAYER_GELESEN; LISTENHEFT_TEXTLAYER_GELESEN,ESS11-DE Fragebogen PDF S. 16; B43; Listenheft Liste 17 / PDF S. 18,Bewertung eines politischen Streitgegenstands; der Fragebogen liefert keinen Wissenstest.,STEIGEND,Positivere Einschätzung der Wirtschaftswirkung von Zuwanderung.,Nichtantwort-/Routingcodes sind keine Skalenpole; zusätzliche gültige nominale Inhalte bleiben erhalten.
B44,JA,ORDINAL_0_10,AN ALLE,ORIGINAL_FRAGEBOGEN_TEXTLAYER_GELESEN; LISTENHEFT_TEXTLAYER_GELESEN,ESS11-DE Fragebogen PDF S. 16; B44; Listenheft Liste 18 / PDF S. 19,Kulturelle Bewertung von Zuwanderung; keine eigene Erfahrung oder reine Wissensprüfung.,STEIGEND,Stärkere Einschätzung kultureller Bereicherung durch Zuwanderung.,Nichtantwort-/Routingcodes sind keine Skalenpole; zusätzliche gültige nominale Inhalte bleiben erhalten.
B45,JA,ORDINAL_0_10,AN ALLE,ORIGINAL_FRAGEBOGEN_TEXTLAYER_GELESEN; LISTENHEFT_TEXTLAYER_GELESEN,ESS11-DE Fragebogen PDF S. 16; B45; Listenheft Liste 19 / PDF S. 20,Gesamtbewertung der gesellschaftlichen Folgen von Zuwanderung.,STEIGEND,Positivere Bewertung Deutschlands als Lebensort infolge von Zuwanderung.,Nichtantwort-/Routingcodes sind keine Skalenpole; zusätzliche gültige nominale Inhalte bleiben erhalten.
C1,NEIN,ORDINAL_0_10,AN ALLE,ORIGINAL_FRAGEBOGEN_TEXTLAYER_GELESEN; LISTENHEFT_TEXTLAYER_GELESEN,ESS11-DE Fragebogen PDF S. 17; C1; Listenheft Liste 20 / PDF S. 21,Eigenes Wohlbefinden.,STEIGEND,Mehr eigenes Glück.,Nichtantwort-/Routingcodes sind keine Skalenpole; zusätzliche gültige nominale Inhalte bleiben erhalten.
C2,NEIN,ORDINAL_HAEUFIGKEIT_01_07,AN ALLE,ORIGINAL_FRAGEBOGEN_TEXTLAYER_GELESEN; LISTENHEFT_TEXTLAYER_GELESEN,ESS11-DE Fragebogen PDF S. 17; C2; Listenheft Liste 21 / PDF S. 22,Eigenes Sozialverhalten.,STEIGEND,Häufigere eigene soziale Treffen.,Nichtantwort-/Routingcodes sind keine Skalenpole; zusätzliche gültige nominale Inhalte bleiben erhalten.
C3,NEIN,ORDINAL_ANZAHLKLASSEN_00_06,AN ALLE,ORIGINAL_FRAGEBOGEN_TEXTLAYER_GELESEN; LISTENHEFT_TEXTLAYER_GELESEN,ESS11-DE Fragebogen PDF S. 17; C3; Listenheft Liste 22 / PDF S. 23,Eigene soziale Lebensumstände.,STEIGEND,Mehr verfügbare Gesprächspartner für persönliche Angelegenheiten.,Nichtantwort-/Routingcodes sind keine Skalenpole; zusätzliche gültige nominale Inhalte bleiben erhalten.
C4,NEIN,ORDINAL_VERGLEICH_1_5,AN ALLE,ORIGINAL_FRAGEBOGEN_TEXTLAYER_GELESEN; LISTENHEFT_TEXTLAYER_GELESEN,ESS11-DE Fragebogen PDF S. 18; C4; Listenheft Liste 23 / PDF S. 24,Eigener Verhaltenvergleich.,STEIGEND,Häufigere eigene gesellige Teilnahme relativ zu Gleichaltrigen.,Nichtantwort-/Routingcodes sind keine Skalenpole; zusätzliche gültige nominale Inhalte bleiben erhalten.
C5,NEIN,NOMINAL_EINFACH,AN ALLE,ORIGINAL_FRAGEBOGEN_TEXTLAYER_GELESEN; KEINE_LISTE_NOETIG,ESS11-DE Fragebogen PDF S. 18; C5,Eigene oder haushaltsbezogene Opfererfahrung bei Einbruch/Überfall in fünf Jahren.,KEINE,Keine gemeinsame numerische Ordnung der genannten Kategorien.,Nichtantwort-/Routingcodes sind keine Skalenpole; zusätzliche gültige nominale Inhalte bleiben erhalten.
C6,NEIN,ORDINAL_1_4,AN ALLE,ORIGINAL_FRAGEBOGEN_TEXTLAYER_GELESEN; KEINE_LISTE_NOETIG,ESS11-DE Fragebogen PDF S. 18; C6,"Persönlich örtliches Sicherheitsgefühl, keine Einstellung zu einer kriminalpolitischen Maßnahme.",FALLEND,Stärkeres persönliches Sicherheitsgefühl in der eigenen Wohngegend bei Dunkelheit.,Nichtantwort-/Routingcodes sind keine Skalenpole; zusätzliche gültige nominale Inhalte bleiben erhalten.
C7,NEIN,ORDINAL_1_5,AN ALLE,ORIGINAL_FRAGEBOGEN_TEXTLAYER_GELESEN; KEINE_LISTE_NOETIG,ESS11-DE Fragebogen PDF S. 19; C7,Eigene Gesundheit und Lebensumstände.,FALLEND,Besser eingeschätzte eigene Gesundheit.,Nichtantwort-/Routingcodes sind keine Skalenpole; zusätzliche gültige nominale Inhalte bleiben erhalten.
C8,NEIN,ORDINAL_1_3,AN ALLE,ORIGINAL_FRAGEBOGEN_TEXTLAYER_GELESEN; KEINE_LISTE_NOETIG,ESS11-DE Fragebogen PDF S. 19; C8,Eigene gesundheitliche Einschränkung.,FALLEND,Stärkere eigene Einschränkung durch Krankheit/Behinderung.,Nichtantwort-/Routingcodes sind keine Skalenpole; zusätzliche gültige nominale Inhalte bleiben erhalten.
C9,JA,ORDINAL_0_10,AN ALLE,ORIGINAL_FRAGEBOGEN_TEXTLAYER_GELESEN; LISTENHEFT_TEXTLAYER_GELESEN,ESS11-DE Fragebogen PDF S. 19; C9; Listenheft Liste 24 / PDF S. 25,Emotionale Orientierung zu einem politischen/gesellschaftlichen Bezugsraum. Geringe Verbundenheit enthält keine Ablehnung und keine benannte Gegenideologie.,STEIGEND,Stärkere gefühlsmäßige Verbundenheit mit Deutschland.,Nichtantwort-/Routingcodes sind keine Skalenpole; zusätzliche gültige nominale Inhalte bleiben erhalten.
C10,JA,ORDINAL_0_10,AN ALLE,ORIGINAL_FRAGEBOGEN_TEXTLAYER_GELESEN; LISTENHEFT_TEXTLAYER_GELESEN,ESS11-DE Fragebogen PDF S. 20; C10; Listenheft Liste 24 / PDF S. 25,Emotionale Orientierung zu einem politischen/gesellschaftlichen Bezugsraum. Geringe Verbundenheit enthält keine Ablehnung und keine benannte Gegenideologie.,STEIGEND,Stärkere gefühlsmäßige Verbundenheit mit Europa.,Nichtantwort-/Routingcodes sind keine Skalenpole; zusätzliche gültige nominale Inhalte bleiben erhalten.
C11,NEIN,NOMINAL_EINFACH,AN ALLE,ORIGINAL_FRAGEBOGEN_TEXTLAYER_GELESEN; KEINE_LISTE_NOETIG,ESS11-DE Fragebogen PDF S. 20; C11,Eigene Religions-/Konfessionszugehörigkeit; Identitätsangabe.,KEINE,Keine gemeinsame numerische Ordnung der genannten Kategorien.,Nichtantwort-/Routingcodes sind keine Skalenpole; zusätzliche gültige nominale Inhalte bleiben erhalten.
C12,NEIN,NOMINAL_EINFACH,C11=1; Q20,ORIGINAL_FRAGEBOGEN_TEXTLAYER_GELESEN; KEINE_LISTE_NOETIG,ESS11-DE Fragebogen PDF S. 20; C12,"Benannte eigene Religion/Konfession; nominale Identität, keine geordnete Wertposition.",KEINE,Keine gemeinsame numerische Ordnung der genannten Kategorien.,Nichtantwort-/Routingcodes sind keine Skalenpole; zusätzliche gültige nominale Inhalte bleiben erhalten.
C13,NEIN,NOMINAL_EINFACH,C11=2/7/8; Q21,ORIGINAL_FRAGEBOGEN_TEXTLAYER_GELESEN; KEINE_LISTE_NOETIG,ESS11-DE Fragebogen PDF S. 21; C13,Frühere eigene religiöse Zugehörigkeit; Biografie.,KEINE,Keine gemeinsame numerische Ordnung der genannten Kategorien.,Nichtantwort-/Routingcodes sind keine Skalenpole; zusätzliche gültige nominale Inhalte bleiben erhalten.
C14,NEIN,NOMINAL_EINFACH,C13=1; Q21,ORIGINAL_FRAGEBOGEN_TEXTLAYER_GELESEN; KEINE_LISTE_NOETIG,ESS11-DE Fragebogen PDF S. 21; C14,Früher benannte Religion/Konfession; nominale biografische Angabe.,KEINE,Keine gemeinsame numerische Ordnung der genannten Kategorien.,Nichtantwort-/Routingcodes sind keine Skalenpole; zusätzliche gültige nominale Inhalte bleiben erhalten.
C15,UNKLAR,ORDINAL_0_10,AN ALLE,ORIGINAL_FRAGEBOGEN_TEXTLAYER_GELESEN; LISTENHEFT_TEXTLAYER_GELESEN,ESS11-DE Fragebogen PDF S. 21; C15; Listenheft Liste 25 / PDF S. 26,Religiosität kann persönliche Wertbindung oder ein religiöses Selbstetikett bedeuten. Die Frage konkretisiert keine Wertforderung; der Vertrag trennt diese Fälle nicht ausreichend.,STEIGEND,Stärker selbstberichtete Religiosität.,Nichtantwort-/Routingcodes sind keine Skalenpole; zusätzliche gültige nominale Inhalte bleiben erhalten.
C16,NEIN,ORDINAL_HAEUFIGKEIT_01_07,AN ALLE,ORIGINAL_FRAGEBOGEN_TEXTLAYER_GELESEN; LISTENHEFT_TEXTLAYER_GELESEN,ESS11-DE Fragebogen PDF S. 22; C16; Listenheft Liste 26 / PDF S. 27,"Eigenes religiöses Verhalten, keine Wertstellungnahme.",FALLEND,Häufigere eigene Gottesdienstteilnahme.,Nichtantwort-/Routingcodes sind keine Skalenpole; zusätzliche gültige nominale Inhalte bleiben erhalten.
C17,NEIN,ORDINAL_HAEUFIGKEIT_01_07,AN ALLE,ORIGINAL_FRAGEBOGEN_TEXTLAYER_GELESEN; LISTENHEFT_TEXTLAYER_GELESEN,ESS11-DE Fragebogen PDF S. 22; C17; Listenheft Liste 26 / PDF S. 27,"Eigenes religiöses Verhalten, keine Wertstellungnahme.",FALLEND,Häufigere eigene Beten außerhalb von Gottesdiensten.,Nichtantwort-/Routingcodes sind keine Skalenpole; zusätzliche gültige nominale Inhalte bleiben erhalten.
C18,NEIN,NOMINAL_EINFACH,AN ALLE,ORIGINAL_FRAGEBOGEN_TEXTLAYER_GELESEN; KEINE_LISTE_NOETIG,ESS11-DE Fragebogen PDF S. 22; C18,Eigene Zugehörigkeit zu einer als diskriminiert wahrgenommenen Gruppe; persönliche Situation.,KEINE,Keine gemeinsame numerische Ordnung der genannten Kategorien.,Nichtantwort-/Routingcodes sind keine Skalenpole; zusätzliche gültige nominale Inhalte bleiben erhalten.
C19,NEIN,NOMINAL_MEHRFACH,C18=1; Q23,ORIGINAL_FRAGEBOGEN_TEXTLAYER_GELESEN; KEINE_LISTE_NOETIG,ESS11-DE Fragebogen PDF S. 23; C19,Gründe der Diskriminierung der eigenen Gruppe; persönliche Gruppenerfahrung.,KEINE,Keine gemeinsame numerische Ordnung der genannten Kategorien.,Nichtantwort-/Routingcodes sind keine Skalenpole; zusätzliche gültige nominale Inhalte bleiben erhalten.
C20,NEIN,NOMINAL_EINFACH,AN ALLE,ORIGINAL_FRAGEBOGEN_TEXTLAYER_GELESEN; KEINE_LISTE_NOETIG,ESS11-DE Fragebogen PDF S. 23; C20,Eigene Staatsangehörigkeit. Persönliche beziehungsweise familiäre Lebensumstände.,KEINE,Keine gemeinsame numerische Ordnung der genannten Kategorien.,Nichtantwort-/Routingcodes sind keine Skalenpole; zusätzliche gültige nominale Inhalte bleiben erhalten.
C21,NEIN,NOMINAL_EINFACH,AN ALLE,ORIGINAL_FRAGEBOGEN_TEXTLAYER_GELESEN; KEINE_LISTE_NOETIG,ESS11-DE Fragebogen PDF S. 23; C21,Eigenes Geburtslandgebiet. Persönliche beziehungsweise familiäre Lebensumstände.,KEINE,Keine gemeinsame numerische Ordnung der genannten Kategorien.,Nichtantwort-/Routingcodes sind keine Skalenpole; zusätzliche gültige nominale Inhalte bleiben erhalten.
C22,NEIN,OFFEN_NOMINAL,C21=2,ORIGINAL_FRAGEBOGEN_TEXTLAYER_GELESEN; KEINE_LISTE_NOETIG,ESS11-DE Fragebogen PDF S. 24; C22,Eigenes Geburtsland. Biografische nominale Angabe.,KEINE,Keine gemeinsame numerische Ordnung der genannten Kategorien.,Nichtantwort-/Routingcodes sind keine Skalenpole; zusätzliche gültige nominale Inhalte bleiben erhalten.
C23,NEIN,OFFEN_JAHR,C21=2; Q24,ORIGINAL_FRAGEBOGEN_TEXTLAYER_GELESEN; KEINE_LISTE_NOETIG,ESS11-DE Fragebogen PDF S. 24; C23,Eigene Migrationsbiografie.,STEIGEND,Späteres erstes Zuzugsjahr nach Deutschland.,Nichtantwort-/Routingcodes sind keine Skalenpole; zusätzliche gültige nominale Inhalte bleiben erhalten.
C24,NEIN,OFFEN_NOMINAL,AN ALLE; bis zu zwei Nennungen,ORIGINAL_FRAGEBOGEN_TEXTLAYER_GELESEN; KEINE_LISTE_NOETIG,ESS11-DE Fragebogen PDF S. 24; C24,Zu Hause verwendete Sprachen. Biografische nominale Angabe.,KEINE,Keine gemeinsame numerische Ordnung der genannten Kategorien.,Nichtantwort-/Routingcodes sind keine Skalenpole; zusätzliche gültige nominale Inhalte bleiben erhalten.
C25,NEIN,NOMINAL_EINFACH,AN ALLE,ORIGINAL_FRAGEBOGEN_TEXTLAYER_GELESEN; KEINE_LISTE_NOETIG,ESS11-DE Fragebogen PDF S. 24; C25,Eigene ethnische Zugehörigkeit im Vergleich zur Mehrheit. Persönliche beziehungsweise familiäre Lebensumstände.,KEINE,Keine gemeinsame numerische Ordnung der genannten Kategorien.,Nichtantwort-/Routingcodes sind keine Skalenpole; zusätzliche gültige nominale Inhalte bleiben erhalten.
C26,NEIN,NOMINAL_EINFACH,AN ALLE,ORIGINAL_FRAGEBOGEN_TEXTLAYER_GELESEN; KEINE_LISTE_NOETIG,ESS11-DE Fragebogen PDF S. 25; C26,Geburtslandgebiet des Vaters. Persönliche beziehungsweise familiäre Lebensumstände.,KEINE,Keine gemeinsame numerische Ordnung der genannten Kategorien.,Nichtantwort-/Routingcodes sind keine Skalenpole; zusätzliche gültige nominale Inhalte bleiben erhalten.
C27,NEIN,OFFEN_NOMINAL,C26=2,ORIGINAL_FRAGEBOGEN_TEXTLAYER_GELESEN; KEINE_LISTE_NOETIG,ESS11-DE Fragebogen PDF S. 25; C27,Geburtsland des Vaters. Biografische nominale Angabe.,KEINE,Keine gemeinsame numerische Ordnung der genannten Kategorien.,Nichtantwort-/Routingcodes sind keine Skalenpole; zusätzliche gültige nominale Inhalte bleiben erhalten.
C28,NEIN,NOMINAL_EINFACH,AN ALLE,ORIGINAL_FRAGEBOGEN_TEXTLAYER_GELESEN; KEINE_LISTE_NOETIG,ESS11-DE Fragebogen PDF S. 25; C28,Geburtslandgebiet der Mutter. Persönliche beziehungsweise familiäre Lebensumstände.,KEINE,Keine gemeinsame numerische Ordnung der genannten Kategorien.,Nichtantwort-/Routingcodes sind keine Skalenpole; zusätzliche gültige nominale Inhalte bleiben erhalten.
C29,NEIN,OFFEN_NOMINAL,C28=2,ORIGINAL_FRAGEBOGEN_TEXTLAYER_GELESEN; KEINE_LISTE_NOETIG,ESS11-DE Fragebogen PDF S. 25; C29,Geburtsland der Mutter. Biografische nominale Angabe.,KEINE,Keine gemeinsame numerische Ordnung der genannten Kategorien.,Nichtantwort-/Routingcodes sind keine Skalenpole; zusätzliche gültige nominale Inhalte bleiben erhalten.
C30,UNKLAR,ORDINAL_01_05_MIT_NOMINALEM_55,AN ALLE,ORIGINAL_FRAGEBOGEN_TEXTLAYER_GELESEN; LISTENHEFT_TEXTLAYER_GELESEN,"ESS11-DE Fragebogen PDF S. 25,26; C30; Listenheft Liste 27 / PDF S. 28","Der Gegenstand ist eine physikalische Ursachenzuschreibung, wird aber als eigener Klimaglaube erfragt. Ob dies unter ausgeschlossene Wissensfragen oder unter Haltung zur gesellschaftlichen Klimadebatte fällt, bleibt inhaltlich unklar. 55 ist gültiger Inhalt, kein höherer Ursachenpol.",KEINE,Für 01–05 mehr Zuschreibung menschlicher Ursachen; 55 hat keinen Ort auf dieser Zahlordnung.,Nichtantwort-/Routingcodes sind keine Skalenpole; zusätzliche gültige nominale Inhalte bleiben erhalten.
C31,JA,ORDINAL_0_10,C30≠55 einschließlich 77/88; Q26,ORIGINAL_FRAGEBOGEN_TEXTLAYER_GELESEN; LISTENHEFT_TEXTLAYER_GELESEN,ESS11-DE Fragebogen PDF S. 26; C31; Listenheft Liste 28 / PDF S. 29,Persönliche Verantwortungsorientierung zu einer gesellschaftlichen Streitfrage; kein tatsächlicher Verhaltensbericht.,STEIGEND,"Stärker gefühlte persönliche Verantwortung, den Klimawandel zu reduzieren.",Nichtantwort-/Routingcodes sind keine Skalenpole; zusätzliche gültige nominale Inhalte bleiben erhalten.
C32,JA,ORDINAL_1_5,C30≠55 einschließlich 77/88; Q26,ORIGINAL_FRAGEBOGEN_TEXTLAYER_GELESEN; LISTENHEFT_TEXTLAYER_GELESEN,ESS11-DE Fragebogen PDF S. 26; C32; Listenheft Liste 29 / PDF S. 30,Affektive Bewertung einer gesellschaftlichen Streitfrage. Weniger Sorge ist keine Klimaleugnung.,STEIGEND,Stärkere Besorgnis über den Klimawandel.,Nichtantwort-/Routingcodes sind keine Skalenpole; zusätzliche gültige nominale Inhalte bleiben erhalten.
C33,NEIN,NOMINAL_VERWALTUNG,C30≠55; Q26–27,ORIGINAL_FRAGEBOGEN_TEXTLAYER_GELESEN; KEINE_LISTE_NOETIG,ESS11-DE Fragebogen PDF S. 27; C33,"Automatisch zugeteilte CAPI-Zufallsgruppe; Interviewverwaltung, keine Einstellung.",KEINE,Keine gemeinsame numerische Ordnung der genannten Kategorien.,Nichtantwort-/Routingcodes sind keine Skalenpole; zusätzliche gültige nominale Inhalte bleiben erhalten.
C34,UNKLAR,ORDINAL_WAHRSCHEINLICHKEIT_0_10,C30≠55 und C33=1; Q26–30,ORIGINAL_FRAGEBOGEN_TEXTLAYER_GELESEN; LISTENHEFT_TEXTLAYER_GELESEN,ESS11-DE Fragebogen PDF S. 27; C34; Listenheft Liste 30 / PDF S. 31,Einschätzung einer hypothetischen physikalischen Wirksamkeit. Die Formulierung kann eine politische Wirksamkeitsüberzeugung oder erwartetes Sachwissen abbilden; keine normative Priorität ist ausdrücklich erfragt. Parallelformulierungen über Zufallsgruppen sind keine neuen unabhängigen Gegenstände.,STEIGEND,"Höhere subjektive Wahrscheinlichkeit, dass kollektive Einschränkung des Energieverbrauchs den Klimawandel reduziert.",Nichtantwort-/Routingcodes sind keine Skalenpole; zusätzliche gültige nominale Inhalte bleiben erhalten.
C35,JA,ORDINAL_WAHRSCHEINLICHKEIT_0_10,C30≠55 und C33=1; Q26–30,ORIGINAL_FRAGEBOGEN_TEXTLAYER_GELESEN; LISTENHEFT_TEXTLAYER_GELESEN,ESS11-DE Fragebogen PDF S. 28; C35; Listenheft Liste 30 / PDF S. 31,Subjektive Erwartung gesellschaftlichen beziehungsweise staatlichen Klimahandelns. Keine objektive Wissenslösung und keine eigene Handlung werden erfragt; Vertrauen in kollektives Handeln ist hier eine Haltung zur Klimadebatte. Parallelformulierungen über Zufallsgruppen sind keine neuen unabhängigen Gegenstände.,STEIGEND,"Höhere subjektive Wahrscheinlichkeit, dass viele Menschen ihren Energieverbrauch tatsächlich einschränken.",Nichtantwort-/Routingcodes sind keine Skalenpole; zusätzliche gültige nominale Inhalte bleiben erhalten.
C36,JA,ORDINAL_WAHRSCHEINLICHKEIT_0_10,C30≠55 und C33=1; Q26–30,ORIGINAL_FRAGEBOGEN_TEXTLAYER_GELESEN; LISTENHEFT_TEXTLAYER_GELESEN,ESS11-DE Fragebogen PDF S. 28; C36; Listenheft Liste 30 / PDF S. 31,Subjektive Erwartung gesellschaftlichen beziehungsweise staatlichen Klimahandelns. Keine objektive Wissenslösung und keine eigene Handlung werden erfragt; Vertrauen in kollektives Handeln ist hier eine Haltung zur Klimadebatte. Parallelformulierungen über Zufallsgruppen sind keine neuen unabhängigen Gegenstände.,STEIGEND,"Höhere subjektive Wahrscheinlichkeit, dass genug Staaten Maßnahmen zur Verringerung des Klimawandels ergreifen.",Nichtantwort-/Routingcodes sind keine Skalenpole; zusätzliche gültige nominale Inhalte bleiben erhalten.
C37,UNKLAR,ORDINAL_WAHRSCHEINLICHKEIT_1_5,C30≠55 und C33=2; Q26–30,ORIGINAL_FRAGEBOGEN_TEXTLAYER_GELESEN; LISTENHEFT_TEXTLAYER_GELESEN,ESS11-DE Fragebogen PDF S. 29; C37; Listenheft Liste 31 / PDF S. 32,Einschätzung einer hypothetischen physikalischen Wirksamkeit. Die Formulierung kann eine politische Wirksamkeitsüberzeugung oder erwartetes Sachwissen abbilden; keine normative Priorität ist ausdrücklich erfragt. Parallelformulierungen über Zufallsgruppen sind keine neuen unabhängigen Gegenstände.,FALLEND,"Höhere subjektive Wahrscheinlichkeit, dass kollektive Einschränkung des Energieverbrauchs den Klimawandel reduziert.",Nichtantwort-/Routingcodes sind keine Skalenpole; zusätzliche gültige nominale Inhalte bleiben erhalten.
C38,JA,ORDINAL_WAHRSCHEINLICHKEIT_1_5,C30≠55 und C33=2; Q26–30,ORIGINAL_FRAGEBOGEN_TEXTLAYER_GELESEN; LISTENHEFT_TEXTLAYER_GELESEN,ESS11-DE Fragebogen PDF S. 29; C38; Listenheft Liste 31 / PDF S. 32,Subjektive Erwartung gesellschaftlichen beziehungsweise staatlichen Klimahandelns. Keine objektive Wissenslösung und keine eigene Handlung werden erfragt; Vertrauen in kollektives Handeln ist hier eine Haltung zur Klimadebatte. Parallelformulierungen über Zufallsgruppen sind keine neuen unabhängigen Gegenstände.,FALLEND,"Höhere subjektive Wahrscheinlichkeit, dass viele Menschen ihren Energieverbrauch tatsächlich einschränken.",Nichtantwort-/Routingcodes sind keine Skalenpole; zusätzliche gültige nominale Inhalte bleiben erhalten.
C39,JA,ORDINAL_WAHRSCHEINLICHKEIT_1_5,C30≠55 und C33=2; Q26–30,ORIGINAL_FRAGEBOGEN_TEXTLAYER_GELESEN; LISTENHEFT_TEXTLAYER_GELESEN,ESS11-DE Fragebogen PDF S. 29; C39; Listenheft Liste 31 / PDF S. 32,Subjektive Erwartung gesellschaftlichen beziehungsweise staatlichen Klimahandelns. Keine objektive Wissenslösung und keine eigene Handlung werden erfragt; Vertrauen in kollektives Handeln ist hier eine Haltung zur Klimadebatte. Parallelformulierungen über Zufallsgruppen sind keine neuen unabhängigen Gegenstände.,FALLEND,"Höhere subjektive Wahrscheinlichkeit, dass genug Staaten Maßnahmen zur Verringerung des Klimawandels ergreifen.",Nichtantwort-/Routingcodes sind keine Skalenpole; zusätzliche gültige nominale Inhalte bleiben erhalten.
C40,UNKLAR,ORDINAL_WAHRSCHEINLICHKEIT_0_4,C30≠55 und C33=3; Q26–30,ORIGINAL_FRAGEBOGEN_TEXTLAYER_GELESEN; LISTENHEFT_TEXTLAYER_GELESEN,ESS11-DE Fragebogen PDF S. 30; C40; Listenheft Liste 32 / PDF S. 33,Einschätzung einer hypothetischen physikalischen Wirksamkeit. Die Formulierung kann eine politische Wirksamkeitsüberzeugung oder erwartetes Sachwissen abbilden; keine normative Priorität ist ausdrücklich erfragt. Parallelformulierungen über Zufallsgruppen sind keine neuen unabhängigen Gegenstände.,STEIGEND,"Höhere subjektive Wahrscheinlichkeit, dass kollektive Einschränkung des Energieverbrauchs den Klimawandel reduziert.",Nichtantwort-/Routingcodes sind keine Skalenpole; zusätzliche gültige nominale Inhalte bleiben erhalten.
C41,JA,ORDINAL_WAHRSCHEINLICHKEIT_0_4,C30≠55 und C33=3; Q26–30,ORIGINAL_FRAGEBOGEN_TEXTLAYER_GELESEN; LISTENHEFT_TEXTLAYER_GELESEN,ESS11-DE Fragebogen PDF S. 30; C41; Listenheft Liste 32 / PDF S. 33,Subjektive Erwartung gesellschaftlichen beziehungsweise staatlichen Klimahandelns. Keine objektive Wissenslösung und keine eigene Handlung werden erfragt; Vertrauen in kollektives Handeln ist hier eine Haltung zur Klimadebatte. Parallelformulierungen über Zufallsgruppen sind keine neuen unabhängigen Gegenstände.,STEIGEND,"Höhere subjektive Wahrscheinlichkeit, dass viele Menschen ihren Energieverbrauch tatsächlich einschränken.",Nichtantwort-/Routingcodes sind keine Skalenpole; zusätzliche gültige nominale Inhalte bleiben erhalten.
C42,JA,ORDINAL_WAHRSCHEINLICHKEIT_0_4,C30≠55 und C33=3; Q26–30,ORIGINAL_FRAGEBOGEN_TEXTLAYER_GELESEN; LISTENHEFT_TEXTLAYER_GELESEN,"ESS11-DE Fragebogen PDF S. 2,30; C42; Listenheft Liste 32 / PDF S. 33",Subjektive Erwartung gesellschaftlichen beziehungsweise staatlichen Klimahandelns. Keine objektive Wissenslösung und keine eigene Handlung werden erfragt; Vertrauen in kollektives Handeln ist hier eine Haltung zur Klimadebatte. Parallelformulierungen über Zufallsgruppen sind keine neuen unabhängigen Gegenstände.,STEIGEND,"Höhere subjektive Wahrscheinlichkeit, dass genug Staaten Maßnahmen zur Verringerung des Klimawandels ergreifen.",Nichtantwort-/Routingcodes sind keine Skalenpole; zusätzliche gültige nominale Inhalte bleiben erhalten.
C43,NEIN,NOMINAL_WAHLABSICHT,AN ALLE; Q31,ORIGINAL_FRAGEBOGEN_TEXTLAYER_GELESEN; KEINE_LISTE_NOETIG,ESS11-DE Fragebogen PDF S. 31; C43,Eigene hypothetische Stimmabsicht im EU-Referendum; der ausdrückliche Wahlausschluss wird auch bei einem sachpolitischen Referendum angewandt. Die Mehrzahl der Zusatzcodes sind keine EU-Mitgliedschaftspole.,KEINE,Keine gemeinsame numerische Ordnung der genannten Kategorien.,Nichtantwort-/Routingcodes sind keine Skalenpole; zusätzliche gültige nominale Inhalte bleiben erhalten.
D1,NEIN,ORDINAL_0_10,AN ALLE,ORIGINAL_FRAGEBOGEN_TEXTLAYER_GELESEN; LISTENHEFT_TEXTLAYER_GELESEN,ESS11-DE Fragebogen PDF S. 32; D1; Listenheft Liste 33 / PDF S. 34,"Eigene Lebenslage und Kontrollwahrnehmung, keine gesellschaftliche Regelpräferenz.",STEIGEND,Mehr gefühlte Kontrolle über das eigene Leben.,Nichtantwort-/Routingcodes sind keine Skalenpole; zusätzliche gültige nominale Inhalte bleiben erhalten.
D2,NEIN,ORDINAL_HAEUFIGKEIT_01_07,AN ALLE,ORIGINAL_FRAGEBOGEN_TEXTLAYER_GELESEN; LISTENHEFT_TEXTLAYER_GELESEN,ESS11-DE Fragebogen PDF S. 32; D2; Listenheft Liste 34 / PDF S. 35,Eigene Ernährung ist Verhalten.,FALLEND,Häufigerer eigener Konsum von Obst.,Nichtantwort-/Routingcodes sind keine Skalenpole; zusätzliche gültige nominale Inhalte bleiben erhalten.
D3,NEIN,ORDINAL_HAEUFIGKEIT_01_07,AN ALLE,ORIGINAL_FRAGEBOGEN_TEXTLAYER_GELESEN; LISTENHEFT_TEXTLAYER_GELESEN,ESS11-DE Fragebogen PDF S. 33; D3; Listenheft Liste 34 / PDF S. 35,Eigene Ernährung ist Verhalten.,FALLEND,Häufigerer eigener Konsum von Gemüse/Salat.,Nichtantwort-/Routingcodes sind keine Skalenpole; zusätzliche gültige nominale Inhalte bleiben erhalten.
D4,NEIN,ANZAHL_TAGE_0_7,AN ALLE,ORIGINAL_FRAGEBOGEN_TEXTLAYER_GELESEN; KEINE_LISTE_NOETIG,ESS11-DE Fragebogen PDF S. 33; D4,Eigene Aktivität in sieben Tagen.,STEIGEND,Mehr Tage mit mindestens 30 Minuten körperlicher Aktivität.,Nichtantwort-/Routingcodes sind keine Skalenpole; zusätzliche gültige nominale Inhalte bleiben erhalten.
D5,NEIN,NOMINAL_VERHALTEN_MIT_TEILORDNUNG,AN ALLE,ORIGINAL_FRAGEBOGEN_TEXTLAYER_GELESEN; LISTENHEFT_TEXTLAYER_GELESEN,ESS11-DE Fragebogen PDF S. 33; D5; Listenheft Liste 35 / PDF S. 36,Eigene Raucherbiografie und aktuelle Intensität; frühere/nur wenige/nie Kategorien ergeben keine einzige allgemeine Mengenordnung.,KEINE,Keine gemeinsame numerische Ordnung der genannten Kategorien.,Nichtantwort-/Routingcodes sind keine Skalenpole; zusätzliche gültige nominale Inhalte bleiben erhalten.
D6,NEIN,ORDINAL_HAEUFIGKEIT_01_07,AN ALLE,ORIGINAL_FRAGEBOGEN_TEXTLAYER_GELESEN; LISTENHEFT_TEXTLAYER_GELESEN,ESS11-DE Fragebogen PDF S. 34; D6; Listenheft Liste 36 / PDF S. 37,Eigenes Verhalten.,FALLEND,Häufigerer eigener Alkoholkonsum in zwölf Monaten.,Nichtantwort-/Routingcodes sind keine Skalenpole; zusätzliche gültige nominale Inhalte bleiben erhalten.
D7,NEIN,MEHRERE_MENGEN_EINTRAEGE,D6=01–06/77/88; Q34–35,ORIGINAL_FRAGEBOGEN_TEXTLAYER_GELESEN; LISTENHEFT_TEXTLAYER_GELESEN,ESS11-DE Fragebogen PDF S. 34; D7; Listenheft Liste 37 / PDF S. 38,"Eigene Mengen je Getränketyp bei letzter Gelegenheit Montag bis Donnerstag; mehrere Zählwerte, keine einzige politische Skala.",KEINE,Keine gemeinsame numerische Ordnung der genannten Kategorien.,Nichtantwort-/Routingcodes sind keine Skalenpole; zusätzliche gültige nominale Inhalte bleiben erhalten.
D8,NEIN,MEHRERE_MENGEN_EINTRAEGE,D6=01–06/77/88; Q34–35,ORIGINAL_FRAGEBOGEN_TEXTLAYER_GELESEN; LISTENHEFT_TEXTLAYER_GELESEN,ESS11-DE Fragebogen PDF S. 35; D8; Listenheft Liste 37 / PDF S. 38,"Eigene Mengen je Getränketyp bei letzter Gelegenheit Freitag bis Sonntag; mehrere Zählwerte, keine einzige politische Skala.",KEINE,Keine gemeinsame numerische Ordnung der genannten Kategorien.,Nichtantwort-/Routingcodes sind keine Skalenpole; zusätzliche gültige nominale Inhalte bleiben erhalten.
D9,NEIN,NOMINAL_VERWALTUNG,D6 führt nicht direkt D11; Q34–35,ORIGINAL_FRAGEBOGEN_TEXTLAYER_GELESEN; KEINE_LISTE_NOETIG,ESS11-DE Fragebogen PDF S. 35; D9,Interviewercodierung des Geschlechts zur Auswahl der Alkoholfrage; Verwaltung und persönliche Merkmalsangabe.,KEINE,Keine gemeinsame numerische Ordnung der genannten Kategorien.,Nichtantwort-/Routingcodes sind keine Skalenpole; zusätzliche gültige nominale Inhalte bleiben erhalten.
D10a,NEIN,ORDINAL_HAEUFIGKEIT_1_5,D9=1; Listen 38/39; Q35–36,ORIGINAL_FRAGEBOGEN_TEXTLAYER_GELESEN; LISTENHEFT_TEXTLAYER_GELESEN,ESS11-DE Fragebogen PDF S. 35; D10a; Listenheft Liste 38 / PDF S. 39,Eigenes Verhalten. Die geschlechtsspezifischen Beispielsummen sind keine politischen Alternativen.,FALLEND,Häufigeres eigenes Trinken mindestens der gezeigten Alkoholmenge.,Nichtantwort-/Routingcodes sind keine Skalenpole; zusätzliche gültige nominale Inhalte bleiben erhalten.
D10b,NEIN,ORDINAL_HAEUFIGKEIT_1_5,D9=2; Listen 38/39; Q35–36,ORIGINAL_FRAGEBOGEN_TEXTLAYER_GELESEN; LISTENHEFT_TEXTLAYER_GELESEN,"ESS11-DE Fragebogen PDF S. 35,36; D10b; Listenheft Liste 39 / PDF S. 40",Eigenes Verhalten. Die geschlechtsspezifischen Beispielsummen sind keine politischen Alternativen.,FALLEND,Häufigeres eigenes Trinken mindestens der gezeigten Alkoholmenge.,Nichtantwort-/Routingcodes sind keine Skalenpole; zusätzliche gültige nominale Inhalte bleiben erhalten.
D11,NEIN,OFFENE_MENGE,AN ALLE,ORIGINAL_FRAGEBOGEN_TEXTLAYER_GELESEN; KEINE_LISTE_NOETIG,ESS11-DE Fragebogen PDF S. 36; D11,Eigenes körperliches Merkmal; keine Haltung.,STEIGEND,Größere eigene Körpergröße ohne Schuhe.,Nichtantwort-/Routingcodes sind keine Skalenpole; zusätzliche gültige nominale Inhalte bleiben erhalten.
D12,NEIN,OFFENE_MENGE,AN ALLE,ORIGINAL_FRAGEBOGEN_TEXTLAYER_GELESEN; KEINE_LISTE_NOETIG,ESS11-DE Fragebogen PDF S. 36; D12,Eigenes körperliches Merkmal; keine Haltung.,STEIGEND,Größere eigene Körpergewicht ohne Schuhe.,Nichtantwort-/Routingcodes sind keine Skalenpole; zusätzliche gültige nominale Inhalte bleiben erhalten.
D13,NEIN,NOMINAL_MEHRFACH,AN ALLE,ORIGINAL_FRAGEBOGEN_TEXTLAYER_GELESEN; LISTENHEFT_TEXTLAYER_GELESEN,ESS11-DE Fragebogen PDF S. 37; D13; Listenheft Liste 40 / PDF S. 41,Eigene Kommunikation mit Haus-/Fachärzten in zwölf Monaten; medizinisches Verhalten.,KEINE,Keine gemeinsame numerische Ordnung der genannten Kategorien.,Nichtantwort-/Routingcodes sind keine Skalenpole; zusätzliche gültige nominale Inhalte bleiben erhalten.
D14,NEIN,NOMINAL_EINFACH,AN ALLE,ORIGINAL_FRAGEBOGEN_TEXTLAYER_GELESEN; LISTENHEFT_TEXTLAYER_GELESEN,ESS11-DE Fragebogen PDF S. 37; D14; Listenheft Liste 41 / PDF S. 42,Eigene ausgebliebene medizinische Behandlung/Arzttermine in zwölf Monaten; persönliche Erfahrung.,KEINE,Keine gemeinsame numerische Ordnung der genannten Kategorien.,Nichtantwort-/Routingcodes sind keine Skalenpole; zusätzliche gültige nominale Inhalte bleiben erhalten.
D15,NEIN,NOMINAL_MEHRFACH,D14=1; Q37,ORIGINAL_FRAGEBOGEN_TEXTLAYER_GELESEN; LISTENHEFT_TEXTLAYER_GELESEN,ESS11-DE Fragebogen PDF S. 37; D15; Listenheft Liste 41 / PDF S. 42,Gründe eigener ausgebliebener Behandlung; persönliche Erfahrung.,KEINE,Keine gemeinsame numerische Ordnung der genannten Kategorien.,Nichtantwort-/Routingcodes sind keine Skalenpole; zusätzliche gültige nominale Inhalte bleiben erhalten.
D16,NEIN,NOMINAL_EINFACH,D14=2 oder 8; Q38,ORIGINAL_FRAGEBOGEN_TEXTLAYER_GELESEN; KEINE_LISTE_NOETIG,ESS11-DE Fragebogen PDF S. 38; D16,Grund für eigene fehlende Terminprobleme oder fehlenden medizinischen Bedarf.,KEINE,Keine gemeinsame numerische Ordnung der genannten Kategorien.,Nichtantwort-/Routingcodes sind keine Skalenpole; zusätzliche gültige nominale Inhalte bleiben erhalten.
D17,NEIN,NOMINAL_EINFACH,AN ALLE,ORIGINAL_FRAGEBOGEN_TEXTLAYER_GELESEN; LISTENHEFT_TEXTLAYER_GELESEN,"ESS11-DE Fragebogen PDF S. 37,38; D17; Listenheft Liste 42 / PDF S. 43",Eigene unentgeltliche Betreuung/Hilfe wegen längerfristiger Erkrankung/Behinderung oder Alter anderer Menschen; Verhalten.,KEINE,Keine gemeinsame numerische Ordnung der genannten Kategorien.,Nichtantwort-/Routingcodes sind keine Skalenpole; zusätzliche gültige nominale Inhalte bleiben erhalten.
D18,NEIN,ORDINAL_STUNDENKLASSEN_MIT_55,D17=1; Q38,ORIGINAL_FRAGEBOGEN_TEXTLAYER_GELESEN; LISTENHEFT_TEXTLAYER_GELESEN,ESS11-DE Fragebogen PDF S. 38; D18; Listenheft Liste 43 / PDF S. 44,"Eigene Betreuungszeit. Die Originalcodes 01–06 steigen, der gültige Sonderinhalt 55 durchbricht die Gesamtordnung.",KEINE,Mehr Betreuungsstunden nach Klasseninhalt; 55 weniger als eine Stunde liegt unter 01 und darf numerisch nicht als Maximum gelten.,Nichtantwort-/Routingcodes sind keine Skalenpole; zusätzliche gültige nominale Inhalte bleiben erhalten.
D19,NEIN,NOMINAL_MEHRFACH,AN ALLE,ORIGINAL_FRAGEBOGEN_TEXTLAYER_GELESEN; LISTENHEFT_TEXTLAYER_GELESEN,ESS11-DE Fragebogen PDF S. 39; D19; Listenheft Liste 44 / PDF S. 45,Eigene in Anspruch genommene medizinische Behandlungen in zwölf Monaten; Verhalten.,KEINE,Keine gemeinsame numerische Ordnung der genannten Kategorien.,Nichtantwort-/Routingcodes sind keine Skalenpole; zusätzliche gültige nominale Inhalte bleiben erhalten.
D20,NEIN,ORDINAL_HAEUFIGKEIT_1_4,AN ALLE; gemeinsame Einleitung Q39–40,ORIGINAL_FRAGEBOGEN_TEXTLAYER_GELESEN; LISTENHEFT_TEXTLAYER_GELESEN,ESS11-DE Fragebogen PDF S. 39; D20; Listenheft Liste 45 / PDF S. 46,"Gefühl oder Verhalten der eigenen vergangenen Woche; persönlicher Zustand, keine Wertpriorität.",STEIGEND,Häufigeres eigenes Erleben von Depression/Niedergeschlagenheit.,Nichtantwort-/Routingcodes sind keine Skalenpole; zusätzliche gültige nominale Inhalte bleiben erhalten.
D21,NEIN,ORDINAL_HAEUFIGKEIT_1_4,AN ALLE; gemeinsame Einleitung Q39–40,ORIGINAL_FRAGEBOGEN_TEXTLAYER_GELESEN; LISTENHEFT_TEXTLAYER_GELESEN,ESS11-DE Fragebogen PDF S. 39; D21; Listenheft Liste 45 / PDF S. 46,"Gefühl oder Verhalten der eigenen vergangenen Woche; persönlicher Zustand, keine Wertpriorität.",STEIGEND,Häufigeres eigenes Erleben von erlebter Anstrengung.,Nichtantwort-/Routingcodes sind keine Skalenpole; zusätzliche gültige nominale Inhalte bleiben erhalten.
D22,NEIN,ORDINAL_HAEUFIGKEIT_1_4,AN ALLE; gemeinsame Einleitung Q39–40,ORIGINAL_FRAGEBOGEN_TEXTLAYER_GELESEN; LISTENHEFT_TEXTLAYER_GELESEN,ESS11-DE Fragebogen PDF S. 39; D22; Listenheft Liste 45 / PDF S. 46,"Gefühl oder Verhalten der eigenen vergangenen Woche; persönlicher Zustand, keine Wertpriorität.",STEIGEND,Häufigeres eigenes Erleben von unruhigem Schlaf.,Nichtantwort-/Routingcodes sind keine Skalenpole; zusätzliche gültige nominale Inhalte bleiben erhalten.
D23,NEIN,ORDINAL_HAEUFIGKEIT_1_4,AN ALLE; gemeinsame Einleitung Q39–40,ORIGINAL_FRAGEBOGEN_TEXTLAYER_GELESEN; LISTENHEFT_TEXTLAYER_GELESEN,ESS11-DE Fragebogen PDF S. 40; D23; Listenheft Liste 45 / PDF S. 46,"Gefühl oder Verhalten der eigenen vergangenen Woche; persönlicher Zustand, keine Wertpriorität.",STEIGEND,Häufigeres eigenes Erleben von Glück.,Nichtantwort-/Routingcodes sind keine Skalenpole; zusätzliche gültige nominale Inhalte bleiben erhalten.
D24,NEIN,ORDINAL_HAEUFIGKEIT_1_4,AN ALLE; gemeinsame Einleitung Q39–40,ORIGINAL_FRAGEBOGEN_TEXTLAYER_GELESEN; LISTENHEFT_TEXTLAYER_GELESEN,ESS11-DE Fragebogen PDF S. 40; D24; Listenheft Liste 45 / PDF S. 46,"Gefühl oder Verhalten der eigenen vergangenen Woche; persönlicher Zustand, keine Wertpriorität.",STEIGEND,Häufigeres eigenes Erleben von Einsamkeit.,Nichtantwort-/Routingcodes sind keine Skalenpole; zusätzliche gültige nominale Inhalte bleiben erhalten.
D25,NEIN,ORDINAL_HAEUFIGKEIT_1_4,AN ALLE; gemeinsame Einleitung Q39–40,ORIGINAL_FRAGEBOGEN_TEXTLAYER_GELESEN; LISTENHEFT_TEXTLAYER_GELESEN,ESS11-DE Fragebogen PDF S. 40; D25; Listenheft Liste 45 / PDF S. 46,"Gefühl oder Verhalten der eigenen vergangenen Woche; persönlicher Zustand, keine Wertpriorität.",STEIGEND,Häufigeres eigenes Erleben von Genuss des Lebens.,Nichtantwort-/Routingcodes sind keine Skalenpole; zusätzliche gültige nominale Inhalte bleiben erhalten.
D26,NEIN,ORDINAL_HAEUFIGKEIT_1_4,AN ALLE; gemeinsame Einleitung Q39–40,ORIGINAL_FRAGEBOGEN_TEXTLAYER_GELESEN; LISTENHEFT_TEXTLAYER_GELESEN,ESS11-DE Fragebogen PDF S. 40; D26; Listenheft Liste 45 / PDF S. 46,"Gefühl oder Verhalten der eigenen vergangenen Woche; persönlicher Zustand, keine Wertpriorität.",STEIGEND,Häufigeres eigenes Erleben von Traurigkeit.,Nichtantwort-/Routingcodes sind keine Skalenpole; zusätzliche gültige nominale Inhalte bleiben erhalten.
D27,NEIN,ORDINAL_HAEUFIGKEIT_1_4,AN ALLE; gemeinsame Einleitung Q39–40,ORIGINAL_FRAGEBOGEN_TEXTLAYER_GELESEN; LISTENHEFT_TEXTLAYER_GELESEN,ESS11-DE Fragebogen PDF S. 40; D27; Listenheft Liste 45 / PDF S. 46,"Gefühl oder Verhalten der eigenen vergangenen Woche; persönlicher Zustand, keine Wertpriorität.",STEIGEND,Häufigeres eigenes Erleben von fehlendem Sich-Aufraffen.,Nichtantwort-/Routingcodes sind keine Skalenpole; zusätzliche gültige nominale Inhalte bleiben erhalten.
D28,NEIN,NOMINAL_MEHRFACH,AN ALLE,ORIGINAL_FRAGEBOGEN_TEXTLAYER_GELESEN; LISTENHEFT_TEXTLAYER_GELESEN,ESS11-DE Fragebogen PDF S. 40; D28; Listenheft Liste 46 / PDF S. 47,Eigene gesundheitliche Probleme in zwölf Monaten. Liste 46 benennt die nur mit Buchstaben erhobenen Erkrankungen.,KEINE,Keine gemeinsame numerische Ordnung der genannten Kategorien.,Nichtantwort-/Routingcodes sind keine Skalenpole; zusätzliche gültige nominale Inhalte bleiben erhalten.
D29,NEIN,NOMINAL_MEHRFACH,D28=01–11; Q41,ORIGINAL_FRAGEBOGEN_TEXTLAYER_GELESEN; LISTENHEFT_TEXTLAYER_GELESEN,ESS11-DE Fragebogen PDF S. 41; D29; Listenheft Liste 46 / PDF S. 47,Eigene Alltagseinschränkungen durch genannte gesundheitliche Probleme.,KEINE,Keine gemeinsame numerische Ordnung der genannten Kategorien.,Nichtantwort-/Routingcodes sind keine Skalenpole; zusätzliche gültige nominale Inhalte bleiben erhalten.
D30,NEIN,NOMINAL_GESUNDHEITSBIOGRAFIE,AN ALLE,ORIGINAL_FRAGEBOGEN_TEXTLAYER_GELESEN; LISTENHEFT_TEXTLAYER_GELESEN; Antwortlabels aus Original korrigiert:1 heute/2 früher; PDF-Bild geprüft,"ESS11-DE Fragebogen PDF S. 40,41; D30; Listenheft Liste 47 / PDF S. 48",Eigene aktuelle/frühere Krebserkrankung. Original Q41 ist 1=heute noch und 2=früher; die Extraktion verschiebt diese Labels.,KEINE,Keine gemeinsame numerische Ordnung der genannten Kategorien.,Nichtantwort-/Routingcodes sind keine Skalenpole; zusätzliche gültige nominale Inhalte bleiben erhalten.
D31,NEIN,ORDINAL_DAUER_1_3,D30=2; Q42,ORIGINAL_FRAGEBOGEN_TEXTLAYER_GELESEN; LISTENHEFT_TEXTLAYER_GELESEN,"ESS11-DE Fragebogen PDF S. 41,42; D31; Listenheft Liste 48 / PDF S. 49",Eigene medizinische Biografie.,STEIGEND,Längere eigene krebsfreie Zeit.,Nichtantwort-/Routingcodes sind keine Skalenpole; zusätzliche gültige nominale Inhalte bleiben erhalten.
D32,NEIN,ORDINAL_HAEUFIGKEIT_1_5,AN ALLE,ORIGINAL_FRAGEBOGEN_TEXTLAYER_GELESEN; LISTENHEFT_TEXTLAYER_GELESEN,"ESS11-DE Fragebogen PDF S. 41,42; D32; Listenheft Liste 49 / PDF S. 50",Eigene beziehungsweise familiäre Lebenserfahrung.,FALLEND,Häufigere ernsthafte häusliche Konflikte in Kindheit/Jugend.,Nichtantwort-/Routingcodes sind keine Skalenpole; zusätzliche gültige nominale Inhalte bleiben erhalten.
D33,NEIN,ORDINAL_HAEUFIGKEIT_1_5,AN ALLE,ORIGINAL_FRAGEBOGEN_TEXTLAYER_GELESEN; LISTENHEFT_TEXTLAYER_GELESEN,ESS11-DE Fragebogen PDF S. 42; D33; Listenheft Liste 49 / PDF S. 50,Eigene beziehungsweise familiäre Lebenserfahrung.,FALLEND,Häufigere ernsthafte familiäre finanzielle Schwierigkeiten in Kindheit/Jugend.,Nichtantwort-/Routingcodes sind keine Skalenpole; zusätzliche gültige nominale Inhalte bleiben erhalten.
E1,NEIN,NOMINAL_EINFACH,AN ALLE,ORIGINAL_FRAGEBOGEN_TEXTLAYER_GELESEN; LISTENHEFT_TEXTLAYER_GELESEN; Liste50 zusätzlicher Nichtantworttext ohne gedruckten Code; keine Codierung erfunden,ESS11-DE Fragebogen PDF S. 43; E1; Listenheft Liste 50 / PDF S. 51,"Eigene Geschlechtsbezeichnung; persönliche Identität. Liste 50 bietet zusätzlich Möchte nicht antworten, dessen Code auf Q43 nicht gedruckt ist.",KEINE,Keine gemeinsame numerische Ordnung der genannten Kategorien.,Nichtantwort-/Routingcodes sind keine Skalenpole; zusätzliche gültige nominale Inhalte bleiben erhalten.
E2,UNKLAR,ORDINAL_SELBSTBESCHREIBUNG_0_6,AN ALLE,ORIGINAL_FRAGEBOGEN_TEXTLAYER_GELESEN; LISTENHEFT_TEXTLAYER_GELESEN,ESS11-DE Fragebogen PDF S. 43; E2; Listenheft Liste 51 / PDF S. 52,Ein gern beschriebenes persönliches Verhalten kann Präferenz oder Persönlichkeitsdisposition sein. Eine Wertpriorität wird nicht ausdrücklich genannt; Grenze zu ausgeschlossener Verhaltensselbstbeschreibung bleibt unklar.,STEIGEND,Stärkeres eigenes Gern-Risiken einzugehen.,Nichtantwort-/Routingcodes sind keine Skalenpole; zusätzliche gültige nominale Inhalte bleiben erhalten.
E3,UNKLAR,ORDINAL_SELBSTBESCHREIBUNG_0_6,AN ALLE,ORIGINAL_FRAGEBOGEN_TEXTLAYER_GELESEN; LISTENHEFT_TEXTLAYER_GELESEN,ESS11-DE Fragebogen PDF S. 44; E3; Listenheft Liste 51 / PDF S. 52,Ein gern beschriebenes persönliches Verhalten kann Präferenz oder Persönlichkeitsdisposition sein. Eine Wertpriorität wird nicht ausdrücklich genannt; Grenze zu ausgeschlossener Verhaltensselbstbeschreibung bleibt unklar.,STEIGEND,Stärkeres eigenes Gern-die Führung zu übernehmen.,Nichtantwort-/Routingcodes sind keine Skalenpole; zusätzliche gültige nominale Inhalte bleiben erhalten.
E4,NEIN,ORDINAL_SELBSTBESCHREIBUNG_0_6,AN ALLE,ORIGINAL_FRAGEBOGEN_TEXTLAYER_GELESEN; LISTENHEFT_TEXTLAYER_GELESEN,ESS11-DE Fragebogen PDF S. 44; E4; Listenheft Liste 51 / PDF S. 52,Selbstbeschreibung von Aufmerksamkeit/Fähigkeit; keine Forderung über das Zusammenleben.,STEIGEND,Stärkeres berichtetes Wahrnehmen fremder Bedürfnisse.,Nichtantwort-/Routingcodes sind keine Skalenpole; zusätzliche gültige nominale Inhalte bleiben erhalten.
E5,NEIN,ORDINAL_SELBSTBESCHREIBUNG_0_6,AN ALLE,ORIGINAL_FRAGEBOGEN_TEXTLAYER_GELESEN; LISTENHEFT_TEXTLAYER_GELESEN,ESS11-DE Fragebogen PDF S. 45; E5; Listenheft Liste 51 / PDF S. 52,Selbstbericht über eigenes Handeln; eine Orientierung zur Wichtigkeit der Fürsorge wäre ein anderer Gegenstand.,STEIGEND,Stärkeres berichtetes mitfühlendes eigenes Handeln.,Nichtantwort-/Routingcodes sind keine Skalenpole; zusätzliche gültige nominale Inhalte bleiben erhalten.
E6,NEIN,ORDINAL_IDENTITAET_0_6,AN ALLE,ORIGINAL_FRAGEBOGEN_TEXTLAYER_GELESEN; LISTENHEFT_TEXTLAYER_GELESEN; Originalsicht-Seitenangabe46 berichtigt auf45,ESS11-DE Fragebogen PDF S. 45; E6; Listenheft Liste 52 / PDF S. 53,"Geschlechtliches Selbstgefühl, keine gesellschaftliche Norm oder Wertforderung. Die andere Geschlechtsidentität ist kein Gegenpol.",STEIGEND,"Stärkeres eigenes Gefühl, männlich zu sein.",Nichtantwort-/Routingcodes sind keine Skalenpole; zusätzliche gültige nominale Inhalte bleiben erhalten.
E7,NEIN,ORDINAL_IDENTITAET_0_6,AN ALLE,ORIGINAL_FRAGEBOGEN_TEXTLAYER_GELESEN; LISTENHEFT_TEXTLAYER_GELESEN,ESS11-DE Fragebogen PDF S. 46; E7; Listenheft Liste 53 / PDF S. 54,"Geschlechtliches Selbstgefühl, keine gesellschaftliche Norm oder Wertforderung. Die andere Geschlechtsidentität ist kein Gegenpol.",STEIGEND,"Stärkeres eigenes Gefühl, weiblich zu sein.",Nichtantwort-/Routingcodes sind keine Skalenpole; zusätzliche gültige nominale Inhalte bleiben erhalten.
E8M,UNKLAR,ORDINAL_IDENTITAETSSALIENZ_0_6,E1=1; Q46–47,ORIGINAL_FRAGEBOGEN_TEXTLAYER_GELESEN; LISTENHEFT_TEXTLAYER_GELESEN,ESS11-DE Fragebogen PDF S. 46; E8M; Listenheft Liste 54 / PDF S. 55,Wichtigkeit eines Identitätsmerkmals kann eigene Wertbindung oder bloße Identitätssalienz sein. Kein gesellschaftliches Gleichstellungsurteil wird erfragt.,STEIGEND,Größere Bedeutung des Mann-Seins für das eigene Selbstbild.,Nichtantwort-/Routingcodes sind keine Skalenpole; zusätzliche gültige nominale Inhalte bleiben erhalten.
E8W,UNKLAR,ORDINAL_IDENTITAETSSALIENZ_0_6,E1=2; Q46–47,ORIGINAL_FRAGEBOGEN_TEXTLAYER_GELESEN; LISTENHEFT_TEXTLAYER_GELESEN,ESS11-DE Fragebogen PDF S. 47; E8W; Listenheft Liste 54 / PDF S. 55,Wichtigkeit eines Identitätsmerkmals kann eigene Wertbindung oder bloße Identitätssalienz sein. Kein gesellschaftliches Gleichstellungsurteil wird erfragt.,STEIGEND,Größere Bedeutung des Frau-Seins für das eigene Selbstbild.,Nichtantwort-/Routingcodes sind keine Skalenpole; zusätzliche gültige nominale Inhalte bleiben erhalten.
E9M,NEIN,NOMINAL_ERFAHRUNG_MIT_KONTAKTFILTER,E1=1; Q47–48,ORIGINAL_FRAGEBOGEN_TEXTLAYER_GELESEN; LISTENHEFT_TEXTLAYER_GELESEN,ESS11-DE Fragebogen PDF S. 47; E9M; Listenheft Liste 55 / PDF S. 56,Eigene erlebte ungerechte Behandlung wegen Geschlecht bei medizinischer Behandlung. Nie Kontakt ist kein geordneter Erfahrungsbetrag.,KEINE,Keine gemeinsame numerische Ordnung der genannten Kategorien.,Nichtantwort-/Routingcodes sind keine Skalenpole; zusätzliche gültige nominale Inhalte bleiben erhalten.
E10M,NEIN,NOMINAL_ERFAHRUNG_MIT_KONTAKTFILTER,E1=1; Q47–48,ORIGINAL_FRAGEBOGEN_TEXTLAYER_GELESEN; LISTENHEFT_TEXTLAYER_GELESEN,ESS11-DE Fragebogen PDF S. 47; E10M; Listenheft Liste 56 / PDF S. 57,Eigene erlebte ungerechte Behandlung wegen Geschlecht bei Einstellung/Bezahlung/Beförderung. Nie Kontakt ist kein geordneter Erfahrungsbetrag.,KEINE,Keine gemeinsame numerische Ordnung der genannten Kategorien.,Nichtantwort-/Routingcodes sind keine Skalenpole; zusätzliche gültige nominale Inhalte bleiben erhalten.
E11M,NEIN,NOMINAL_ERFAHRUNG_MIT_KONTAKTFILTER,E1=1; Q47–48,ORIGINAL_FRAGEBOGEN_TEXTLAYER_GELESEN; LISTENHEFT_TEXTLAYER_GELESEN,ESS11-DE Fragebogen PDF S. 48; E11M; Listenheft Liste 57 / PDF S. 58,Eigene erlebte ungerechte Behandlung wegen Geschlecht bei Polizeikontakt. Nie Kontakt ist kein geordneter Erfahrungsbetrag.,KEINE,Keine gemeinsame numerische Ordnung der genannten Kategorien.,Nichtantwort-/Routingcodes sind keine Skalenpole; zusätzliche gültige nominale Inhalte bleiben erhalten.
E9W,NEIN,NOMINAL_ERFAHRUNG_MIT_KONTAKTFILTER,E1=2; Q47–48,ORIGINAL_FRAGEBOGEN_TEXTLAYER_GELESEN; LISTENHEFT_TEXTLAYER_GELESEN,ESS11-DE Fragebogen PDF S. 48; E9W; Listenheft Liste 55 / PDF S. 56,Eigene erlebte ungerechte Behandlung wegen Geschlecht bei medizinischer Behandlung. Nie Kontakt ist kein geordneter Erfahrungsbetrag.,KEINE,Keine gemeinsame numerische Ordnung der genannten Kategorien.,Nichtantwort-/Routingcodes sind keine Skalenpole; zusätzliche gültige nominale Inhalte bleiben erhalten.
E10W,NEIN,NOMINAL_ERFAHRUNG_MIT_KONTAKTFILTER,E1=2; Q47–48,ORIGINAL_FRAGEBOGEN_TEXTLAYER_GELESEN; LISTENHEFT_TEXTLAYER_GELESEN,ESS11-DE Fragebogen PDF S. 48; E10W; Listenheft Liste 56 / PDF S. 57,Eigene erlebte ungerechte Behandlung wegen Geschlecht bei Einstellung/Bezahlung/Beförderung. Nie Kontakt ist kein geordneter Erfahrungsbetrag.,KEINE,Keine gemeinsame numerische Ordnung der genannten Kategorien.,Nichtantwort-/Routingcodes sind keine Skalenpole; zusätzliche gültige nominale Inhalte bleiben erhalten.
E11W,NEIN,NOMINAL_ERFAHRUNG_MIT_KONTAKTFILTER,E1=2; Q47–48,ORIGINAL_FRAGEBOGEN_TEXTLAYER_GELESEN; LISTENHEFT_TEXTLAYER_GELESEN,ESS11-DE Fragebogen PDF S. 48; E11W; Listenheft Liste 57 / PDF S. 58,Eigene erlebte ungerechte Behandlung wegen Geschlecht bei Polizeikontakt. Nie Kontakt ist kein geordneter Erfahrungsbetrag.,KEINE,Keine gemeinsame numerische Ordnung der genannten Kategorien.,Nichtantwort-/Routingcodes sind keine Skalenpole; zusätzliche gültige nominale Inhalte bleiben erhalten.
E12,JA,NOMINAL_GESELLSCHAFTSBEWERTUNG,AN ALLE; gemeinsame Einleitung Q49,ORIGINAL_FRAGEBOGEN_TEXTLAYER_GELESEN; LISTENHEFT_TEXTLAYER_GELESEN; Originalseite49 als Bild geprüft,ESS11-DE Fragebogen PDF S. 49; E12; Listenheft Liste 58 / PDF S. 59,"Allgemeine Wahrnehmung geschlechtsbezogener Gerechtigkeit beim Zugang zu medizinischer Behandlung. Gesellschaftliche Bewertung, kein Wissenstest und keine eigene Erfahrung. Frauen benachteiligt, Männer benachteiligt, gleiche Behandlung haben keine Originalzahlordnung.",KEINE,Keine gemeinsame numerische Ordnung der genannten Kategorien.,Nichtantwort-/Routingcodes sind keine Skalenpole; zusätzliche gültige nominale Inhalte bleiben erhalten.
E13,JA,NOMINAL_GESELLSCHAFTSBEWERTUNG,AN ALLE; gemeinsame Einleitung Q49,ORIGINAL_FRAGEBOGEN_TEXTLAYER_GELESEN; LISTENHEFT_TEXTLAYER_GELESEN; Originalseite49 als Bild geprüft,ESS11-DE Fragebogen PDF S. 49; E13; Listenheft Liste 58 / PDF S. 59,"Allgemeine Wahrnehmung geschlechtsbezogener Gerechtigkeit beim Einstellung, Bezahlung oder Beförderung. Gesellschaftliche Bewertung, kein Wissenstest und keine eigene Erfahrung. Frauen benachteiligt, Männer benachteiligt, gleiche Behandlung haben keine Originalzahlordnung.",KEINE,Keine gemeinsame numerische Ordnung der genannten Kategorien.,Nichtantwort-/Routingcodes sind keine Skalenpole; zusätzliche gültige nominale Inhalte bleiben erhalten.
E14,JA,NOMINAL_GESELLSCHAFTSBEWERTUNG,AN ALLE; gemeinsame Einleitung Q49,ORIGINAL_FRAGEBOGEN_TEXTLAYER_GELESEN; LISTENHEFT_TEXTLAYER_GELESEN; Originalseite49 als Bild geprüft,ESS11-DE Fragebogen PDF S. 49; E14; Listenheft Liste 59 / PDF S. 60,"Allgemeine Wahrnehmung geschlechtsbezogener Gerechtigkeit beim Behandlung durch die Polizei. Gesellschaftliche Bewertung, kein Wissenstest und keine eigene Erfahrung. Frauen benachteiligt, Männer benachteiligt, gleiche Behandlung haben keine Originalzahlordnung.",KEINE,Keine gemeinsame numerische Ordnung der genannten Kategorien.,Nichtantwort-/Routingcodes sind keine Skalenpole; zusätzliche gültige nominale Inhalte bleiben erhalten.
E15,JA,ORDINAL_BEWERTUNG_0_6,AN ALLE,ORIGINAL_FRAGEBOGEN_TEXTLAYER_GELESEN; LISTENHEFT_TEXTLAYER_GELESEN,ESS11-DE Fragebogen PDF S. 50; E15; Listenheft Liste 60 / PDF S. 61,Gesellschaftliche Bewertung einer Gleichstellungsfrage. Wahrgenommene Folgen werden nicht automatisch zu Wissen erklärt.,STEIGEND,Positivere Bewertung der Folgen für Familienleben durch gleich viele erwerbstätige Frauen und Männer.,Nichtantwort-/Routingcodes sind keine Skalenpole; zusätzliche gültige nominale Inhalte bleiben erhalten.
E16,JA,ORDINAL_BEWERTUNG_0_6,AN ALLE,ORIGINAL_FRAGEBOGEN_TEXTLAYER_GELESEN; LISTENHEFT_TEXTLAYER_GELESEN,ESS11-DE Fragebogen PDF S. 50; E16; Listenheft Liste 61 / PDF S. 62,Gesellschaftliche Bewertung einer Gleichstellungsfrage. Wahrgenommene Folgen werden nicht automatisch zu Wissen erklärt.,STEIGEND,Positivere Bewertung der Folgen für Politik durch gleich viele Frauen und Männer in politischer Führung.,Nichtantwort-/Routingcodes sind keine Skalenpole; zusätzliche gültige nominale Inhalte bleiben erhalten.
E17,JA,ORDINAL_BEWERTUNG_0_6,AN ALLE,ORIGINAL_FRAGEBOGEN_TEXTLAYER_GELESEN; LISTENHEFT_TEXTLAYER_GELESEN,ESS11-DE Fragebogen PDF S. 51; E17; Listenheft Liste 62 / PDF S. 63,Gesellschaftliche Bewertung einer Gleichstellungsfrage. Wahrgenommene Folgen werden nicht automatisch zu Wissen erklärt.,STEIGEND,Positivere Bewertung der Folgen für Unternehmen durch gleich viele Frauen und Männer in höherer Führung.,Nichtantwort-/Routingcodes sind keine Skalenpole; zusätzliche gültige nominale Inhalte bleiben erhalten.
E18,JA,ORDINAL_BEWERTUNG_0_6,AN ALLE,ORIGINAL_FRAGEBOGEN_TEXTLAYER_GELESEN; LISTENHEFT_TEXTLAYER_GELESEN,ESS11-DE Fragebogen PDF S. 51; E18; Listenheft Liste 63 / PDF S. 64,Gesellschaftliche Bewertung einer Gleichstellungsfrage. Wahrgenommene Folgen werden nicht automatisch zu Wissen erklärt.,STEIGEND,Positivere Bewertung der Folgen für Wirtschaftsstärke durch gleiche Bezahlung gleicher Arbeit für Frauen und Männer.,Nichtantwort-/Routingcodes sind keine Skalenpole; zusätzliche gültige nominale Inhalte bleiben erhalten.
E19,JA,ORDINAL_DAFUER_DAGEGEN_1_5,AN ALLE,ORIGINAL_FRAGEBOGEN_TEXTLAYER_GELESEN; LISTENHEFT_TEXTLAYER_GELESEN,ESS11-DE Fragebogen PDF S. 51; E19; Listenheft Liste 64 / PDF S. 65,Konkrete normative gesellschaftliche/politische Maßnahme. Keine Bewertung amtierender Regierung oder Partei.,FALLEND,Mehr Befürwortung von ein Gesetz für gleiche Verteilung der Bundestagssitze auf Frauen und Männer.,Nichtantwort-/Routingcodes sind keine Skalenpole; zusätzliche gültige nominale Inhalte bleiben erhalten.
E20,JA,ORDINAL_DAFUER_DAGEGEN_1_5,"AN ALLE; E20 enthält Vignette beide Vollzeit, ungefähr gleicher Verdienst, neugeborenes Kind",ORIGINAL_FRAGEBOGEN_TEXTLAYER_GELESEN; LISTENHEFT_TEXTLAYER_GELESEN,ESS11-DE Fragebogen PDF S. 52; E20; Listenheft Liste 64 / PDF S. 65,Konkrete normative gesellschaftliche/politische Maßnahme. Keine Bewertung amtierender Regierung oder Partei.,FALLEND,Mehr Befürwortung von ein Gesetz für gleich lange bezahlte Elternzeit beider Elternteile.,Nichtantwort-/Routingcodes sind keine Skalenpole; zusätzliche gültige nominale Inhalte bleiben erhalten.
E21,JA,ORDINAL_DAFUER_DAGEGEN_1_5,AN ALLE,ORIGINAL_FRAGEBOGEN_TEXTLAYER_GELESEN; LISTENHEFT_TEXTLAYER_GELESEN,ESS11-DE Fragebogen PDF S. 52; E21; Listenheft Liste 64 / PDF S. 65,Konkrete normative gesellschaftliche/politische Maßnahme. Keine Bewertung amtierender Regierung oder Partei.,FALLEND,Mehr Befürwortung von die Kündigung wegen beleidigender Bemerkungen gegenüber Frauen am Arbeitsplatz.,Nichtantwort-/Routingcodes sind keine Skalenpole; zusätzliche gültige nominale Inhalte bleiben erhalten.
E22,JA,ORDINAL_DAFUER_DAGEGEN_1_5,AN ALLE,ORIGINAL_FRAGEBOGEN_TEXTLAYER_GELESEN; LISTENHEFT_TEXTLAYER_GELESEN,ESS11-DE Fragebogen PDF S. 52; E22; Listenheft Liste 64 / PDF S. 65,Konkrete normative gesellschaftliche/politische Maßnahme. Keine Bewertung amtierender Regierung oder Partei.,FALLEND,Mehr Befürwortung von Geldstrafen gegen Unternehmen bei besserer Männerbezahlung für gleiche Arbeit.,Nichtantwort-/Routingcodes sind keine Skalenpole; zusätzliche gültige nominale Inhalte bleiben erhalten.
E23,JA,ORDINAL_WAHRGENOMMENE_HAEUFIGKEIT_1_5,AN ALLE,ORIGINAL_FRAGEBOGEN_TEXTLAYER_GELESEN; LISTENHEFT_TEXTLAYER_GELESEN,ESS11-DE Fragebogen PDF S. 53; E23; Listenheft Liste 65 / PDF S. 66,Allgemeine gesellschaftliche Wahrnehmung beziehungsweise Geschlechterstereotyp; weder eigene Erfahrung noch ein mit Lösung bewerteter Wissenstest. Der beschriebene Inhalt muss erhalten bleiben.,STEIGEND,Häufigere Zuschreibung von Machterlangung von Frauen durch Manipulation von Männern.,Nichtantwort-/Routingcodes sind keine Skalenpole; zusätzliche gültige nominale Inhalte bleiben erhalten.
E24,JA,ORDINAL_WAHRGENOMMENE_HAEUFIGKEIT_1_5,AN ALLE,ORIGINAL_FRAGEBOGEN_TEXTLAYER_GELESEN; LISTENHEFT_TEXTLAYER_GELESEN,ESS11-DE Fragebogen PDF S. 53; E24; Listenheft Liste 65 / PDF S. 66,Allgemeine gesellschaftliche Wahrnehmung beziehungsweise Geschlechterstereotyp; weder eigene Erfahrung noch ein mit Lösung bewerteter Wissenstest. Der beschriebene Inhalt muss erhalten bleiben.,STEIGEND,Häufigere Zuschreibung von schnellem Beleidigtsein von Frauen.,Nichtantwort-/Routingcodes sind keine Skalenpole; zusätzliche gültige nominale Inhalte bleiben erhalten.
E25,JA,ORDINAL_WAHRGENOMMENE_HAEUFIGKEIT_1_5,AN ALLE,ORIGINAL_FRAGEBOGEN_TEXTLAYER_GELESEN; LISTENHEFT_TEXTLAYER_GELESEN,ESS11-DE Fragebogen PDF S. 53; E25; Listenheft Liste 65 / PDF S. 66,Allgemeine gesellschaftliche Wahrnehmung beziehungsweise Geschlechterstereotyp; weder eigene Erfahrung noch ein mit Lösung bewerteter Wissenstest. Der beschriebene Inhalt muss erhalten bleiben.,STEIGEND,Häufigere Zuschreibung von schlechterer Frauenbezahlung für gleiche Arbeit in Deutschland.,Nichtantwort-/Routingcodes sind keine Skalenpole; zusätzliche gültige nominale Inhalte bleiben erhalten.
E26,JA,ORDINAL_WAHRGENOMMENE_HAEUFIGKEIT_1_5,AN ALLE; Liste 66 enthält Definition sexueller Belästigung,ORIGINAL_FRAGEBOGEN_TEXTLAYER_GELESEN; LISTENHEFT_TEXTLAYER_GELESEN,ESS11-DE Fragebogen PDF S. 54; E26; Listenheft Liste 66 / PDF S. 67,Allgemeine gesellschaftliche Wahrnehmung beziehungsweise Geschlechterstereotyp; weder eigene Erfahrung noch ein mit Lösung bewerteter Wissenstest. Der beschriebene Inhalt muss erhalten bleiben.,STEIGEND,Häufigere Zuschreibung von Übertreibung von Beschwerden über sexuelle Belästigung am Arbeitsplatz durch Frauen.,Nichtantwort-/Routingcodes sind keine Skalenpole; zusätzliche gültige nominale Inhalte bleiben erhalten.
E27,JA,ORDINAL_ZUSTIMMUNG_1_5,AN ALLE,ORIGINAL_FRAGEBOGEN_TEXTLAYER_GELESEN; LISTENHEFT_TEXTLAYER_GELESEN,ESS11-DE Fragebogen PDF S. 54; E27; Listenheft Liste 67 / PDF S. 68,Normative Aussage über Geschlechterrollen; der Schutzsatz ist kein allgemeiner Gleichstellungsgegenpol.,FALLEND,"Mehr Zustimmung, dass Frauen von Männern beschützt werden sollen.",Nichtantwort-/Routingcodes sind keine Skalenpole; zusätzliche gültige nominale Inhalte bleiben erhalten.
E28,JA,ORDINAL_ZUSTIMMUNG_1_5,AN ALLE,ORIGINAL_FRAGEBOGEN_TEXTLAYER_GELESEN; LISTENHEFT_TEXTLAYER_GELESEN,ESS11-DE Fragebogen PDF S. 54; E28; Listenheft Liste 67 / PDF S. 68,Allgemeines gesellschaftliches Geschlechterstereotyp. Keine Wissensprüfung und keine konkrete eigene Erfahrung.,FALLEND,Mehr Zustimmung zu einem besseren Richtig/Falsch-Gespür von Frauen im Vergleich zu Männern.,Nichtantwort-/Routingcodes sind keine Skalenpole; zusätzliche gültige nominale Inhalte bleiben erhalten.
F1,NEIN,OFFENE_ANZAHL_ODER_JAHR,AN ALLE; Haushaltstabelle Q55–57,ORIGINAL_FRAGEBOGEN_TEXTLAYER_GELESEN; KEINE_LISTE_NOETIG,ESS11-DE Fragebogen PDF S. 55; F1,Haushaltsgröße. Persönliche beziehungsweise familiäre Lebensumstände; keine politische Haltung.,STEIGEND,Mehr dauerhaft im Haushalt lebende Personen.,Nichtantwort-/Routingcodes sind keine Skalenpole; zusätzliche gültige nominale Inhalte bleiben erhalten.
F2,NEIN,NOMINAL_HAUSHALTSRASTER,Haushaltsraster; Q55–57,ORIGINAL_FRAGEBOGEN_TEXTLAYER_GELESEN; KEINE_LISTE_NOETIG,"ESS11-DE Fragebogen PDF S. 55,56; F2",Geschlecht des Befragten eintragen. Persönliche/familiäre Merkmale und Rasterverwaltung. Die Extraktionsidentität ist kein unabhängiges politisches Konstrukt.,KEINE,Keine gemeinsame numerische Ordnung der genannten Kategorien.,Nichtantwort-/Routingcodes sind keine Skalenpole; zusätzliche gültige nominale Inhalte bleiben erhalten.
F3,NEIN,OFFENE_ANZAHL_ODER_JAHR,AN ALLE; Haushaltstabelle Q55–57,ORIGINAL_FRAGEBOGEN_TEXTLAYER_GELESEN; KEINE_LISTE_NOETIG,"ESS11-DE Fragebogen PDF S. 55,56; F3",Eigenes Geburtsjahr. Persönliche beziehungsweise familiäre Lebensumstände; keine politische Haltung.,STEIGEND,Späteres eigenes Geburtsjahr.,Nichtantwort-/Routingcodes sind keine Skalenpole; zusätzliche gültige nominale Inhalte bleiben erhalten.
F2@56.2,NEIN,NOMINAL_HAUSHALTSRASTER,Haushaltsraster; Q55–57,ORIGINAL_FRAGEBOGEN_TEXTLAYER_GELESEN; KEINE_LISTE_NOETIG; wiederholte Extraktionsidentität des Haushaltsrasters,ESS11-DE Fragebogen PDF S. 56; F2,Geschlechtszeile im ersten Haushaltsraster. Persönliche/familiäre Merkmale und Rasterverwaltung. Die Extraktionsidentität ist kein unabhängiges politisches Konstrukt.,KEINE,Keine gemeinsame numerische Ordnung der genannten Kategorien.,Nichtantwort-/Routingcodes sind keine Skalenpole; zusätzliche gültige nominale Inhalte bleiben erhalten.
F3@56.2,NEIN,OFFENE_ANZAHL_ODER_JAHR,AN ALLE; Haushaltstabelle Q55–57,ORIGINAL_FRAGEBOGEN_TEXTLAYER_GELESEN; KEINE_LISTE_NOETIG; wiederholte Extraktionsidentität des Haushaltsrasters,ESS11-DE Fragebogen PDF S. 56; F3,Erneute Tabellenzeile zum Geburtsjahr. Persönliche beziehungsweise familiäre Lebensumstände; keine politische Haltung.,STEIGEND,Späteres Geburtsjahr im Haushaltsraster.,Nichtantwort-/Routingcodes sind keine Skalenpole; zusätzliche gültige nominale Inhalte bleiben erhalten.
F4,NEIN,NOMINAL_HAUSHALTSRASTER,Haushaltsraster; Q55–57,ORIGINAL_FRAGEBOGEN_TEXTLAYER_GELESEN; KEINE_LISTE_NOETIG,"ESS11-DE Fragebogen PDF S. 56,57; F4",Beziehung der Haushaltsmitglieder zum Befragten im ersten Raster. Persönliche/familiäre Merkmale und Rasterverwaltung. Die Extraktionsidentität ist kein unabhängiges politisches Konstrukt.,KEINE,Keine gemeinsame numerische Ordnung der genannten Kategorien.,Nichtantwort-/Routingcodes sind keine Skalenpole; zusätzliche gültige nominale Inhalte bleiben erhalten.
F2@56.3,NEIN,NOMINAL_HAUSHALTSRASTER,Haushaltsraster; Q55–57,ORIGINAL_FRAGEBOGEN_TEXTLAYER_GELESEN; KEINE_LISTE_NOETIG; wiederholte Extraktionsidentität des Haushaltsrasters,ESS11-DE Fragebogen PDF S. 56; F2,Erneute Geschlechtszeile im fortgesetzten Haushaltsraster. Persönliche/familiäre Merkmale und Rasterverwaltung. Die Extraktionsidentität ist kein unabhängiges politisches Konstrukt.,KEINE,Keine gemeinsame numerische Ordnung der genannten Kategorien.,Nichtantwort-/Routingcodes sind keine Skalenpole; zusätzliche gültige nominale Inhalte bleiben erhalten.
F3@56.3,NEIN,OFFENE_ANZAHL_ODER_JAHR,AN ALLE; Haushaltstabelle Q55–57,ORIGINAL_FRAGEBOGEN_TEXTLAYER_GELESEN; KEINE_LISTE_NOETIG; wiederholte Extraktionsidentität des Haushaltsrasters,ESS11-DE Fragebogen PDF S. 56; F3,Weitere Tabellenzeile zum Geburtsjahr. Persönliche beziehungsweise familiäre Lebensumstände; keine politische Haltung.,STEIGEND,Späteres Geburtsjahr im fortgesetzten Haushaltsraster.,Nichtantwort-/Routingcodes sind keine Skalenpole; zusätzliche gültige nominale Inhalte bleiben erhalten.
F4@57.2,NEIN,NOMINAL_HAUSHALTSRASTER,Haushaltsraster; Q55–57,ORIGINAL_FRAGEBOGEN_TEXTLAYER_GELESEN; KEINE_LISTE_NOETIG; wiederholte Extraktionsidentität des Haushaltsrasters,"ESS11-DE Fragebogen PDF S. 57,58; F4",Fortgesetzte Beziehungstabelle des Haushaltsrasters. Persönliche/familiäre Merkmale und Rasterverwaltung. Die Extraktionsidentität ist kein unabhängiges politisches Konstrukt.,KEINE,Keine gemeinsame numerische Ordnung der genannten Kategorien.,Nichtantwort-/Routingcodes sind keine Skalenpole; zusätzliche gültige nominale Inhalte bleiben erhalten.
F6,NEIN,NOMINAL_EINFACH,F4=01; Q58,ORIGINAL_FRAGEBOGEN_TEXTLAYER_GELESEN; LISTENHEFT_TEXTLAYER_GELESEN,ESS11-DE Fragebogen PDF S. 58; F6; Listenheft Liste 69 / PDF S. 70,Rechtlich/partnerschaftlicher Status der aktuellen Paarbeziehung. Persönliche Lebensumstände beziehungsweise Biografie.,KEINE,Keine gemeinsame numerische Ordnung der genannten Kategorien.,Nichtantwort-/Routingcodes sind keine Skalenpole; zusätzliche gültige nominale Inhalte bleiben erhalten.
F7,NEIN,NOMINAL_EINFACH,F4≠01 oder F6=01/02/06/77/88; Q58,ORIGINAL_FRAGEBOGEN_TEXTLAYER_GELESEN; KEINE_LISTE_NOETIG,ESS11-DE Fragebogen PDF S. 58; F7,Früheres unverheiratetes Zusammenleben. Persönliche Lebensumstände beziehungsweise Biografie.,KEINE,Keine gemeinsame numerische Ordnung der genannten Kategorien.,Nichtantwort-/Routingcodes sind keine Skalenpole; zusätzliche gültige nominale Inhalte bleiben erhalten.
F8,NEIN,NOMINAL_EINFACH,AN ALLE; Q58,ORIGINAL_FRAGEBOGEN_TEXTLAYER_GELESEN; KEINE_LISTE_NOETIG,ESS11-DE Fragebogen PDF S. 58; F8,Eigene Scheidung beziehungsweise aufgehobene eingetragene Partnerschaft. Persönliche Lebensumstände beziehungsweise Biografie.,KEINE,Keine gemeinsame numerische Ordnung der genannten Kategorien.,Nichtantwort-/Routingcodes sind keine Skalenpole; zusätzliche gültige nominale Inhalte bleiben erhalten.
F11,NEIN,NOMINAL_EINFACH,F4≠01 oder F6=03; Q59,ORIGINAL_FRAGEBOGEN_TEXTLAYER_GELESEN; LISTENHEFT_TEXTLAYER_GELESEN,ESS11-DE Fragebogen PDF S. 59; F11; Listenheft Liste 70 / PDF S. 71,Gegenwärtiger rechtlicher Familienstand. Persönliche Lebensumstände beziehungsweise Biografie.,KEINE,Keine gemeinsame numerische Ordnung der genannten Kategorien.,Nichtantwort-/Routingcodes sind keine Skalenpole; zusätzliche gültige nominale Inhalte bleiben erhalten.
F13,NEIN,NOMINAL_EINFACH,F4≠02; Q59,ORIGINAL_FRAGEBOGEN_TEXTLAYER_GELESEN; KEINE_LISTE_NOETIG,ESS11-DE Fragebogen PDF S. 59; F13,Früheres Zusammenleben mit Kindern. Persönliche Lebensumstände beziehungsweise Biografie.,KEINE,Keine gemeinsame numerische Ordnung der genannten Kategorien.,Nichtantwort-/Routingcodes sind keine Skalenpole; zusätzliche gültige nominale Inhalte bleiben erhalten.
F14,NEIN,NOMINAL_EINFACH,AN ALLE,ORIGINAL_FRAGEBOGEN_TEXTLAYER_GELESEN; LISTENHEFT_TEXTLAYER_GELESEN,ESS11-DE Fragebogen PDF S. 60; F14; Listenheft Liste 71 / PDF S. 72,Eigene Wohngebietskategorie. Persönliche Lebensumstände beziehungsweise Biografie.,KEINE,Keine gemeinsame numerische Ordnung der genannten Kategorien.,Nichtantwort-/Routingcodes sind keine Skalenpole; zusätzliche gültige nominale Inhalte bleiben erhalten.
F14a,NEIN,NOMINAL_MEHRFACH,AN ALLE; häufigster Aufenthaltsort; Q60,ORIGINAL_FRAGEBOGEN_TEXTLAYER_GELESEN; LISTENHEFT_TEXTLAYER_GELESEN,ESS11-DE Fragebogen PDF S. 60; F14a; Listenheft Liste 72 / PDF S. 73,Probleme der eigenen Wohnung/des eigenen Hauses. Persönliche Lebensumstände beziehungsweise Biografie.,KEINE,Keine gemeinsame numerische Ordnung der genannten Kategorien.,Nichtantwort-/Routingcodes sind keine Skalenpole; zusätzliche gültige nominale Inhalte bleiben erhalten.
F15,NEIN,ORDINAL_SCHULABSCHLUSS_00_05,AN ALLE,ORIGINAL_FRAGEBOGEN_TEXTLAYER_GELESEN; LISTENHEFT_TEXTLAYER_GELESEN,ESS11-DE Fragebogen PDF S. 61; F15; Listenheft Liste 73 / PDF S. 74,"Formaler Bildungsstand ist persönliche/familiäre Lebenslage. Zahlenordnung benennt Abschlussniveau, keine politische Richtung.",STEIGEND,Höherer allgemeinbildender Schulabschluss eigener.,Nichtantwort-/Routingcodes sind keine Skalenpole; zusätzliche gültige nominale Inhalte bleiben erhalten.
F15a,NEIN,NOMINAL_ABSCHLUSSWEGE_MIT_TEILORDNUNG,AN ALLE,ORIGINAL_FRAGEBOGEN_TEXTLAYER_GELESEN; LISTENHEFT_TEXTLAYER_GELESEN; Listenheft enthält mehrere Textlayer; keine unsichtbaren alten Kategorien übernommen,ESS11-DE Fragebogen PDF S. 61; F15a; Listenheft Liste 73a / PDF S. 75,Berufs-/Hochschulabschluss eigener. Persönlicher/familiärer Bildungsstand. Berufsfelder und Abschlusswege bilden keine uneingeschränkt steigende Originalzahlskala.,KEINE,Keine gemeinsame numerische Ordnung der genannten Kategorien.,Nichtantwort-/Routingcodes sind keine Skalenpole; zusätzliche gültige nominale Inhalte bleiben erhalten.
F16,NEIN,OFFENE_JAHRESANZAHL,AN ALLE,ORIGINAL_FRAGEBOGEN_TEXTLAYER_GELESEN; KEINE_LISTE_NOETIG,ESS11-DE Fragebogen PDF S. 63; F16,Eigene Bildungsbiografie.,STEIGEND,Mehr berichtete Bildungsjahre in Vollzeitäquivalenten.,Nichtantwort-/Routingcodes sind keine Skalenpole; zusätzliche gültige nominale Inhalte bleiben erhalten.
F17a,NEIN,NOMINAL_MEHRFACH,AN ALLE,ORIGINAL_FRAGEBOGEN_TEXTLAYER_GELESEN; LISTENHEFT_TEXTLAYER_GELESEN,ESS11-DE Fragebogen PDF S. 63; F17a; Listenheft Liste 74 / PDF S. 76,Eigene Tätigkeits-/Erwerbssituation in sieben Tagen. Eigene Lebenslage oder Verhalten.,KEINE,Keine gemeinsame numerische Ordnung der genannten Kategorien.,Nichtantwort-/Routingcodes sind keine Skalenpole; zusätzliche gültige nominale Inhalte bleiben erhalten.
F17c,NEIN,NOMINAL_EINFACH,mehrere Nennungen F17a; Q64,ORIGINAL_FRAGEBOGEN_TEXTLAYER_GELESEN; LISTENHEFT_TEXTLAYER_GELESEN,ESS11-DE Fragebogen PDF S. 64; F17c; Listenheft Liste 74 / PDF S. 76,Beste eigene Tätigkeits-/Erwerbsbeschreibung in sieben Tagen. Eigene Lebenslage oder Verhalten.,KEINE,Keine gemeinsame numerische Ordnung der genannten Kategorien.,Nichtantwort-/Routingcodes sind keine Skalenpole; zusätzliche gültige nominale Inhalte bleiben erhalten.
F18,NEIN,NOMINAL_EINFACH,F17a≠01; Q64,ORIGINAL_FRAGEBOGEN_TEXTLAYER_GELESEN; KEINE_LISTE_NOETIG,ESS11-DE Fragebogen PDF S. 64; F18,Eigene bezahlte Tätigkeit von mindestens einer Stunde in sieben Tagen. Eigene Lebenslage oder Verhalten.,KEINE,Keine gemeinsame numerische Ordnung der genannten Kategorien.,Nichtantwort-/Routingcodes sind keine Skalenpole; zusätzliche gültige nominale Inhalte bleiben erhalten.
F19,NEIN,NOMINAL_EINFACH,F18=2/7/8; Q64,ORIGINAL_FRAGEBOGEN_TEXTLAYER_GELESEN; KEINE_LISTE_NOETIG,"ESS11-DE Fragebogen PDF S. 64,65,66; F19",Jemals ausgeübte eigene Erwerbstätigkeit. Eigene Lebenslage oder Verhalten.,KEINE,Keine gemeinsame numerische Ordnung der genannten Kategorien.,Nichtantwort-/Routingcodes sind keine Skalenpole; zusätzliche gültige nominale Inhalte bleiben erhalten.
F20,NEIN,OFFEN_JAHR,F19=1; Q65,ORIGINAL_FRAGEBOGEN_TEXTLAYER_GELESEN; KEINE_LISTE_NOETIG,ESS11-DE Fragebogen PDF S. 65; F20,Eigene Erwerbsbiografie.,STEIGEND,Späteres letztes Jahr eigener bezahlter Tätigkeit.,Nichtantwort-/Routingcodes sind keine Skalenpole; zusätzliche gültige nominale Inhalte bleiben erhalten.
F21,NEIN,NOMINAL_EINFACH,"F17a=1 oder F18=1 oder F19=1; aktuelle oder letzte Haupttätigkeit, Q65–68",ORIGINAL_FRAGEBOGEN_TEXTLAYER_GELESEN; KEINE_LISTE_NOETIG,ESS11-DE Fragebogen PDF S. 65; F21,Eigener Status abhängig beschäftigt/selbständig/mithelfend. Eigene berufliche Lebensumstände.,KEINE,Keine gemeinsame numerische Ordnung der genannten Kategorien.,Nichtantwort-/Routingcodes sind keine Skalenpole; zusätzliche gültige nominale Inhalte bleiben erhalten.
F22,NEIN,OFFENE_MENGE,F21=2; Q65,ORIGINAL_FRAGEBOGEN_TEXTLAYER_GELESEN; KEINE_LISTE_NOETIG,ESS11-DE Fragebogen PDF S. 65; F22,Eigene berufliche Lebenslage beziehungsweise Verhalten; keine betriebs- oder wirtschaftspolitische Forderung. Bei F29 ist 555 keine Stundenmenge.,STEIGEND,Mehr eigene Beschäftigte als Selbständiger.,Nichtantwort-/Routingcodes sind keine Skalenpole; zusätzliche gültige nominale Inhalte bleiben erhalten.
F23,NEIN,NOMINAL_EINFACH,F21=1/3/7/8; Q66,ORIGINAL_FRAGEBOGEN_TEXTLAYER_GELESEN; KEINE_LISTE_NOETIG,ESS11-DE Fragebogen PDF S. 66; F23,Eigener Arbeitsvertrag unbefristet/befristet/kein Vertrag. Eigene berufliche Lebensumstände.,KEINE,Keine gemeinsame numerische Ordnung der genannten Kategorien.,Nichtantwort-/Routingcodes sind keine Skalenpole; zusätzliche gültige nominale Inhalte bleiben erhalten.
F24,NEIN,ORDINAL_ANZAHLKLASSEN_1_5,F17a=1 oder F18=1 oder F19=1; Q66,ORIGINAL_FRAGEBOGEN_TEXTLAYER_GELESEN; KEINE_LISTE_NOETIG,ESS11-DE Fragebogen PDF S. 66; F24,Eigene berufliche Lebenslage beziehungsweise Verhalten; keine betriebs- oder wirtschaftspolitische Forderung. Bei F29 ist 555 keine Stundenmenge.,STEIGEND,Mehr Menschen in der örtlichen Arbeitsstelle.,Nichtantwort-/Routingcodes sind keine Skalenpole; zusätzliche gültige nominale Inhalte bleiben erhalten.
F25,NEIN,NOMINAL_EINFACH,"F17a=1 oder F18=1 oder F19=1; aktuelle oder letzte Haupttätigkeit, Q65–68",ORIGINAL_FRAGEBOGEN_TEXTLAYER_GELESEN; KEINE_LISTE_NOETIG,ESS11-DE Fragebogen PDF S. 66; F25,Eigene Aufsicht über andere Beschäftigte. Eigene berufliche Lebensumstände.,KEINE,Keine gemeinsame numerische Ordnung der genannten Kategorien.,Nichtantwort-/Routingcodes sind keine Skalenpole; zusätzliche gültige nominale Inhalte bleiben erhalten.
F26,NEIN,OFFENE_MENGE,F25=1; Q66,ORIGINAL_FRAGEBOGEN_TEXTLAYER_GELESEN; KEINE_LISTE_NOETIG,ESS11-DE Fragebogen PDF S. 66; F26,Eigene berufliche Lebenslage beziehungsweise Verhalten; keine betriebs- oder wirtschaftspolitische Forderung. Bei F29 ist 555 keine Stundenmenge.,STEIGEND,Mehr von der befragten Person beaufsichtigte Beschäftigte.,Nichtantwort-/Routingcodes sind keine Skalenpole; zusätzliche gültige nominale Inhalte bleiben erhalten.
F27,NEIN,ORDINAL_0_10,"F17a=1 oder F18=1 oder F19=1; aktuelle oder letzte Haupttätigkeit, Q65–68",ORIGINAL_FRAGEBOGEN_TEXTLAYER_GELESEN; LISTENHEFT_TEXTLAYER_GELESEN,ESS11-DE Fragebogen PDF S. 67; F27; Listenheft Liste 75 / PDF S. 77,Eigene berufliche Lebenslage beziehungsweise Verhalten; keine betriebs- oder wirtschaftspolitische Forderung. Bei F29 ist 555 keine Stundenmenge.,STEIGEND,Mehr eigenständige Bestimmung der eigenen täglichen Arbeitsorganisation.,Nichtantwort-/Routingcodes sind keine Skalenpole; zusätzliche gültige nominale Inhalte bleiben erhalten.
F28,NEIN,ORDINAL_0_10,"F17a=1 oder F18=1 oder F19=1; aktuelle oder letzte Haupttätigkeit, Q65–68",ORIGINAL_FRAGEBOGEN_TEXTLAYER_GELESEN; LISTENHEFT_TEXTLAYER_GELESEN,ESS11-DE Fragebogen PDF S. 67; F28; Listenheft Liste 75 / PDF S. 77,Eigene berufliche Lebenslage beziehungsweise Verhalten; keine betriebs- oder wirtschaftspolitische Forderung. Bei F29 ist 555 keine Stundenmenge.,STEIGEND,Mehr eigener Einfluss auf strategische Entscheidungen der Arbeitsstelle.,Nichtantwort-/Routingcodes sind keine Skalenpole; zusätzliche gültige nominale Inhalte bleiben erhalten.
F29,NEIN,OFFENE_MENGE,"F17a=1 oder F18=1 oder F19=1; aktuelle oder letzte Haupttätigkeit, Q65–68",ORIGINAL_FRAGEBOGEN_TEXTLAYER_GELESEN; KEINE_LISTE_NOETIG,ESS11-DE Fragebogen PDF S. 67; F29,Eigene berufliche Lebenslage beziehungsweise Verhalten; keine betriebs- oder wirtschaftspolitische Forderung. Bei F29 ist 555 keine Stundenmenge.,STEIGEND,Mehr reguläre/verabredete eigene Wochenarbeitsstunden.,Nichtantwort-/Routingcodes sind keine Skalenpole; zusätzliche gültige nominale Inhalte bleiben erhalten.
F30,NEIN,OFFENE_MENGE,"F17a=1 oder F18=1 oder F19=1; aktuelle oder letzte Haupttätigkeit, Q65–68",ORIGINAL_FRAGEBOGEN_TEXTLAYER_GELESEN; KEINE_LISTE_NOETIG,ESS11-DE Fragebogen PDF S. 67; F30,Eigene berufliche Lebenslage beziehungsweise Verhalten; keine betriebs- oder wirtschaftspolitische Forderung. Bei F29 ist 555 keine Stundenmenge.,STEIGEND,Mehr tatsächlich geleistete eigene Wochenarbeitsstunden einschließlich Überstunden.,Nichtantwort-/Routingcodes sind keine Skalenpole; zusätzliche gültige nominale Inhalte bleiben erhalten.
F31,NEIN,OFFEN_NOMINAL,"F17a=1 oder F18=1 oder F19=1; aktuelle oder letzte Haupttätigkeit, Q65–68",ORIGINAL_FRAGEBOGEN_TEXTLAYER_GELESEN; KEINE_LISTE_NOETIG,ESS11-DE Fragebogen PDF S. 68; F31,Produktion/Tätigkeit der eigenen örtlichen Arbeitsstelle. Eigene berufliche Lebensumstände.,KEINE,Keine gemeinsame numerische Ordnung der genannten Kategorien.,Nichtantwort-/Routingcodes sind keine Skalenpole; zusätzliche gültige nominale Inhalte bleiben erhalten.
F32,NEIN,NOMINAL_EINFACH,"F17a=1 oder F18=1 oder F19=1; aktuelle oder letzte Haupttätigkeit, Q65–68",ORIGINAL_FRAGEBOGEN_TEXTLAYER_GELESEN; LISTENHEFT_TEXTLAYER_GELESEN,ESS11-DE Fragebogen PDF S. 68; F32; Listenheft Liste 76 / PDF S. 78,Typ der eigenen Arbeitsorganisation. Eigene berufliche Lebensumstände.,KEINE,Keine gemeinsame numerische Ordnung der genannten Kategorien.,Nichtantwort-/Routingcodes sind keine Skalenpole; zusätzliche gültige nominale Inhalte bleiben erhalten.
F33,NEIN,OFFEN_NOMINAL,"F17a=1 oder F18=1 oder F19=1; aktuelle oder letzte Haupttätigkeit, Q65–68",ORIGINAL_FRAGEBOGEN_TEXTLAYER_GELESEN; KEINE_LISTE_NOETIG,ESS11-DE Fragebogen PDF S. 68; F33,Eigene Hauptberufsbezeichnung. Eigene berufliche Lebensumstände.,KEINE,Keine gemeinsame numerische Ordnung der genannten Kategorien.,Nichtantwort-/Routingcodes sind keine Skalenpole; zusätzliche gültige nominale Inhalte bleiben erhalten.
F34,NEIN,OFFEN_NOMINAL,"F17a=1 oder F18=1 oder F19=1; aktuelle oder letzte Haupttätigkeit, Q65–68",ORIGINAL_FRAGEBOGEN_TEXTLAYER_GELESEN; KEINE_LISTE_NOETIG,ESS11-DE Fragebogen PDF S. 68; F34,Eigene Hauptberufstätigkeiten. Eigene berufliche Lebensumstände.,KEINE,Keine gemeinsame numerische Ordnung der genannten Kategorien.,Nichtantwort-/Routingcodes sind keine Skalenpole; zusätzliche gültige nominale Inhalte bleiben erhalten.
F34a,NEIN,OFFEN_NOMINAL,"F17a=1 oder F18=1 oder F19=1; aktuelle oder letzte Haupttätigkeit, Q65–68",ORIGINAL_FRAGEBOGEN_TEXTLAYER_GELESEN; KEINE_LISTE_NOETIG,ESS11-DE Fragebogen PDF S. 68; F34a,Für eigenen Hauptberuf erforderliche Qualifikation. Eigene berufliche Lebensumstände.,KEINE,Keine gemeinsame numerische Ordnung der genannten Kategorien.,Nichtantwort-/Routingcodes sind keine Skalenpole; zusätzliche gültige nominale Inhalte bleiben erhalten.
F35,NEIN,NOMINAL_EINFACH,"F17a=1 oder F18=1 oder F19=1; aktuelle oder letzte Haupttätigkeit, Q65–68",ORIGINAL_FRAGEBOGEN_TEXTLAYER_GELESEN; KEINE_LISTE_NOETIG,ESS11-DE Fragebogen PDF S. 69; F35,"Eigene mindestens sechsmonatige Erwerbstätigkeit im Ausland in zehn Jahren. Persönliche Biografie, Erfahrung oder Verhalten.",KEINE,Keine gemeinsame numerische Ordnung der genannten Kategorien.,Nichtantwort-/Routingcodes sind keine Skalenpole; zusätzliche gültige nominale Inhalte bleiben erhalten.
F35a,NEIN,NOMINAL_MEHRFACH,"F17a=1 oder F18=1 oder F19=1; aktuelle oder letzte Haupttätigkeit, Q65–68",ORIGINAL_FRAGEBOGEN_TEXTLAYER_GELESEN; LISTENHEFT_TEXTLAYER_GELESEN,ESS11-DE Fragebogen PDF S. 69; F35a; Listenheft Liste 77 / PDF S. 79,"Eigene körperliche Belastungen an irgendwann ausgeübten Arbeitsstellen. Persönliche Biografie, Erfahrung oder Verhalten.",KEINE,Keine gemeinsame numerische Ordnung der genannten Kategorien.,Nichtantwort-/Routingcodes sind keine Skalenpole; zusätzliche gültige nominale Inhalte bleiben erhalten.
F35b,NEIN,NOMINAL_MEHRFACH,"F17a=1 oder F18=1 oder F19=1; aktuelle oder letzte Haupttätigkeit, Q65–68",ORIGINAL_FRAGEBOGEN_TEXTLAYER_GELESEN; LISTENHEFT_TEXTLAYER_GELESEN,ESS11-DE Fragebogen PDF S. 69; F35b; Listenheft Liste 78 / PDF S. 80,"Eigene Lärm-/Temperatur-/Stoff-/Strahlenbelastungen bei der Arbeit. Persönliche Biografie, Erfahrung oder Verhalten.",KEINE,Keine gemeinsame numerische Ordnung der genannten Kategorien.,Nichtantwort-/Routingcodes sind keine Skalenpole; zusätzliche gültige nominale Inhalte bleiben erhalten.
F36,NEIN,NOMINAL_EINFACH,AN ALLE,ORIGINAL_FRAGEBOGEN_TEXTLAYER_GELESEN; KEINE_LISTE_NOETIG,ESS11-DE Fragebogen PDF S. 70; F36,"Eigene Arbeitslosigkeit und Arbeitssuche länger als drei Monate. Persönliche Biografie, Erfahrung oder Verhalten.",KEINE,Keine gemeinsame numerische Ordnung der genannten Kategorien.,Nichtantwort-/Routingcodes sind keine Skalenpole; zusätzliche gültige nominale Inhalte bleiben erhalten.
F37,NEIN,NOMINAL_EINFACH,F36=1; Q70,ORIGINAL_FRAGEBOGEN_TEXTLAYER_GELESEN; KEINE_LISTE_NOETIG,ESS11-DE Fragebogen PDF S. 70; F37,"Eigene ununterbrochene Arbeitslosigkeit von mindestens zwölf Monaten. Persönliche Biografie, Erfahrung oder Verhalten.",KEINE,Keine gemeinsame numerische Ordnung der genannten Kategorien.,Nichtantwort-/Routingcodes sind keine Skalenpole; zusätzliche gültige nominale Inhalte bleiben erhalten.
F38,NEIN,NOMINAL_EINFACH,F36=1; Q70; bezieht sich ausdrücklich auf F36,ORIGINAL_FRAGEBOGEN_TEXTLAYER_GELESEN; KEINE_LISTE_NOETIG,ESS11-DE Fragebogen PDF S. 70; F38,"Zeitlage der mindestens dreimonatigen Arbeitslosigkeit. Persönliche Biografie, Erfahrung oder Verhalten.",KEINE,Keine gemeinsame numerische Ordnung der genannten Kategorien.,Nichtantwort-/Routingcodes sind keine Skalenpole; zusätzliche gültige nominale Inhalte bleiben erhalten.
F39,NEIN,NOMINAL_BIOGRAFIE,AN ALLE,ORIGINAL_FRAGEBOGEN_TEXTLAYER_GELESEN; KEINE_LISTE_NOETIG,ESS11-DE Fragebogen PDF S. 70; F39,"Eigene heutige/frühere/nie Gewerkschaftsmitgliedschaft. Persönliche Biografie, Erfahrung oder Verhalten.",KEINE,Keine gemeinsame numerische Ordnung der genannten Kategorien.,Nichtantwort-/Routingcodes sind keine Skalenpole; zusätzliche gültige nominale Inhalte bleiben erhalten.
F40,NEIN,NOMINAL_EINFACH,AN ALLE,ORIGINAL_FRAGEBOGEN_TEXTLAYER_GELESEN; LISTENHEFT_TEXTLAYER_GELESEN,ESS11-DE Fragebogen PDF S. 71; F40; Listenheft Liste 79 / PDF S. 81,"Wichtigste Einkommensquelle des eigenen Haushalts. Persönliche Biografie, Erfahrung oder Verhalten.",KEINE,Keine gemeinsame numerische Ordnung der genannten Kategorien.,Nichtantwort-/Routingcodes sind keine Skalenpole; zusätzliche gültige nominale Inhalte bleiben erhalten.
F41,NEIN,ORDINAL_EINKOMMENSKLASSEN_01_10,AN ALLE,ORIGINAL_FRAGEBOGEN_TEXTLAYER_GELESEN; LISTENHEFT_TEXTLAYER_GELESEN; Listenheft enthält mehrere Textlayer; keine unsichtbaren alten Kategorien übernommen; sichtbare Originalkarte80 als Bild geprüft,ESS11-DE Fragebogen PDF S. 72; F41; Listenheft Liste 80 / PDF S. 82,Persönliche Haushaltslage. Sichtbare Liste 80 geprüft; der doppelte Textlayer enthält abweichende alte Schwellen und ist keine alleinige Quelle für Beträge.,STEIGEND,Höhere Gesamtnettoeinkommensklasse des eigenen Haushalts.,Nichtantwort-/Routingcodes sind keine Skalenpole; zusätzliche gültige nominale Inhalte bleiben erhalten.
F42,NEIN,ORDINAL_1_4,AN ALLE,ORIGINAL_FRAGEBOGEN_TEXTLAYER_GELESEN; LISTENHEFT_TEXTLAYER_GELESEN,ESS11-DE Fragebogen PDF S. 72; F42; Listenheft Liste 81 / PDF S. 83,"Bewertung der eigenen finanziellen Lebenslage, keine Präferenz für Einkommenspolitik.",STEIGEND,"Größere eigene Schwierigkeiten, mit dem gegenwärtigen Haushaltseinkommen auszukommen.",Nichtantwort-/Routingcodes sind keine Skalenpole; zusätzliche gültige nominale Inhalte bleiben erhalten.
F44,NEIN,ORDINAL_SCHULABSCHLUSS_00_05,F4=01; Q73,ORIGINAL_FRAGEBOGEN_TEXTLAYER_GELESEN; LISTENHEFT_TEXTLAYER_GELESEN,ESS11-DE Fragebogen PDF S. 73; F44; Listenheft Liste 82 / PDF S. 84,"Formaler Bildungsstand ist persönliche/familiäre Lebenslage. Zahlenordnung benennt Abschlussniveau, keine politische Richtung.",STEIGEND,Höherer allgemeinbildender Schulabschluss des Partners/der Partnerin.,Nichtantwort-/Routingcodes sind keine Skalenpole; zusätzliche gültige nominale Inhalte bleiben erhalten.
F44a,NEIN,NOMINAL_ABSCHLUSSWEGE_MIT_TEILORDNUNG,F4=01; Q73–74,ORIGINAL_FRAGEBOGEN_TEXTLAYER_GELESEN; LISTENHEFT_TEXTLAYER_GELESEN; Listenheft enthält mehrere Textlayer; keine unsichtbaren alten Kategorien übernommen,ESS11-DE Fragebogen PDF S. 73; F44a; Listenheft Liste 82a / PDF S. 85,Berufs-/Hochschulabschluss des Partners/der Partnerin. Persönlicher/familiärer Bildungsstand. Berufsfelder und Abschlusswege bilden keine uneingeschränkt steigende Originalzahlskala.,KEINE,Keine gemeinsame numerische Ordnung der genannten Kategorien.,Nichtantwort-/Routingcodes sind keine Skalenpole; zusätzliche gültige nominale Inhalte bleiben erhalten.
F45a,NEIN,NOMINAL_MEHRFACH,F4=01; Q73–75,ORIGINAL_FRAGEBOGEN_TEXTLAYER_GELESEN; LISTENHEFT_TEXTLAYER_GELESEN,ESS11-DE Fragebogen PDF S. 75; F45a; Listenheft Liste 83 / PDF S. 86,Tätigkeiten des Partners/der Partnerin in sieben Tagen. Familiäre Lebensumstände.,KEINE,Keine gemeinsame numerische Ordnung der genannten Kategorien.,Nichtantwort-/Routingcodes sind keine Skalenpole; zusätzliche gültige nominale Inhalte bleiben erhalten.
F45c,NEIN,NOMINAL_EINFACH,F4=01 und mehrere Nennungen F45a; Q75,ORIGINAL_FRAGEBOGEN_TEXTLAYER_GELESEN; LISTENHEFT_TEXTLAYER_GELESEN,ESS11-DE Fragebogen PDF S. 75; F45c; Listenheft Liste 83 / PDF S. 86,Beste Tätigkeitsbeschreibung des Partners/der Partnerin. Familiäre Lebensumstände.,KEINE,Keine gemeinsame numerische Ordnung der genannten Kategorien.,Nichtantwort-/Routingcodes sind keine Skalenpole; zusätzliche gültige nominale Inhalte bleiben erhalten.
F46,NEIN,NOMINAL_EINFACH,F4=01 und F45a≠01; Q76,ORIGINAL_FRAGEBOGEN_TEXTLAYER_GELESEN; KEINE_LISTE_NOETIG,ESS11-DE Fragebogen PDF S. 76; F46,Bezahlte Tätigkeit des Partners/der Partnerin. Familiäre Lebensumstände.,KEINE,Keine gemeinsame numerische Ordnung der genannten Kategorien.,Nichtantwort-/Routingcodes sind keine Skalenpole; zusätzliche gültige nominale Inhalte bleiben erhalten.
F47,NEIN,OFFEN_NOMINAL,F45a=01 oder F46=1; Q76,ORIGINAL_FRAGEBOGEN_TEXTLAYER_GELESEN; KEINE_LISTE_NOETIG,ESS11-DE Fragebogen PDF S. 76; F47,Hauptberufsbezeichnung des Partners/der Partnerin. Familiäre Lebensumstände.,KEINE,Keine gemeinsame numerische Ordnung der genannten Kategorien.,Nichtantwort-/Routingcodes sind keine Skalenpole; zusätzliche gültige nominale Inhalte bleiben erhalten.
F48,NEIN,OFFEN_NOMINAL,F45a=01 oder F46=1; Q76,ORIGINAL_FRAGEBOGEN_TEXTLAYER_GELESEN; KEINE_LISTE_NOETIG,ESS11-DE Fragebogen PDF S. 76; F48,Hauptberufstätigkeiten des Partners/der Partnerin. Familiäre Lebensumstände.,KEINE,Keine gemeinsame numerische Ordnung der genannten Kategorien.,Nichtantwort-/Routingcodes sind keine Skalenpole; zusätzliche gültige nominale Inhalte bleiben erhalten.
F49,NEIN,OFFEN_NOMINAL,F45a=01 oder F46=1; Q76,ORIGINAL_FRAGEBOGEN_TEXTLAYER_GELESEN; KEINE_LISTE_NOETIG,ESS11-DE Fragebogen PDF S. 76; F49,Erforderliche Qualifikation für Partnerhauptberuf. Familiäre Lebensumstände.,KEINE,Keine gemeinsame numerische Ordnung der genannten Kategorien.,Nichtantwort-/Routingcodes sind keine Skalenpole; zusätzliche gültige nominale Inhalte bleiben erhalten.
F50,NEIN,NOMINAL_EINFACH,F45a=01 oder F46=1; Q77,ORIGINAL_FRAGEBOGEN_TEXTLAYER_GELESEN; KEINE_LISTE_NOETIG,ESS11-DE Fragebogen PDF S. 77; F50,Erwerbsstatus des Partners/der Partnerin. Familiäre Lebensumstände.,KEINE,Keine gemeinsame numerische Ordnung der genannten Kategorien.,Nichtantwort-/Routingcodes sind keine Skalenpole; zusätzliche gültige nominale Inhalte bleiben erhalten.
F51,NEIN,OFFENE_STUNDEN,F45a=01 oder F46=1; Q77,ORIGINAL_FRAGEBOGEN_TEXTLAYER_GELESEN; KEINE_LISTE_NOETIG,ESS11-DE Fragebogen PDF S. 77; F51,Familiäre Lebensumstände beziehungsweise Verhalten.,STEIGEND,Mehr tatsächliche Partnerwochenarbeitsstunden einschließlich Überstunden.,Nichtantwort-/Routingcodes sind keine Skalenpole; zusätzliche gültige nominale Inhalte bleiben erhalten.
F52,NEIN,ORDINAL_SCHULABSCHLUSS_00_05,AN ALLE,ORIGINAL_FRAGEBOGEN_TEXTLAYER_GELESEN; LISTENHEFT_TEXTLAYER_GELESEN,ESS11-DE Fragebogen PDF S. 78; F52; Listenheft Liste 84 / PDF S. 87,"Formaler Bildungsstand ist persönliche/familiäre Lebenslage. Zahlenordnung benennt Abschlussniveau, keine politische Richtung.",STEIGEND,Höherer allgemeinbildender Schulabschluss des Vaters.,Nichtantwort-/Routingcodes sind keine Skalenpole; zusätzliche gültige nominale Inhalte bleiben erhalten.
F52a,NEIN,NOMINAL_ABSCHLUSSWEGE_MIT_TEILORDNUNG,AN ALLE,ORIGINAL_FRAGEBOGEN_TEXTLAYER_GELESEN; LISTENHEFT_TEXTLAYER_GELESEN; Listenheft enthält mehrere Textlayer; keine unsichtbaren alten Kategorien übernommen,ESS11-DE Fragebogen PDF S. 78; F52a; Listenheft Liste 84a / PDF S. 88,Berufs-/Hochschulabschluss des Vaters. Persönlicher/familiärer Bildungsstand. Berufsfelder und Abschlusswege bilden keine uneingeschränkt steigende Originalzahlskala.,KEINE,Keine gemeinsame numerische Ordnung der genannten Kategorien.,Nichtantwort-/Routingcodes sind keine Skalenpole; zusätzliche gültige nominale Inhalte bleiben erhalten.
F53,NEIN,NOMINAL_EINFACH,AN ALLE,ORIGINAL_FRAGEBOGEN_TEXTLAYER_GELESEN; KEINE_LISTE_NOETIG,ESS11-DE Fragebogen PDF S. 80; F53,Erwerbsstatus des Vaters bei Befragtenalter 14. Eigene/familiäre Biografie; Berufs- oder Herkunftscodes sind keine politische Ordnung.,KEINE,Keine gemeinsame numerische Ordnung der genannten Kategorien.,Nichtantwort-/Routingcodes sind keine Skalenpole; zusätzliche gültige nominale Inhalte bleiben erhalten.
F54,NEIN,NOMINAL_EINFACH,F53=1/2/8; Q80,ORIGINAL_FRAGEBOGEN_TEXTLAYER_GELESEN; LISTENHEFT_TEXTLAYER_GELESEN,ESS11-DE Fragebogen PDF S. 80; F54; Listenheft Liste 85 / PDF S. 89,Berufskategorie des Vaters bei Befragtenalter 14. Eigene/familiäre Biografie; Berufs- oder Herkunftscodes sind keine politische Ordnung.,KEINE,Keine gemeinsame numerische Ordnung der genannten Kategorien.,Nichtantwort-/Routingcodes sind keine Skalenpole; zusätzliche gültige nominale Inhalte bleiben erhalten.
F55,NEIN,ORDINAL_SCHULABSCHLUSS_00_05,AN ALLE,ORIGINAL_FRAGEBOGEN_TEXTLAYER_GELESEN; LISTENHEFT_TEXTLAYER_GELESEN,ESS11-DE Fragebogen PDF S. 81; F55; Listenheft Liste 86 / PDF S. 90,"Formaler Bildungsstand ist persönliche/familiäre Lebenslage. Zahlenordnung benennt Abschlussniveau, keine politische Richtung.",STEIGEND,Höherer allgemeinbildender Schulabschluss der Mutter.,Nichtantwort-/Routingcodes sind keine Skalenpole; zusätzliche gültige nominale Inhalte bleiben erhalten.
F55a,NEIN,NOMINAL_ABSCHLUSSWEGE_MIT_TEILORDNUNG,AN ALLE,ORIGINAL_FRAGEBOGEN_TEXTLAYER_GELESEN; LISTENHEFT_TEXTLAYER_GELESEN; Listenheft enthält mehrere Textlayer; keine unsichtbaren alten Kategorien übernommen,ESS11-DE Fragebogen PDF S. 81; F55a; Listenheft Liste 86a / PDF S. 91,Berufs-/Hochschulabschluss der Mutter. Persönlicher/familiärer Bildungsstand. Berufsfelder und Abschlusswege bilden keine uneingeschränkt steigende Originalzahlskala.,KEINE,Keine gemeinsame numerische Ordnung der genannten Kategorien.,Nichtantwort-/Routingcodes sind keine Skalenpole; zusätzliche gültige nominale Inhalte bleiben erhalten.
F56,NEIN,NOMINAL_EINFACH,AN ALLE,ORIGINAL_FRAGEBOGEN_TEXTLAYER_GELESEN; KEINE_LISTE_NOETIG,ESS11-DE Fragebogen PDF S. 82; F56,Erwerbsstatus der Mutter bei Befragtenalter 14. Eigene/familiäre Biografie; Berufs- oder Herkunftscodes sind keine politische Ordnung.,KEINE,Keine gemeinsame numerische Ordnung der genannten Kategorien.,Nichtantwort-/Routingcodes sind keine Skalenpole; zusätzliche gültige nominale Inhalte bleiben erhalten.
F57,NEIN,NOMINAL_EINFACH,F56=1/2/8; Q82–83,ORIGINAL_FRAGEBOGEN_TEXTLAYER_GELESEN; LISTENHEFT_TEXTLAYER_GELESEN,ESS11-DE Fragebogen PDF S. 82; F57; Listenheft Liste 87 / PDF S. 92,Berufskategorie der Mutter bei Befragtenalter 14. Eigene/familiäre Biografie; Berufs- oder Herkunftscodes sind keine politische Ordnung.,KEINE,Keine gemeinsame numerische Ordnung der genannten Kategorien.,Nichtantwort-/Routingcodes sind keine Skalenpole; zusätzliche gültige nominale Inhalte bleiben erhalten.
F58,NEIN,NOMINAL_EINFACH,AN ALLE,ORIGINAL_FRAGEBOGEN_TEXTLAYER_GELESEN; KEINE_LISTE_NOETIG,ESS11-DE Fragebogen PDF S. 83; F58,Eigene berufliche Fort-/Weiterbildung in zwölf Monaten. Eigene/familiäre Biografie; Berufs- oder Herkunftscodes sind keine politische Ordnung.,KEINE,Keine gemeinsame numerische Ordnung der genannten Kategorien.,Nichtantwort-/Routingcodes sind keine Skalenpole; zusätzliche gültige nominale Inhalte bleiben erhalten.
F59,NEIN,NOMINAL_MEHRFACH_MAX2,AN ALLE,ORIGINAL_FRAGEBOGEN_TEXTLAYER_GELESEN; LISTENHEFT_TEXTLAYER_GELESEN,ESS11-DE Fragebogen PDF S. 84; F59; Listenheft Liste 88 / PDF S. 93,"Selbstbeschriebene familiäre Herkunft, bis zwei Nennungen. Eigene/familiäre Biografie; Berufs- oder Herkunftscodes sind keine politische Ordnung.",KEINE,Keine gemeinsame numerische Ordnung der genannten Kategorien.,Nichtantwort-/Routingcodes sind keine Skalenpole; zusätzliche gültige nominale Inhalte bleiben erhalten.
H1,NEIN,ANWEISUNG_BATTERIE,E1=1; Q85–92,ORIGINAL_FRAGEBOGEN_TEXTLAYER_GELESEN; LISTENHEFT_TEXTLAYER_GELESEN; Originalmatrix/Skalenkopf und E1-Filter gelesen,"ESS11-DE Fragebogen PDF S. 85,86,87,88; H1; Listenheft Liste 89 / PDF S. 94",Einleitung und Antwortanweisung für die Portraitbatterie; kein eigener inhaltlicher Messgegenstand.,KEINE,Keine gemeinsame numerische Ordnung der genannten Kategorien.,Nichtantwort-/Routingcodes sind keine Skalenpole; zusätzliche gültige nominale Inhalte bleiben erhalten.
H1.A,JA,ORDINAL_PORTRAITAehnlichkeit_1_6,E1=1; Portraitfassung männlich; Q85–92,ORIGINAL_FRAGEBOGEN_TEXTLAYER_GELESEN; LISTENHEFT_TEXTLAYER_GELESEN; Originalmatrix/Skalenkopf und E1-Filter gelesen,ESS11-DE Fragebogen PDF S. 85; H1.A; Listenheft Liste 89 / PDF S. 94,"Portrait beschreibt eine persönliche Wert-/Zielorientierung zu neue Ideen, Kreativität und eigene originelle Wege. Urteil nur über Ähnlichkeit zum gesamten beschriebenen Menschen; keine relative Wertpriorität, kein Gegenwert aus geringer Ähnlichkeit. Parallele Geschlechtsfassung ist kein unabhängiges Konstrukt.",FALLEND,"Mehr Ähnlichkeit mit einer Person, der neue Ideen, Kreativität und eigene originelle Wege wichtig ist.",Nichtantwort-/Routingcodes sind keine Skalenpole; zusätzliche gültige nominale Inhalte bleiben erhalten.
H1.B,JA,ORDINAL_PORTRAITAehnlichkeit_1_6,E1=1; Portraitfassung männlich; Q85–92,ORIGINAL_FRAGEBOGEN_TEXTLAYER_GELESEN; LISTENHEFT_TEXTLAYER_GELESEN; Originalmatrix/Skalenkopf und E1-Filter gelesen,ESS11-DE Fragebogen PDF S. 85; H1.B; Listenheft Liste 89 / PDF S. 94,"Portrait beschreibt eine persönliche Wert-/Zielorientierung zu Reichtum, viel Geld und teure Sachen. Urteil nur über Ähnlichkeit zum gesamten beschriebenen Menschen; keine relative Wertpriorität, kein Gegenwert aus geringer Ähnlichkeit. Parallele Geschlechtsfassung ist kein unabhängiges Konstrukt.",FALLEND,"Mehr Ähnlichkeit mit einer Person, der Reichtum, viel Geld und teure Sachen wichtig ist.",Nichtantwort-/Routingcodes sind keine Skalenpole; zusätzliche gültige nominale Inhalte bleiben erhalten.
H1.C,JA,ORDINAL_PORTRAITAehnlichkeit_1_6,E1=1; Portraitfassung männlich; Q85–92,ORIGINAL_FRAGEBOGEN_TEXTLAYER_GELESEN; LISTENHEFT_TEXTLAYER_GELESEN; Originalmatrix/Skalenkopf und E1-Filter gelesen,ESS11-DE Fragebogen PDF S. 85; H1.C; Listenheft Liste 89 / PDF S. 94,"Portrait beschreibt eine persönliche Wert-/Zielorientierung zu weltweite gleiche Behandlung und gleiche Lebenschancen. Urteil nur über Ähnlichkeit zum gesamten beschriebenen Menschen; keine relative Wertpriorität, kein Gegenwert aus geringer Ähnlichkeit. Parallele Geschlechtsfassung ist kein unabhängiges Konstrukt.",FALLEND,"Mehr Ähnlichkeit mit einer Person, der weltweite gleiche Behandlung und gleiche Lebenschancen wichtig ist.",Nichtantwort-/Routingcodes sind keine Skalenpole; zusätzliche gültige nominale Inhalte bleiben erhalten.
H1.D,JA,ORDINAL_PORTRAITAehnlichkeit_1_6,E1=1; Portraitfassung männlich; Q85–92,ORIGINAL_FRAGEBOGEN_TEXTLAYER_GELESEN; LISTENHEFT_TEXTLAYER_GELESEN; Originalmatrix/Skalenkopf und E1-Filter gelesen,ESS11-DE Fragebogen PDF S. 85; H1.D; Listenheft Liste 89 / PDF S. 94,"Portrait beschreibt eine persönliche Wert-/Zielorientierung zu eigene Fähigkeiten zeigen und Bewunderung bekommen. Urteil nur über Ähnlichkeit zum gesamten beschriebenen Menschen; keine relative Wertpriorität, kein Gegenwert aus geringer Ähnlichkeit. Parallele Geschlechtsfassung ist kein unabhängiges Konstrukt.",FALLEND,"Mehr Ähnlichkeit mit einer Person, der eigene Fähigkeiten zeigen und Bewunderung bekommen wichtig ist.",Nichtantwort-/Routingcodes sind keine Skalenpole; zusätzliche gültige nominale Inhalte bleiben erhalten.
H1.E,JA,ORDINAL_PORTRAITAehnlichkeit_1_6,E1=1; Portraitfassung männlich; Q85–92,ORIGINAL_FRAGEBOGEN_TEXTLAYER_GELESEN; LISTENHEFT_TEXTLAYER_GELESEN; Originalmatrix/Skalenkopf und E1-Filter gelesen,ESS11-DE Fragebogen PDF S. 85; H1.E; Listenheft Liste 89 / PDF S. 94,"Portrait beschreibt eine persönliche Wert-/Zielorientierung zu persönlich sichere Umgebung und Gefahrenvermeidung. Urteil nur über Ähnlichkeit zum gesamten beschriebenen Menschen; keine relative Wertpriorität, kein Gegenwert aus geringer Ähnlichkeit. Parallele Geschlechtsfassung ist kein unabhängiges Konstrukt.",FALLEND,"Mehr Ähnlichkeit mit einer Person, der persönlich sichere Umgebung und Gefahrenvermeidung wichtig ist.",Nichtantwort-/Routingcodes sind keine Skalenpole; zusätzliche gültige nominale Inhalte bleiben erhalten.
H1.F,JA,ORDINAL_PORTRAITAehnlichkeit_1_6,E1=1; Portraitfassung männlich; Q85–92,ORIGINAL_FRAGEBOGEN_TEXTLAYER_GELESEN; LISTENHEFT_TEXTLAYER_GELESEN; Originalmatrix/Skalenkopf und E1-Filter gelesen,ESS11-DE Fragebogen PDF S. 86; H1.F; Listenheft Liste 89 / PDF S. 94,"Portrait beschreibt eine persönliche Wert-/Zielorientierung zu Überraschungen, neue Aktivitäten und Abwechslung. Urteil nur über Ähnlichkeit zum gesamten beschriebenen Menschen; keine relative Wertpriorität, kein Gegenwert aus geringer Ähnlichkeit. Parallele Geschlechtsfassung ist kein unabhängiges Konstrukt.",FALLEND,"Mehr Ähnlichkeit mit einer Person, der Überraschungen, neue Aktivitäten und Abwechslung wichtig ist.",Nichtantwort-/Routingcodes sind keine Skalenpole; zusätzliche gültige nominale Inhalte bleiben erhalten.
H1.G,JA,ORDINAL_PORTRAITAehnlichkeit_1_6,E1=1; Portraitfassung männlich; Q85–92,ORIGINAL_FRAGEBOGEN_TEXTLAYER_GELESEN; LISTENHEFT_TEXTLAYER_GELESEN; Originalmatrix/Skalenkopf und E1-Filter gelesen,ESS11-DE Fragebogen PDF S. 86; H1.G; Listenheft Liste 89 / PDF S. 94,"Portrait beschreibt eine persönliche Wert-/Zielorientierung zu Gehorsam und Regeltreue auch ohne Beobachtung. Urteil nur über Ähnlichkeit zum gesamten beschriebenen Menschen; keine relative Wertpriorität, kein Gegenwert aus geringer Ähnlichkeit. Parallele Geschlechtsfassung ist kein unabhängiges Konstrukt.",FALLEND,"Mehr Ähnlichkeit mit einer Person, der Gehorsam und Regeltreue auch ohne Beobachtung wichtig ist.",Nichtantwort-/Routingcodes sind keine Skalenpole; zusätzliche gültige nominale Inhalte bleiben erhalten.
H1.H,JA,ORDINAL_PORTRAITAehnlichkeit_1_6,E1=1; Portraitfassung männlich; Q85–92,ORIGINAL_FRAGEBOGEN_TEXTLAYER_GELESEN; LISTENHEFT_TEXTLAYER_GELESEN; Originalmatrix/Skalenkopf und E1-Filter gelesen,ESS11-DE Fragebogen PDF S. 86; H1.H; Listenheft Liste 89 / PDF S. 94,"Portrait beschreibt eine persönliche Wert-/Zielorientierung zu Zuhören und Verstehen andersdenkender/anderer Menschen. Urteil nur über Ähnlichkeit zum gesamten beschriebenen Menschen; keine relative Wertpriorität, kein Gegenwert aus geringer Ähnlichkeit. Parallele Geschlechtsfassung ist kein unabhängiges Konstrukt.",FALLEND,"Mehr Ähnlichkeit mit einer Person, der Zuhören und Verstehen andersdenkender/anderer Menschen wichtig ist.",Nichtantwort-/Routingcodes sind keine Skalenpole; zusätzliche gültige nominale Inhalte bleiben erhalten.
H1.I,JA,ORDINAL_PORTRAITAehnlichkeit_1_6,E1=1; Portraitfassung männlich; Q85–92,ORIGINAL_FRAGEBOGEN_TEXTLAYER_GELESEN; LISTENHEFT_TEXTLAYER_GELESEN; Originalmatrix/Skalenkopf und E1-Filter gelesen,ESS11-DE Fragebogen PDF S. 86; H1.I; Listenheft Liste 89 / PDF S. 94,"Portrait beschreibt eine persönliche Wert-/Zielorientierung zu Zurückhaltung und Bescheidenheit ohne Aufmerksamkeit. Urteil nur über Ähnlichkeit zum gesamten beschriebenen Menschen; keine relative Wertpriorität, kein Gegenwert aus geringer Ähnlichkeit. Parallele Geschlechtsfassung ist kein unabhängiges Konstrukt.",FALLEND,"Mehr Ähnlichkeit mit einer Person, der Zurückhaltung und Bescheidenheit ohne Aufmerksamkeit wichtig ist.",Nichtantwort-/Routingcodes sind keine Skalenpole; zusätzliche gültige nominale Inhalte bleiben erhalten.
H1.J,JA,ORDINAL_PORTRAITAehnlichkeit_1_6,E1=1; Portraitfassung männlich; Q85–92,ORIGINAL_FRAGEBOGEN_TEXTLAYER_GELESEN; LISTENHEFT_TEXTLAYER_GELESEN; Originalmatrix/Skalenkopf und E1-Filter gelesen,ESS11-DE Fragebogen PDF S. 86; H1.J; Listenheft Liste 89 / PDF S. 94,"Portrait beschreibt eine persönliche Wert-/Zielorientierung zu Spaß und sich etwas gönnen. Urteil nur über Ähnlichkeit zum gesamten beschriebenen Menschen; keine relative Wertpriorität, kein Gegenwert aus geringer Ähnlichkeit. Parallele Geschlechtsfassung ist kein unabhängiges Konstrukt.",FALLEND,"Mehr Ähnlichkeit mit einer Person, der Spaß und sich etwas gönnen wichtig ist.",Nichtantwort-/Routingcodes sind keine Skalenpole; zusätzliche gültige nominale Inhalte bleiben erhalten.
H1.K,JA,ORDINAL_PORTRAITAehnlichkeit_1_6,E1=1; Portraitfassung männlich; Q85–92,ORIGINAL_FRAGEBOGEN_TEXTLAYER_GELESEN; LISTENHEFT_TEXTLAYER_GELESEN; Originalmatrix/Skalenkopf und E1-Filter gelesen,ESS11-DE Fragebogen PDF S. 87; H1.K; Listenheft Liste 89 / PDF S. 94,"Portrait beschreibt eine persönliche Wert-/Zielorientierung zu eigene Entscheidungen, Freiheit und Unabhängigkeit. Urteil nur über Ähnlichkeit zum gesamten beschriebenen Menschen; keine relative Wertpriorität, kein Gegenwert aus geringer Ähnlichkeit. Parallele Geschlechtsfassung ist kein unabhängiges Konstrukt.",FALLEND,"Mehr Ähnlichkeit mit einer Person, der eigene Entscheidungen, Freiheit und Unabhängigkeit wichtig ist.",Nichtantwort-/Routingcodes sind keine Skalenpole; zusätzliche gültige nominale Inhalte bleiben erhalten.
H1.L,JA,ORDINAL_PORTRAITAehnlichkeit_1_6,E1=1; Portraitfassung männlich; Q85–92,ORIGINAL_FRAGEBOGEN_TEXTLAYER_GELESEN; LISTENHEFT_TEXTLAYER_GELESEN; Originalmatrix/Skalenkopf und E1-Filter gelesen,ESS11-DE Fragebogen PDF S. 87; H1.L; Listenheft Liste 89 / PDF S. 94,"Portrait beschreibt eine persönliche Wert-/Zielorientierung zu Helfen und Fürsorge für Menschen in der Nähe. Urteil nur über Ähnlichkeit zum gesamten beschriebenen Menschen; keine relative Wertpriorität, kein Gegenwert aus geringer Ähnlichkeit. Parallele Geschlechtsfassung ist kein unabhängiges Konstrukt.",FALLEND,"Mehr Ähnlichkeit mit einer Person, der Helfen und Fürsorge für Menschen in der Nähe wichtig ist.",Nichtantwort-/Routingcodes sind keine Skalenpole; zusätzliche gültige nominale Inhalte bleiben erhalten.
H1.M,JA,ORDINAL_PORTRAITAehnlichkeit_1_6,E1=1; Portraitfassung männlich; Q85–92,ORIGINAL_FRAGEBOGEN_TEXTLAYER_GELESEN; LISTENHEFT_TEXTLAYER_GELESEN; Originalmatrix/Skalenkopf und E1-Filter gelesen,ESS11-DE Fragebogen PDF S. 87; H1.M; Listenheft Liste 89 / PDF S. 94,"Portrait beschreibt eine persönliche Wert-/Zielorientierung zu eigener Erfolg und Anerkennung der Leistung. Urteil nur über Ähnlichkeit zum gesamten beschriebenen Menschen; keine relative Wertpriorität, kein Gegenwert aus geringer Ähnlichkeit. Parallele Geschlechtsfassung ist kein unabhängiges Konstrukt.",FALLEND,"Mehr Ähnlichkeit mit einer Person, der eigener Erfolg und Anerkennung der Leistung wichtig ist.",Nichtantwort-/Routingcodes sind keine Skalenpole; zusätzliche gültige nominale Inhalte bleiben erhalten.
H1.N,JA,ORDINAL_PORTRAITAehnlichkeit_1_6,E1=1; Portraitfassung männlich; Q85–92,ORIGINAL_FRAGEBOGEN_TEXTLAYER_GELESEN; LISTENHEFT_TEXTLAYER_GELESEN; Originalmatrix/Skalenkopf und E1-Filter gelesen,ESS11-DE Fragebogen PDF S. 87; H1.N; Listenheft Liste 89 / PDF S. 94,"Portrait beschreibt eine persönliche Wert-/Zielorientierung zu Gewährleistung eigener Sicherheit durch einen starken schützenden Staat. Urteil nur über Ähnlichkeit zum gesamten beschriebenen Menschen; keine relative Wertpriorität, kein Gegenwert aus geringer Ähnlichkeit. Parallele Geschlechtsfassung ist kein unabhängiges Konstrukt.",FALLEND,"Mehr Ähnlichkeit mit einer Person, der Gewährleistung eigener Sicherheit durch einen starken schützenden Staat wichtig ist.",Nichtantwort-/Routingcodes sind keine Skalenpole; zusätzliche gültige nominale Inhalte bleiben erhalten.
H1.O,JA,ORDINAL_PORTRAITAehnlichkeit_1_6,E1=1; Portraitfassung männlich; Q85–92,ORIGINAL_FRAGEBOGEN_TEXTLAYER_GELESEN; LISTENHEFT_TEXTLAYER_GELESEN; Originalmatrix/Skalenkopf und E1-Filter gelesen,ESS11-DE Fragebogen PDF S. 87; H1.O; Listenheft Liste 89 / PDF S. 94,"Portrait beschreibt eine persönliche Wert-/Zielorientierung zu Abenteuer, Risikobereitschaft und aufregendes Leben. Urteil nur über Ähnlichkeit zum gesamten beschriebenen Menschen; keine relative Wertpriorität, kein Gegenwert aus geringer Ähnlichkeit. Parallele Geschlechtsfassung ist kein unabhängiges Konstrukt.",FALLEND,"Mehr Ähnlichkeit mit einer Person, der Abenteuer, Risikobereitschaft und aufregendes Leben wichtig ist.",Nichtantwort-/Routingcodes sind keine Skalenpole; zusätzliche gültige nominale Inhalte bleiben erhalten.
H1.P,JA,ORDINAL_PORTRAITAehnlichkeit_1_6,E1=1; Portraitfassung männlich; Q85–92,ORIGINAL_FRAGEBOGEN_TEXTLAYER_GELESEN; LISTENHEFT_TEXTLAYER_GELESEN; Originalmatrix/Skalenkopf und E1-Filter gelesen,ESS11-DE Fragebogen PDF S. 87; H1.P; Listenheft Liste 89 / PDF S. 94,"Portrait beschreibt eine persönliche Wert-/Zielorientierung zu korrektes Verhalten und Vermeidung fremder Missbilligung. Urteil nur über Ähnlichkeit zum gesamten beschriebenen Menschen; keine relative Wertpriorität, kein Gegenwert aus geringer Ähnlichkeit. Parallele Geschlechtsfassung ist kein unabhängiges Konstrukt.",FALLEND,"Mehr Ähnlichkeit mit einer Person, der korrektes Verhalten und Vermeidung fremder Missbilligung wichtig ist.",Nichtantwort-/Routingcodes sind keine Skalenpole; zusätzliche gültige nominale Inhalte bleiben erhalten.
H1.Q,JA,ORDINAL_PORTRAITAehnlichkeit_1_6,E1=1; Portraitfassung männlich; Q85–92,ORIGINAL_FRAGEBOGEN_TEXTLAYER_GELESEN; LISTENHEFT_TEXTLAYER_GELESEN; Originalmatrix/Skalenkopf und E1-Filter gelesen,ESS11-DE Fragebogen PDF S. 87; H1.Q; Listenheft Liste 89 / PDF S. 94,"Portrait beschreibt eine persönliche Wert-/Zielorientierung zu Respekt bekommen und andere zum Befolgen eigener Anweisungen bewegen. Urteil nur über Ähnlichkeit zum gesamten beschriebenen Menschen; keine relative Wertpriorität, kein Gegenwert aus geringer Ähnlichkeit. Parallele Geschlechtsfassung ist kein unabhängiges Konstrukt.",FALLEND,"Mehr Ähnlichkeit mit einer Person, der Respekt bekommen und andere zum Befolgen eigener Anweisungen bewegen wichtig ist.",Nichtantwort-/Routingcodes sind keine Skalenpole; zusätzliche gültige nominale Inhalte bleiben erhalten.
H1.R,JA,ORDINAL_PORTRAITAehnlichkeit_1_6,E1=1; Portraitfassung männlich; Q85–92,ORIGINAL_FRAGEBOGEN_TEXTLAYER_GELESEN; LISTENHEFT_TEXTLAYER_GELESEN; Originalmatrix/Skalenkopf und E1-Filter gelesen,ESS11-DE Fragebogen PDF S. 88; H1.R; Listenheft Liste 89 / PDF S. 94,"Portrait beschreibt eine persönliche Wert-/Zielorientierung zu Loyalität und Einsatz für Freunde und nahestehende Menschen. Urteil nur über Ähnlichkeit zum gesamten beschriebenen Menschen; keine relative Wertpriorität, kein Gegenwert aus geringer Ähnlichkeit. Parallele Geschlechtsfassung ist kein unabhängiges Konstrukt.",FALLEND,"Mehr Ähnlichkeit mit einer Person, der Loyalität und Einsatz für Freunde und nahestehende Menschen wichtig ist.",Nichtantwort-/Routingcodes sind keine Skalenpole; zusätzliche gültige nominale Inhalte bleiben erhalten.
H1.S,JA,ORDINAL_PORTRAITAehnlichkeit_1_6,E1=1; Portraitfassung männlich; Q85–92,ORIGINAL_FRAGEBOGEN_TEXTLAYER_GELESEN; LISTENHEFT_TEXTLAYER_GELESEN; Originalmatrix/Skalenkopf und E1-Filter gelesen,ESS11-DE Fragebogen PDF S. 88; H1.S; Listenheft Liste 89 / PDF S. 94,"Portrait beschreibt eine persönliche Wert-/Zielorientierung zu Fürsorge für Natur und Umweltschutz. Urteil nur über Ähnlichkeit zum gesamten beschriebenen Menschen; keine relative Wertpriorität, kein Gegenwert aus geringer Ähnlichkeit. Parallele Geschlechtsfassung ist kein unabhängiges Konstrukt.",FALLEND,"Mehr Ähnlichkeit mit einer Person, der Fürsorge für Natur und Umweltschutz wichtig ist.",Nichtantwort-/Routingcodes sind keine Skalenpole; zusätzliche gültige nominale Inhalte bleiben erhalten.
H1.T,JA,ORDINAL_PORTRAITAehnlichkeit_1_6,E1=1; Portraitfassung männlich; Q85–92,ORIGINAL_FRAGEBOGEN_TEXTLAYER_GELESEN; LISTENHEFT_TEXTLAYER_GELESEN; Originalmatrix/Skalenkopf und E1-Filter gelesen,ESS11-DE Fragebogen PDF S. 88; H1.T; Listenheft Liste 89 / PDF S. 94,"Portrait beschreibt eine persönliche Wert-/Zielorientierung zu überlieferte Sitten/Gebräuche aus Religion oder Familie. Urteil nur über Ähnlichkeit zum gesamten beschriebenen Menschen; keine relative Wertpriorität, kein Gegenwert aus geringer Ähnlichkeit. Parallele Geschlechtsfassung ist kein unabhängiges Konstrukt.",FALLEND,"Mehr Ähnlichkeit mit einer Person, der überlieferte Sitten/Gebräuche aus Religion oder Familie wichtig ist.",Nichtantwort-/Routingcodes sind keine Skalenpole; zusätzliche gültige nominale Inhalte bleiben erhalten.
H1.U,JA,ORDINAL_PORTRAITAehnlichkeit_1_6,E1=1; Portraitfassung männlich; Q85–92,ORIGINAL_FRAGEBOGEN_TEXTLAYER_GELESEN; LISTENHEFT_TEXTLAYER_GELESEN; Originalmatrix/Skalenkopf und E1-Filter gelesen,ESS11-DE Fragebogen PDF S. 88; H1.U; Listenheft Liste 89 / PDF S. 94,"Portrait beschreibt eine persönliche Wert-/Zielorientierung zu jede Gelegenheit für Spaß und Vergnügen. Urteil nur über Ähnlichkeit zum gesamten beschriebenen Menschen; keine relative Wertpriorität, kein Gegenwert aus geringer Ähnlichkeit. Parallele Geschlechtsfassung ist kein unabhängiges Konstrukt.",FALLEND,"Mehr Ähnlichkeit mit einer Person, der jede Gelegenheit für Spaß und Vergnügen wichtig ist.",Nichtantwort-/Routingcodes sind keine Skalenpole; zusätzliche gültige nominale Inhalte bleiben erhalten.
H2,NEIN,ANWEISUNG_BATTERIE,E1=2; Q85–92,ORIGINAL_FRAGEBOGEN_TEXTLAYER_GELESEN; LISTENHEFT_TEXTLAYER_GELESEN; Originalmatrix/Skalenkopf und E1-Filter gelesen,"ESS11-DE Fragebogen PDF S. 89,90,91,92; H2; Listenheft Liste 89 / PDF S. 94",Einleitung und Antwortanweisung für die Portraitbatterie; kein eigener inhaltlicher Messgegenstand.,KEINE,Keine gemeinsame numerische Ordnung der genannten Kategorien.,Nichtantwort-/Routingcodes sind keine Skalenpole; zusätzliche gültige nominale Inhalte bleiben erhalten.
H2.A,JA,ORDINAL_PORTRAITAehnlichkeit_1_6,E1=2; Portraitfassung weiblich; Q85–92,ORIGINAL_FRAGEBOGEN_TEXTLAYER_GELESEN; LISTENHEFT_TEXTLAYER_GELESEN; Originalmatrix/Skalenkopf und E1-Filter gelesen,ESS11-DE Fragebogen PDF S. 89; H2.A; Listenheft Liste 89 / PDF S. 94,"Portrait beschreibt eine persönliche Wert-/Zielorientierung zu neue Ideen, Kreativität und eigene originelle Wege. Urteil nur über Ähnlichkeit zum gesamten beschriebenen Menschen; keine relative Wertpriorität, kein Gegenwert aus geringer Ähnlichkeit. Parallele Geschlechtsfassung ist kein unabhängiges Konstrukt.",FALLEND,"Mehr Ähnlichkeit mit einer Person, der neue Ideen, Kreativität und eigene originelle Wege wichtig ist.",Nichtantwort-/Routingcodes sind keine Skalenpole; zusätzliche gültige nominale Inhalte bleiben erhalten.
H2.B,JA,ORDINAL_PORTRAITAehnlichkeit_1_6,E1=2; Portraitfassung weiblich; Q85–92,ORIGINAL_FRAGEBOGEN_TEXTLAYER_GELESEN; LISTENHEFT_TEXTLAYER_GELESEN; Originalmatrix/Skalenkopf und E1-Filter gelesen,ESS11-DE Fragebogen PDF S. 89; H2.B; Listenheft Liste 89 / PDF S. 94,"Portrait beschreibt eine persönliche Wert-/Zielorientierung zu Reichtum, viel Geld und teure Sachen. Urteil nur über Ähnlichkeit zum gesamten beschriebenen Menschen; keine relative Wertpriorität, kein Gegenwert aus geringer Ähnlichkeit. Parallele Geschlechtsfassung ist kein unabhängiges Konstrukt.",FALLEND,"Mehr Ähnlichkeit mit einer Person, der Reichtum, viel Geld und teure Sachen wichtig ist.",Nichtantwort-/Routingcodes sind keine Skalenpole; zusätzliche gültige nominale Inhalte bleiben erhalten.
H2.C,JA,ORDINAL_PORTRAITAehnlichkeit_1_6,E1=2; Portraitfassung weiblich; Q85–92,ORIGINAL_FRAGEBOGEN_TEXTLAYER_GELESEN; LISTENHEFT_TEXTLAYER_GELESEN; Originalmatrix/Skalenkopf und E1-Filter gelesen,ESS11-DE Fragebogen PDF S. 89; H2.C; Listenheft Liste 89 / PDF S. 94,"Portrait beschreibt eine persönliche Wert-/Zielorientierung zu weltweite gleiche Behandlung und gleiche Lebenschancen. Urteil nur über Ähnlichkeit zum gesamten beschriebenen Menschen; keine relative Wertpriorität, kein Gegenwert aus geringer Ähnlichkeit. Parallele Geschlechtsfassung ist kein unabhängiges Konstrukt.",FALLEND,"Mehr Ähnlichkeit mit einer Person, der weltweite gleiche Behandlung und gleiche Lebenschancen wichtig ist.",Nichtantwort-/Routingcodes sind keine Skalenpole; zusätzliche gültige nominale Inhalte bleiben erhalten.
H2.D,JA,ORDINAL_PORTRAITAehnlichkeit_1_6,E1=2; Portraitfassung weiblich; Q85–92,ORIGINAL_FRAGEBOGEN_TEXTLAYER_GELESEN; LISTENHEFT_TEXTLAYER_GELESEN; Originalmatrix/Skalenkopf und E1-Filter gelesen,ESS11-DE Fragebogen PDF S. 89; H2.D; Listenheft Liste 89 / PDF S. 94,"Portrait beschreibt eine persönliche Wert-/Zielorientierung zu eigene Fähigkeiten zeigen und Bewunderung bekommen. Urteil nur über Ähnlichkeit zum gesamten beschriebenen Menschen; keine relative Wertpriorität, kein Gegenwert aus geringer Ähnlichkeit. Parallele Geschlechtsfassung ist kein unabhängiges Konstrukt.",FALLEND,"Mehr Ähnlichkeit mit einer Person, der eigene Fähigkeiten zeigen und Bewunderung bekommen wichtig ist.",Nichtantwort-/Routingcodes sind keine Skalenpole; zusätzliche gültige nominale Inhalte bleiben erhalten.
H2.E,JA,ORDINAL_PORTRAITAehnlichkeit_1_6,E1=2; Portraitfassung weiblich; Q85–92,ORIGINAL_FRAGEBOGEN_TEXTLAYER_GELESEN; LISTENHEFT_TEXTLAYER_GELESEN; Originalmatrix/Skalenkopf und E1-Filter gelesen,ESS11-DE Fragebogen PDF S. 89; H2.E; Listenheft Liste 89 / PDF S. 94,"Portrait beschreibt eine persönliche Wert-/Zielorientierung zu persönlich sichere Umgebung und Gefahrenvermeidung. Urteil nur über Ähnlichkeit zum gesamten beschriebenen Menschen; keine relative Wertpriorität, kein Gegenwert aus geringer Ähnlichkeit. Parallele Geschlechtsfassung ist kein unabhängiges Konstrukt.",FALLEND,"Mehr Ähnlichkeit mit einer Person, der persönlich sichere Umgebung und Gefahrenvermeidung wichtig ist.",Nichtantwort-/Routingcodes sind keine Skalenpole; zusätzliche gültige nominale Inhalte bleiben erhalten.
H2.F,JA,ORDINAL_PORTRAITAehnlichkeit_1_6,E1=2; Portraitfassung weiblich; Q85–92,ORIGINAL_FRAGEBOGEN_TEXTLAYER_GELESEN; LISTENHEFT_TEXTLAYER_GELESEN; Originalmatrix/Skalenkopf und E1-Filter gelesen,ESS11-DE Fragebogen PDF S. 90; H2.F; Listenheft Liste 89 / PDF S. 94,"Portrait beschreibt eine persönliche Wert-/Zielorientierung zu Überraschungen, neue Aktivitäten und Abwechslung. Urteil nur über Ähnlichkeit zum gesamten beschriebenen Menschen; keine relative Wertpriorität, kein Gegenwert aus geringer Ähnlichkeit. Parallele Geschlechtsfassung ist kein unabhängiges Konstrukt.",FALLEND,"Mehr Ähnlichkeit mit einer Person, der Überraschungen, neue Aktivitäten und Abwechslung wichtig ist.",Nichtantwort-/Routingcodes sind keine Skalenpole; zusätzliche gültige nominale Inhalte bleiben erhalten.
H2.G,JA,ORDINAL_PORTRAITAehnlichkeit_1_6,E1=2; Portraitfassung weiblich; Q85–92,ORIGINAL_FRAGEBOGEN_TEXTLAYER_GELESEN; LISTENHEFT_TEXTLAYER_GELESEN; Originalmatrix/Skalenkopf und E1-Filter gelesen,ESS11-DE Fragebogen PDF S. 90; H2.G; Listenheft Liste 89 / PDF S. 94,"Portrait beschreibt eine persönliche Wert-/Zielorientierung zu Gehorsam und Regeltreue auch ohne Beobachtung. Urteil nur über Ähnlichkeit zum gesamten beschriebenen Menschen; keine relative Wertpriorität, kein Gegenwert aus geringer Ähnlichkeit. Parallele Geschlechtsfassung ist kein unabhängiges Konstrukt.",FALLEND,"Mehr Ähnlichkeit mit einer Person, der Gehorsam und Regeltreue auch ohne Beobachtung wichtig ist.",Nichtantwort-/Routingcodes sind keine Skalenpole; zusätzliche gültige nominale Inhalte bleiben erhalten.
H2.H,JA,ORDINAL_PORTRAITAehnlichkeit_1_6,E1=2; Portraitfassung weiblich; Q85–92,ORIGINAL_FRAGEBOGEN_TEXTLAYER_GELESEN; LISTENHEFT_TEXTLAYER_GELESEN; Originalmatrix/Skalenkopf und E1-Filter gelesen,ESS11-DE Fragebogen PDF S. 90; H2.H; Listenheft Liste 89 / PDF S. 94,"Portrait beschreibt eine persönliche Wert-/Zielorientierung zu Zuhören und Verstehen andersdenkender/anderer Menschen. Urteil nur über Ähnlichkeit zum gesamten beschriebenen Menschen; keine relative Wertpriorität, kein Gegenwert aus geringer Ähnlichkeit. Parallele Geschlechtsfassung ist kein unabhängiges Konstrukt.",FALLEND,"Mehr Ähnlichkeit mit einer Person, der Zuhören und Verstehen andersdenkender/anderer Menschen wichtig ist.",Nichtantwort-/Routingcodes sind keine Skalenpole; zusätzliche gültige nominale Inhalte bleiben erhalten.
H2.I,JA,ORDINAL_PORTRAITAehnlichkeit_1_6,E1=2; Portraitfassung weiblich; Q85–92,ORIGINAL_FRAGEBOGEN_TEXTLAYER_GELESEN; LISTENHEFT_TEXTLAYER_GELESEN; Originalmatrix/Skalenkopf und E1-Filter gelesen,ESS11-DE Fragebogen PDF S. 90; H2.I; Listenheft Liste 89 / PDF S. 94,"Portrait beschreibt eine persönliche Wert-/Zielorientierung zu Zurückhaltung und Bescheidenheit ohne Aufmerksamkeit. Urteil nur über Ähnlichkeit zum gesamten beschriebenen Menschen; keine relative Wertpriorität, kein Gegenwert aus geringer Ähnlichkeit. Parallele Geschlechtsfassung ist kein unabhängiges Konstrukt.",FALLEND,"Mehr Ähnlichkeit mit einer Person, der Zurückhaltung und Bescheidenheit ohne Aufmerksamkeit wichtig ist.",Nichtantwort-/Routingcodes sind keine Skalenpole; zusätzliche gültige nominale Inhalte bleiben erhalten.
H2.J,JA,ORDINAL_PORTRAITAehnlichkeit_1_6,E1=2; Portraitfassung weiblich; Q85–92,ORIGINAL_FRAGEBOGEN_TEXTLAYER_GELESEN; LISTENHEFT_TEXTLAYER_GELESEN; Originalmatrix/Skalenkopf und E1-Filter gelesen,ESS11-DE Fragebogen PDF S. 90; H2.J; Listenheft Liste 89 / PDF S. 94,"Portrait beschreibt eine persönliche Wert-/Zielorientierung zu Spaß und sich etwas gönnen. Urteil nur über Ähnlichkeit zum gesamten beschriebenen Menschen; keine relative Wertpriorität, kein Gegenwert aus geringer Ähnlichkeit. Parallele Geschlechtsfassung ist kein unabhängiges Konstrukt.",FALLEND,"Mehr Ähnlichkeit mit einer Person, der Spaß und sich etwas gönnen wichtig ist.",Nichtantwort-/Routingcodes sind keine Skalenpole; zusätzliche gültige nominale Inhalte bleiben erhalten.
H2.K,JA,ORDINAL_PORTRAITAehnlichkeit_1_6,E1=2; Portraitfassung weiblich; Q85–92,ORIGINAL_FRAGEBOGEN_TEXTLAYER_GELESEN; LISTENHEFT_TEXTLAYER_GELESEN; Originalmatrix/Skalenkopf und E1-Filter gelesen,ESS11-DE Fragebogen PDF S. 91; H2.K; Listenheft Liste 89 / PDF S. 94,"Portrait beschreibt eine persönliche Wert-/Zielorientierung zu eigene Entscheidungen, Freiheit und Unabhängigkeit. Urteil nur über Ähnlichkeit zum gesamten beschriebenen Menschen; keine relative Wertpriorität, kein Gegenwert aus geringer Ähnlichkeit. Parallele Geschlechtsfassung ist kein unabhängiges Konstrukt.",FALLEND,"Mehr Ähnlichkeit mit einer Person, der eigene Entscheidungen, Freiheit und Unabhängigkeit wichtig ist.",Nichtantwort-/Routingcodes sind keine Skalenpole; zusätzliche gültige nominale Inhalte bleiben erhalten.
H2.L,JA,ORDINAL_PORTRAITAehnlichkeit_1_6,E1=2; Portraitfassung weiblich; Q85–92,ORIGINAL_FRAGEBOGEN_TEXTLAYER_GELESEN; LISTENHEFT_TEXTLAYER_GELESEN; Originalmatrix/Skalenkopf und E1-Filter gelesen,ESS11-DE Fragebogen PDF S. 91; H2.L; Listenheft Liste 89 / PDF S. 94,"Portrait beschreibt eine persönliche Wert-/Zielorientierung zu Helfen und Fürsorge für Menschen in der Nähe. Urteil nur über Ähnlichkeit zum gesamten beschriebenen Menschen; keine relative Wertpriorität, kein Gegenwert aus geringer Ähnlichkeit. Parallele Geschlechtsfassung ist kein unabhängiges Konstrukt.",FALLEND,"Mehr Ähnlichkeit mit einer Person, der Helfen und Fürsorge für Menschen in der Nähe wichtig ist.",Nichtantwort-/Routingcodes sind keine Skalenpole; zusätzliche gültige nominale Inhalte bleiben erhalten.
H2.M,JA,ORDINAL_PORTRAITAehnlichkeit_1_6,E1=2; Portraitfassung weiblich; Q85–92,ORIGINAL_FRAGEBOGEN_TEXTLAYER_GELESEN; LISTENHEFT_TEXTLAYER_GELESEN; Originalmatrix/Skalenkopf und E1-Filter gelesen,ESS11-DE Fragebogen PDF S. 91; H2.M; Listenheft Liste 89 / PDF S. 94,"Portrait beschreibt eine persönliche Wert-/Zielorientierung zu eigener Erfolg und Anerkennung der Leistung. Urteil nur über Ähnlichkeit zum gesamten beschriebenen Menschen; keine relative Wertpriorität, kein Gegenwert aus geringer Ähnlichkeit. Parallele Geschlechtsfassung ist kein unabhängiges Konstrukt.",FALLEND,"Mehr Ähnlichkeit mit einer Person, der eigener Erfolg und Anerkennung der Leistung wichtig ist.",Nichtantwort-/Routingcodes sind keine Skalenpole; zusätzliche gültige nominale Inhalte bleiben erhalten.
H2.N,JA,ORDINAL_PORTRAITAehnlichkeit_1_6,E1=2; Portraitfassung weiblich; Q85–92,ORIGINAL_FRAGEBOGEN_TEXTLAYER_GELESEN; LISTENHEFT_TEXTLAYER_GELESEN; Originalmatrix/Skalenkopf und E1-Filter gelesen,ESS11-DE Fragebogen PDF S. 91; H2.N; Listenheft Liste 89 / PDF S. 94,"Portrait beschreibt eine persönliche Wert-/Zielorientierung zu Gewährleistung eigener Sicherheit durch einen starken schützenden Staat. Urteil nur über Ähnlichkeit zum gesamten beschriebenen Menschen; keine relative Wertpriorität, kein Gegenwert aus geringer Ähnlichkeit. Parallele Geschlechtsfassung ist kein unabhängiges Konstrukt.",FALLEND,"Mehr Ähnlichkeit mit einer Person, der Gewährleistung eigener Sicherheit durch einen starken schützenden Staat wichtig ist.",Nichtantwort-/Routingcodes sind keine Skalenpole; zusätzliche gültige nominale Inhalte bleiben erhalten.
H2.O,JA,ORDINAL_PORTRAITAehnlichkeit_1_6,E1=2; Portraitfassung weiblich; Q85–92,ORIGINAL_FRAGEBOGEN_TEXTLAYER_GELESEN; LISTENHEFT_TEXTLAYER_GELESEN; Originalmatrix/Skalenkopf und E1-Filter gelesen,ESS11-DE Fragebogen PDF S. 91; H2.O; Listenheft Liste 89 / PDF S. 94,"Portrait beschreibt eine persönliche Wert-/Zielorientierung zu Abenteuer, Risikobereitschaft und aufregendes Leben. Urteil nur über Ähnlichkeit zum gesamten beschriebenen Menschen; keine relative Wertpriorität, kein Gegenwert aus geringer Ähnlichkeit. Parallele Geschlechtsfassung ist kein unabhängiges Konstrukt.",FALLEND,"Mehr Ähnlichkeit mit einer Person, der Abenteuer, Risikobereitschaft und aufregendes Leben wichtig ist.",Nichtantwort-/Routingcodes sind keine Skalenpole; zusätzliche gültige nominale Inhalte bleiben erhalten.
H2.P,JA,ORDINAL_PORTRAITAehnlichkeit_1_6,E1=2; Portraitfassung weiblich; Q85–92,ORIGINAL_FRAGEBOGEN_TEXTLAYER_GELESEN; LISTENHEFT_TEXTLAYER_GELESEN; Originalmatrix/Skalenkopf und E1-Filter gelesen,ESS11-DE Fragebogen PDF S. 91; H2.P; Listenheft Liste 89 / PDF S. 94,"Portrait beschreibt eine persönliche Wert-/Zielorientierung zu korrektes Verhalten und Vermeidung fremder Missbilligung. Urteil nur über Ähnlichkeit zum gesamten beschriebenen Menschen; keine relative Wertpriorität, kein Gegenwert aus geringer Ähnlichkeit. Parallele Geschlechtsfassung ist kein unabhängiges Konstrukt.",FALLEND,"Mehr Ähnlichkeit mit einer Person, der korrektes Verhalten und Vermeidung fremder Missbilligung wichtig ist.",Nichtantwort-/Routingcodes sind keine Skalenpole; zusätzliche gültige nominale Inhalte bleiben erhalten.
H2.Q,JA,ORDINAL_PORTRAITAehnlichkeit_1_6,E1=2; Portraitfassung weiblich; Q85–92,ORIGINAL_FRAGEBOGEN_TEXTLAYER_GELESEN; LISTENHEFT_TEXTLAYER_GELESEN; Originalmatrix/Skalenkopf und E1-Filter gelesen,ESS11-DE Fragebogen PDF S. 91; H2.Q; Listenheft Liste 89 / PDF S. 94,"Portrait beschreibt eine persönliche Wert-/Zielorientierung zu Respekt bekommen und andere zum Befolgen eigener Anweisungen bewegen. Urteil nur über Ähnlichkeit zum gesamten beschriebenen Menschen; keine relative Wertpriorität, kein Gegenwert aus geringer Ähnlichkeit. Parallele Geschlechtsfassung ist kein unabhängiges Konstrukt.",FALLEND,"Mehr Ähnlichkeit mit einer Person, der Respekt bekommen und andere zum Befolgen eigener Anweisungen bewegen wichtig ist.",Nichtantwort-/Routingcodes sind keine Skalenpole; zusätzliche gültige nominale Inhalte bleiben erhalten.
H2.R,JA,ORDINAL_PORTRAITAehnlichkeit_1_6,E1=2; Portraitfassung weiblich; Q85–92,ORIGINAL_FRAGEBOGEN_TEXTLAYER_GELESEN; LISTENHEFT_TEXTLAYER_GELESEN; Originalmatrix/Skalenkopf und E1-Filter gelesen,ESS11-DE Fragebogen PDF S. 92; H2.R; Listenheft Liste 89 / PDF S. 94,"Portrait beschreibt eine persönliche Wert-/Zielorientierung zu Loyalität und Einsatz für Freunde und nahestehende Menschen. Urteil nur über Ähnlichkeit zum gesamten beschriebenen Menschen; keine relative Wertpriorität, kein Gegenwert aus geringer Ähnlichkeit. Parallele Geschlechtsfassung ist kein unabhängiges Konstrukt.",FALLEND,"Mehr Ähnlichkeit mit einer Person, der Loyalität und Einsatz für Freunde und nahestehende Menschen wichtig ist.",Nichtantwort-/Routingcodes sind keine Skalenpole; zusätzliche gültige nominale Inhalte bleiben erhalten.
H2.S,JA,ORDINAL_PORTRAITAehnlichkeit_1_6,E1=2; Portraitfassung weiblich; Q85–92,ORIGINAL_FRAGEBOGEN_TEXTLAYER_GELESEN; LISTENHEFT_TEXTLAYER_GELESEN; Originalmatrix/Skalenkopf und E1-Filter gelesen,ESS11-DE Fragebogen PDF S. 92; H2.S; Listenheft Liste 89 / PDF S. 94,"Portrait beschreibt eine persönliche Wert-/Zielorientierung zu Fürsorge für Natur und Umweltschutz. Urteil nur über Ähnlichkeit zum gesamten beschriebenen Menschen; keine relative Wertpriorität, kein Gegenwert aus geringer Ähnlichkeit. Parallele Geschlechtsfassung ist kein unabhängiges Konstrukt.",FALLEND,"Mehr Ähnlichkeit mit einer Person, der Fürsorge für Natur und Umweltschutz wichtig ist.",Nichtantwort-/Routingcodes sind keine Skalenpole; zusätzliche gültige nominale Inhalte bleiben erhalten.
H2.T,JA,ORDINAL_PORTRAITAehnlichkeit_1_6,E1=2; Portraitfassung weiblich; Q85–92,ORIGINAL_FRAGEBOGEN_TEXTLAYER_GELESEN; LISTENHEFT_TEXTLAYER_GELESEN; Originalmatrix/Skalenkopf und E1-Filter gelesen,ESS11-DE Fragebogen PDF S. 92; H2.T; Listenheft Liste 89 / PDF S. 94,"Portrait beschreibt eine persönliche Wert-/Zielorientierung zu überlieferte Sitten/Gebräuche aus Religion oder Familie. Urteil nur über Ähnlichkeit zum gesamten beschriebenen Menschen; keine relative Wertpriorität, kein Gegenwert aus geringer Ähnlichkeit. Parallele Geschlechtsfassung ist kein unabhängiges Konstrukt.",FALLEND,"Mehr Ähnlichkeit mit einer Person, der überlieferte Sitten/Gebräuche aus Religion oder Familie wichtig ist.",Nichtantwort-/Routingcodes sind keine Skalenpole; zusätzliche gültige nominale Inhalte bleiben erhalten.
H2.U,JA,ORDINAL_PORTRAITAehnlichkeit_1_6,E1=2; Portraitfassung weiblich; Q85–92,ORIGINAL_FRAGEBOGEN_TEXTLAYER_GELESEN; LISTENHEFT_TEXTLAYER_GELESEN; Originalmatrix/Skalenkopf und E1-Filter gelesen,ESS11-DE Fragebogen PDF S. 92; H2.U; Listenheft Liste 89 / PDF S. 94,"Portrait beschreibt eine persönliche Wert-/Zielorientierung zu jede Gelegenheit für Spaß und Vergnügen. Urteil nur über Ähnlichkeit zum gesamten beschriebenen Menschen; keine relative Wertpriorität, kein Gegenwert aus geringer Ähnlichkeit. Parallele Geschlechtsfassung ist kein unabhängiges Konstrukt.",FALLEND,"Mehr Ähnlichkeit mit einer Person, der jede Gelegenheit für Spaß und Vergnügen wichtig ist.",Nichtantwort-/Routingcodes sind keine Skalenpole; zusätzliche gültige nominale Inhalte bleiben erhalten.
I1,UNKLAR,ORDINAL_WAHRSCHEINLICHKEIT_1_5,C30≠55 und C33=1; gleicher Zufallsgruppenpfad wie Modul C; Wiederholungseinleitung Q93–96,ORIGINAL_FRAGEBOGEN_TEXTLAYER_GELESEN; LISTENHEFT_TEXTLAYER_GELESEN,ESS11-DE Fragebogen PDF S. 93; I1; Listenheft Liste 90 / PDF S. 95,"Hypothetische Wirksamkeitsannahme kann Sachwissen oder gesellschaftliche Überzeugung sein; dieselbe inhaltliche Ambiguität wie C34/C37/C40 bleibt bestehen. Wiederholung zur Fragebogenqualitätsprüfung, kein neuer unabhängiger Gegenstand.",FALLEND,"Höhere subjektive Wahrscheinlichkeit, dass kollektive Einschränkung des Energieverbrauchs den Klimawandel reduziert.",Nichtantwort-/Routingcodes sind keine Skalenpole; zusätzliche gültige nominale Inhalte bleiben erhalten.
I2,JA,ORDINAL_WAHRSCHEINLICHKEIT_1_5,C30≠55 und C33=1; gleicher Zufallsgruppenpfad wie Modul C; Wiederholungseinleitung Q93–96,ORIGINAL_FRAGEBOGEN_TEXTLAYER_GELESEN; LISTENHEFT_TEXTLAYER_GELESEN,ESS11-DE Fragebogen PDF S. 93; I2; Listenheft Liste 90 / PDF S. 95,"Subjektive Erwartung kollektiven oder staatlichen Klimahandelns; politische/gesellschaftliche Haltung, keine eigene Handlung und kein Wissenstest. Wiederholung zur Fragebogenqualitätsprüfung, kein neuer unabhängiger Gegenstand.",FALLEND,"Höhere subjektive Wahrscheinlichkeit, dass viele Menschen ihren Energieverbrauch tatsächlich einschränken.",Nichtantwort-/Routingcodes sind keine Skalenpole; zusätzliche gültige nominale Inhalte bleiben erhalten.
I3,JA,ORDINAL_WAHRSCHEINLICHKEIT_1_5,C30≠55 und C33=1; gleicher Zufallsgruppenpfad wie Modul C; Wiederholungseinleitung Q93–96,ORIGINAL_FRAGEBOGEN_TEXTLAYER_GELESEN; LISTENHEFT_TEXTLAYER_GELESEN,ESS11-DE Fragebogen PDF S. 93; I3; Listenheft Liste 90 / PDF S. 95,"Subjektive Erwartung kollektiven oder staatlichen Klimahandelns; politische/gesellschaftliche Haltung, keine eigene Handlung und kein Wissenstest. Wiederholung zur Fragebogenqualitätsprüfung, kein neuer unabhängiger Gegenstand.",FALLEND,"Höhere subjektive Wahrscheinlichkeit, dass genug Staaten Maßnahmen zur Verringerung des Klimawandels ergreifen.",Nichtantwort-/Routingcodes sind keine Skalenpole; zusätzliche gültige nominale Inhalte bleiben erhalten.
I4,UNKLAR,ORDINAL_WAHRSCHEINLICHKEIT_0_4,C30≠55 und C33=2; gleicher Zufallsgruppenpfad wie Modul C; Wiederholungseinleitung Q93–96,ORIGINAL_FRAGEBOGEN_TEXTLAYER_GELESEN; LISTENHEFT_TEXTLAYER_GELESEN,ESS11-DE Fragebogen PDF S. 94; I4; Listenheft Liste 91 / PDF S. 96,"Hypothetische Wirksamkeitsannahme kann Sachwissen oder gesellschaftliche Überzeugung sein; dieselbe inhaltliche Ambiguität wie C34/C37/C40 bleibt bestehen. Wiederholung zur Fragebogenqualitätsprüfung, kein neuer unabhängiger Gegenstand.",STEIGEND,"Höhere subjektive Wahrscheinlichkeit, dass kollektive Einschränkung des Energieverbrauchs den Klimawandel reduziert.",Nichtantwort-/Routingcodes sind keine Skalenpole; zusätzliche gültige nominale Inhalte bleiben erhalten.
I5,JA,ORDINAL_WAHRSCHEINLICHKEIT_0_4,C30≠55 und C33=2; gleicher Zufallsgruppenpfad wie Modul C; Wiederholungseinleitung Q93–96,ORIGINAL_FRAGEBOGEN_TEXTLAYER_GELESEN; LISTENHEFT_TEXTLAYER_GELESEN,ESS11-DE Fragebogen PDF S. 94; I5; Listenheft Liste 91 / PDF S. 96,"Subjektive Erwartung kollektiven oder staatlichen Klimahandelns; politische/gesellschaftliche Haltung, keine eigene Handlung und kein Wissenstest. Wiederholung zur Fragebogenqualitätsprüfung, kein neuer unabhängiger Gegenstand.",STEIGEND,"Höhere subjektive Wahrscheinlichkeit, dass viele Menschen ihren Energieverbrauch tatsächlich einschränken.",Nichtantwort-/Routingcodes sind keine Skalenpole; zusätzliche gültige nominale Inhalte bleiben erhalten.
I6,JA,ORDINAL_WAHRSCHEINLICHKEIT_0_4,C30≠55 und C33=2; gleicher Zufallsgruppenpfad wie Modul C; Wiederholungseinleitung Q93–96,ORIGINAL_FRAGEBOGEN_TEXTLAYER_GELESEN; LISTENHEFT_TEXTLAYER_GELESEN,ESS11-DE Fragebogen PDF S. 94; I6; Listenheft Liste 91 / PDF S. 96,"Subjektive Erwartung kollektiven oder staatlichen Klimahandelns; politische/gesellschaftliche Haltung, keine eigene Handlung und kein Wissenstest. Wiederholung zur Fragebogenqualitätsprüfung, kein neuer unabhängiger Gegenstand.",STEIGEND,"Höhere subjektive Wahrscheinlichkeit, dass genug Staaten Maßnahmen zur Verringerung des Klimawandels ergreifen.",Nichtantwort-/Routingcodes sind keine Skalenpole; zusätzliche gültige nominale Inhalte bleiben erhalten.
I7,UNKLAR,ORDINAL_WAHRSCHEINLICHKEIT_0_10,C30≠55 und C33=3; gleicher Zufallsgruppenpfad wie Modul C; Wiederholungseinleitung Q93–96,ORIGINAL_FRAGEBOGEN_TEXTLAYER_GELESEN; KEINE_LISTE_NOETIG; Schlussklammer bei wahrscheinlich ist im Fragebogen gedruckt; Liste92 ohne Klammer,ESS11-DE Fragebogen PDF S. 95; I7; Listenheft Liste 92 / PDF S. ,"Hypothetische Wirksamkeitsannahme kann Sachwissen oder gesellschaftliche Überzeugung sein; dieselbe inhaltliche Ambiguität wie C34/C37/C40 bleibt bestehen. Wiederholung zur Fragebogenqualitätsprüfung, kein neuer unabhängiger Gegenstand.",STEIGEND,"Höhere subjektive Wahrscheinlichkeit, dass kollektive Einschränkung des Energieverbrauchs den Klimawandel reduziert.",Nichtantwort-/Routingcodes sind keine Skalenpole; zusätzliche gültige nominale Inhalte bleiben erhalten.
I8,JA,ORDINAL_WAHRSCHEINLICHKEIT_0_10,C30≠55 und C33=3; gleicher Zufallsgruppenpfad wie Modul C; Wiederholungseinleitung Q93–96,ORIGINAL_FRAGEBOGEN_TEXTLAYER_GELESEN; KEINE_LISTE_NOETIG,ESS11-DE Fragebogen PDF S. 95; I8; Listenheft Liste 92 / PDF S. ,"Subjektive Erwartung kollektiven oder staatlichen Klimahandelns; politische/gesellschaftliche Haltung, keine eigene Handlung und kein Wissenstest. Wiederholung zur Fragebogenqualitätsprüfung, kein neuer unabhängiger Gegenstand.",STEIGEND,"Höhere subjektive Wahrscheinlichkeit, dass viele Menschen ihren Energieverbrauch tatsächlich einschränken.",Nichtantwort-/Routingcodes sind keine Skalenpole; zusätzliche gültige nominale Inhalte bleiben erhalten.
I9,JA,ORDINAL_WAHRSCHEINLICHKEIT_0_10,C30≠55 und C33=3; gleicher Zufallsgruppenpfad wie Modul C; Wiederholungseinleitung Q93–96,ORIGINAL_FRAGEBOGEN_TEXTLAYER_GELESEN; KEINE_LISTE_NOETIG,ESS11-DE Fragebogen PDF S. 96; I9; Listenheft Liste 92 / PDF S. ,"Subjektive Erwartung kollektiven oder staatlichen Klimahandelns; politische/gesellschaftliche Haltung, keine eigene Handlung und kein Wissenstest. Wiederholung zur Fragebogenqualitätsprüfung, kein neuer unabhängiger Gegenstand.",STEIGEND,"Höhere subjektive Wahrscheinlichkeit, dass genug Staaten Maßnahmen zur Verringerung des Klimawandels ergreifen.",Nichtantwort-/Routingcodes sind keine Skalenpole; zusätzliche gültige nominale Inhalte bleiben erhalten.
K1,NEIN,NOMINAL_EINFACH,AN ALLE,ORIGINAL_FRAGEBOGEN_TEXTLAYER_GELESEN; LISTENHEFT_TEXTLAYER_GELESEN,ESS11-DE Fragebogen PDF S. 97; K1; Listenheft Liste 93 / PDF S. 98,Eigene tatsächliche/vermutete COVID-Infektion seit Anfang 2020. Gesundheitserfahrung oder eigenes Verhalten; keine Impfpolitik- oder Pandemiehaltung.,KEINE,Keine gemeinsame numerische Ordnung der genannten Kategorien.,Nichtantwort-/Routingcodes sind keine Skalenpole; zusätzliche gültige nominale Inhalte bleiben erhalten.
K2,NEIN,NOMINAL_EINFACH,K1=1 oder 2; Q97,ORIGINAL_FRAGEBOGEN_TEXTLAYER_GELESEN; LISTENHEFT_TEXTLAYER_GELESEN,ESS11-DE Fragebogen PDF S. 97; K2; Listenheft Liste 94 / PDF S. 99,Eigene neue Symptome mindestens drei Monate nach COVID-Infektion. Gesundheitserfahrung oder eigenes Verhalten; keine Impfpolitik- oder Pandemiehaltung.,KEINE,Keine gemeinsame numerische Ordnung der genannten Kategorien.,Nichtantwort-/Routingcodes sind keine Skalenpole; zusätzliche gültige nominale Inhalte bleiben erhalten.
K3,NEIN,NOMINAL_EINFACH,K2=1; Q97,ORIGINAL_FRAGEBOGEN_TEXTLAYER_GELESEN; LISTENHEFT_TEXTLAYER_GELESEN,ESS11-DE Fragebogen PDF S. 97; K3; Listenheft Liste 94 / PDF S. 99,Aktueller Fortbestand eigener Langzeitsymptome. Gesundheitserfahrung oder eigenes Verhalten; keine Impfpolitik- oder Pandemiehaltung.,KEINE,Keine gemeinsame numerische Ordnung der genannten Kategorien.,Nichtantwort-/Routingcodes sind keine Skalenpole; zusätzliche gültige nominale Inhalte bleiben erhalten.
K4,NEIN,NOMINAL_EINFACH,AN ALLE,ORIGINAL_FRAGEBOGEN_TEXTLAYER_GELESEN; KEINE_LISTE_NOETIG,ESS11-DE Fragebogen PDF S. 97; K4,Eigene mindestens einmalige Coronavirusimpfung. Gesundheitserfahrung oder eigenes Verhalten; keine Impfpolitik- oder Pandemiehaltung.,KEINE,Keine gemeinsame numerische Ordnung der genannten Kategorien.,Nichtantwort-/Routingcodes sind keine Skalenpole; zusätzliche gültige nominale Inhalte bleiben erhalten.
J1,NEIN,ORDINAL_INTERVIEWERBEOBACHTUNG_1_5,Interviewer ohne Befragte; Q98–99,ORIGINAL_FRAGEBOGEN_TEXTLAYER_GELESEN; KEINE_LISTE_NOETIG,ESS11-DE Fragebogen PDF S. 98; J1,"Interviewerbeurteilung des Interviews; Interviewverwaltung, keine Befragteneinstellung.",STEIGEND,Häufigere Interviewerwahrnehmung von Nachfragen um Erläuterungen.,Nichtantwort-/Routingcodes sind keine Skalenpole; zusätzliche gültige nominale Inhalte bleiben erhalten.
J2,NEIN,ORDINAL_INTERVIEWERBEOBACHTUNG_1_5,Interviewer ohne Befragte; Q98–99,ORIGINAL_FRAGEBOGEN_TEXTLAYER_GELESEN; KEINE_LISTE_NOETIG,ESS11-DE Fragebogen PDF S. 98; J2,"Interviewerbeurteilung des Interviews; Interviewverwaltung, keine Befragteneinstellung.",STEIGEND,Häufigere Interviewerwahrnehmung von widerwilligen Antworten.,Nichtantwort-/Routingcodes sind keine Skalenpole; zusätzliche gültige nominale Inhalte bleiben erhalten.
J3,NEIN,ORDINAL_INTERVIEWERBEOBACHTUNG_1_5,Interviewer ohne Befragte; Q98–99,ORIGINAL_FRAGEBOGEN_TEXTLAYER_GELESEN; KEINE_LISTE_NOETIG,ESS11-DE Fragebogen PDF S. 99; J3,"Interviewerbeurteilung des Interviews; Interviewverwaltung, keine Befragteneinstellung.",STEIGEND,Häufigere Interviewerwahrnehmung von Bemühung um bestmögliche Antworten.,Nichtantwort-/Routingcodes sind keine Skalenpole; zusätzliche gültige nominale Inhalte bleiben erhalten.
J4,NEIN,ORDINAL_INTERVIEWERBEOBACHTUNG_1_5,Interviewer ohne Befragte; Q98–99,ORIGINAL_FRAGEBOGEN_TEXTLAYER_GELESEN; KEINE_LISTE_NOETIG,ESS11-DE Fragebogen PDF S. 99; J4,"Interviewerbeurteilung des Interviews; Interviewverwaltung, keine Befragteneinstellung.",STEIGEND,Häufigere Interviewerwahrnehmung von Verstehen der Fragen.,Nichtantwort-/Routingcodes sind keine Skalenpole; zusätzliche gültige nominale Inhalte bleiben erhalten.
J5,NEIN,NOMINAL_EINFACH,Interviewer; Q99,ORIGINAL_FRAGEBOGEN_TEXTLAYER_GELESEN; KEINE_LISTE_NOETIG,ESS11-DE Fragebogen PDF S. 99; J5,"Einmischung anderer anwesender Personen. Interviewverwaltung, keine politische Haltung.",KEINE,Keine gemeinsame numerische Ordnung der genannten Kategorien.,Nichtantwort-/Routingcodes sind keine Skalenpole; zusätzliche gültige nominale Inhalte bleiben erhalten.
J6,NEIN,NOMINAL_MEHRFACH,J5=1; Q99,ORIGINAL_FRAGEBOGEN_TEXTLAYER_GELESEN; KEINE_LISTE_NOETIG,ESS11-DE Fragebogen PDF S. 99; J6,"Beziehung der einmischenden Personen zum Befragten. Interviewverwaltung, keine politische Haltung.",KEINE,Keine gemeinsame numerische Ordnung der genannten Kategorien.,Nichtantwort-/Routingcodes sind keine Skalenpole; zusätzliche gültige nominale Inhalte bleiben erhalten.
J7,NEIN,OFFEN_NOMINAL,Interviewer; Q100,ORIGINAL_FRAGEBOGEN_TEXTLAYER_GELESEN; KEINE_LISTE_NOETIG,ESS11-DE Fragebogen PDF S. 100; J7,"Sprache des Interviews. Interviewverwaltung, keine politische Haltung.",KEINE,Keine gemeinsame numerische Ordnung der genannten Kategorien.,Nichtantwort-/Routingcodes sind keine Skalenpole; zusätzliche gültige nominale Inhalte bleiben erhalten.
J8,NEIN,OFFENE_VERWALTUNGSKENNUNG,Interviewer; Q100,ORIGINAL_FRAGEBOGEN_TEXTLAYER_GELESEN; KEINE_LISTE_NOETIG,ESS11-DE Fragebogen PDF S. 100; J8,"Kennung des Interviewers. Interviewverwaltung, keine politische Haltung.",KEINE,Keine gemeinsame numerische Ordnung der genannten Kategorien.,Nichtantwort-/Routingcodes sind keine Skalenpole; zusätzliche gültige nominale Inhalte bleiben erhalten.
J9,NEIN,FREITEXT_VERWALTUNG,Interviewer; Q100,ORIGINAL_FRAGEBOGEN_TEXTLAYER_GELESEN; KEINE_LISTE_NOETIG,ESS11-DE Fragebogen PDF S. 100; J9,"Freie Anmerkungen zum Interview. Interviewverwaltung, keine politische Haltung.",KEINE,Keine gemeinsame numerische Ordnung der genannten Kategorien.,Nichtantwort-/Routingcodes sind keine Skalenpole; zusätzliche gültige nominale Inhalte bleiben erhalten.
