inventar_id,frage_id,eignung,antworttyp,geltung,originalstatus,fundstelle,begruendung,ordnungsrichtung,hoeherer_polinhaltsvorschlag,originalsicht_wortlaut_status,originalsicht_kategorien_status,quelle_sha256,reviewer,manifest_sha256
A1,A1,NEIN,Offene Zeitangabe Stunden/Minuten,An alle; Nichtantwortcodes sind keine Skalenpole.,FRAGEBOGEN_TEXTLAYER_BLOCK_MANUELL_GELESEN; ORIGINALSICHT_ENTWURF; KEINE_ZELLENWEISE_VOLLABNAHME,"ESS11-DE Fragebogen PDF/gedruckte Seiten 3, Originalblock A1",Erhebt eigenen Medienkonsum. Die politische Themenwahl macht eine Verhaltensmenge nicht zu einer gesellschaftlichen Position.,STEIGEND,Mehr eigene tägliche Zeit mit politischen Nachrichten.,ENTWURF_TEXTBLOCK_AUTOMATISCH,OFFEN_ORIGINALANTWORTBLOCK_NOCH_NICHT_ZELLENWEISE,be6fbca3efbe18a062a6ae96d242a7f79e02b511bd5fcf03d448943bb3a5ae75,Codex Methoden-Erstbewertung 2,6d6bad17cd27ee92dc402cf5e7ef67df4de582a50a3dcdbc3aacb76c4d883501
A2,A2,NEIN,Geordnete Nutzungshäufigkeit 1–5,An alle; Nichtantwortcodes sind keine Skalenpole.,FRAGEBOGEN_TEXTLAYER_BLOCK_MANUELL_GELESEN; ORIGINALSICHT_ENTWURF; KEINE_ZELLENWEISE_VOLLABNAHME; LISTENHEFT_TEXTLAYER_GELESEN,"ESS11-DE Fragebogen PDF/gedruckte Seiten 3, Originalblock A2; Listenheft Liste 1, PDF-Seite 2",Erhebt Nutzungshäufigkeit bei Arbeit oder privat; kein politisches Urteil und keine Wertorientierung.,STEIGEND,Häufigere eigene Internetnutzung.,ENTWURF_TEXTBLOCK_AUTOMATISCH,ENTWURF_VERTIKALE_CODES_LABELZEILEN_NACHPRUEFEN,be6fbca3efbe18a062a6ae96d242a7f79e02b511bd5fcf03d448943bb3a5ae75,Codex Methoden-Erstbewertung 2,6d6bad17cd27ee92dc402cf5e7ef67df4de582a50a3dcdbc3aacb76c4d883501
A3,A3,NEIN,Offene Zeitangabe Stunden/Minuten,Nur A2=4 oder 5.,FRAGEBOGEN_TEXTLAYER_BLOCK_MANUELL_GELESEN; ORIGINALSICHT_ENTWURF; KEINE_ZELLENWEISE_VOLLABNAHME,"ESS11-DE Fragebogen PDF/gedruckte Seiten 3, Originalblock A3",Erhebt Verhalten; der Filter beschränkt die Geltung auf häufige Internetnutzer.,STEIGEND,Mehr eigene tägliche Internetnutzungszeit.,ENTWURF_TEXTBLOCK_AUTOMATISCH,OFFEN_ORIGINALANTWORTBLOCK_NOCH_NICHT_ZELLENWEISE,be6fbca3efbe18a062a6ae96d242a7f79e02b511bd5fcf03d448943bb3a5ae75,Codex Methoden-Erstbewertung 2,6d6bad17cd27ee92dc402cf5e7ef67df4de582a50a3dcdbc3aacb76c4d883501
A4,A4,JA,Bipolare Bewertung 0–10,An alle; Nichtantwortcodes sind keine Skalenpole.,FRAGEBOGEN_TEXTLAYER_BLOCK_MANUELL_GELESEN; ORIGINALSICHT_ENTWURF; KEINE_ZELLENWEISE_VOLLABNAHME; LISTENHEFT_TEXTLAYER_GELESEN,"ESS11-DE Fragebogen PDF/gedruckte Seiten 4, Originalblock A4; Listenheft Liste 2, PDF-Seite 3",Beurteilt allgemeines soziales Vertrauen als gesellschaftliches Menschenbild. Keine Wissensfrage mit nachgewiesener richtiger Antwort und keine einzelne eigene Erfahrung.,STEIGEND,Stärkeres generalisiertes Vertrauen in die meisten Menschen.,ENTWURF_TEXTBLOCK_AUTOMATISCH,OFFEN_ORIGINALANTWORTBLOCK_NOCH_NICHT_ZELLENWEISE,be6fbca3efbe18a062a6ae96d242a7f79e02b511bd5fcf03d448943bb3a5ae75,Codex Methoden-Erstbewertung 2,6d6bad17cd27ee92dc402cf5e7ef67df4de582a50a3dcdbc3aacb76c4d883501
A5,A5,JA,Bipolare Bewertung 0–10,An alle; Nichtantwortcodes sind keine Skalenpole.,FRAGEBOGEN_TEXTLAYER_BLOCK_MANUELL_GELESEN; ORIGINALSICHT_ENTWURF; KEINE_ZELLENWEISE_VOLLABNAHME; LISTENHEFT_TEXTLAYER_GELESEN,"ESS11-DE Fragebogen PDF/gedruckte Seiten 4, Originalblock A5; Listenheft Liste 3, PDF-Seite 4","Allgemeines evaluatives Menschenbild zur Fairness, nicht Bericht einer tatsächlich erlebten Ausbeutung.",STEIGEND,"Stärkere Erwartung, dass die meisten Menschen sich fair verhalten.",ENTWURF_TEXTBLOCK_AUTOMATISCH,OFFEN_ORIGINALANTWORTBLOCK_NOCH_NICHT_ZELLENWEISE,be6fbca3efbe18a062a6ae96d242a7f79e02b511bd5fcf03d448943bb3a5ae75,Codex Methoden-Erstbewertung 2,6d6bad17cd27ee92dc402cf5e7ef67df4de582a50a3dcdbc3aacb76c4d883501
A6,A6,JA,Bipolare Bewertung 0–10,An alle; Nichtantwortcodes sind keine Skalenpole.,FRAGEBOGEN_TEXTLAYER_BLOCK_MANUELL_GELESEN; ORIGINALSICHT_ENTWURF; KEINE_ZELLENWEISE_VOLLABNAHME; LISTENHEFT_TEXTLAYER_GELESEN,"ESS11-DE Fragebogen PDF/gedruckte Seiten 4|5, Originalblock A6; Listenheft Liste 4, PDF-Seite 5",Allgemeines Urteil über Hilfsbereitschaft und Eigenvorteil als soziale Haltung. Es erhebt nicht die Hilfstätigkeit der befragten Person.,STEIGEND,Stärkere Erwartung allgemeiner Hilfsbereitschaft anderer Menschen.,ENTWURF_TEXTBLOCK_AUTOMATISCH,OFFEN_ORIGINALANTWORTBLOCK_NOCH_NICHT_ZELLENWEISE,be6fbca3efbe18a062a6ae96d242a7f79e02b511bd5fcf03d448943bb3a5ae75,Codex Methoden-Erstbewertung 2,6d6bad17cd27ee92dc402cf5e7ef67df4de582a50a3dcdbc3aacb76c4d883501
B1,B1,NEIN,Interessenstärke 1–4,An alle; Nichtantwortcodes sind keine Skalenpole.,FRAGEBOGEN_TEXTLAYER_BLOCK_MANUELL_GELESEN; ORIGINALSICHT_ENTWURF; KEINE_ZELLENWEISE_VOLLABNAHME,"ESS11-DE Fragebogen PDF/gedruckte Seiten 5, Originalblock B1","Politisches Interesse bezeichnet Aufmerksamkeit für einen Bereich, keine Position zu einer Streitfrage oder ausgesagte Wertorientierung.",FALLEND,Stärkeres eigenes Interesse an Politik.,ENTWURF_TEXTBLOCK_AUTOMATISCH,ENTWURF_VERTIKALE_CODES_LABELZEILEN_NACHPRUEFEN,be6fbca3efbe18a062a6ae96d242a7f79e02b511bd5fcf03d448943bb3a5ae75,Codex Methoden-Erstbewertung 2,6d6bad17cd27ee92dc402cf5e7ef67df4de582a50a3dcdbc3aacb76c4d883501
B2,B2,UNKLAR,Intensität wahrgenommener Mitsprache 1–5,An alle; Nichtantwortcodes sind keine Skalenpole.,FRAGEBOGEN_TEXTLAYER_BLOCK_MANUELL_GELESEN; ORIGINALSICHT_ENTWURF; KEINE_ZELLENWEISE_VOLLABNAHME; LISTENHEFT_TEXTLAYER_GELESEN,"ESS11-DE Fragebogen PDF/gedruckte Seiten 5, Originalblock B2; Listenheft Liste 5, PDF-Seite 6","Der Hauptgegenstand ist das politische System, der Bezugspunkt aber die Regierung und Menschen wie die befragte Person. Institutionelle Bewertung und persönliche politische Wirksamkeit beziehungsweise Regierungsbezug bleiben ohne engere Grenzregel mehrdeutig. Keine automatische Gleichsetzung mit Wissen.",STEIGEND,"Mehr wahrgenommene Mitsprachemöglichkeit bei dem, was die Regierung tut.",ENTWURF_TEXTBLOCK_AUTOMATISCH,ENTWURF_VERTIKALE_CODES_LABELZEILEN_NACHPRUEFEN,be6fbca3efbe18a062a6ae96d242a7f79e02b511bd5fcf03d448943bb3a5ae75,Codex Methoden-Erstbewertung 2,6d6bad17cd27ee92dc402cf5e7ef67df4de582a50a3dcdbc3aacb76c4d883501
B3,B3,NEIN,Selbst eingeschätzte Fähigkeit 1–5,An alle; Nichtantwortcodes sind keine Skalenpole.,FRAGEBOGEN_TEXTLAYER_BLOCK_MANUELL_GELESEN; ORIGINALSICHT_ENTWURF; KEINE_ZELLENWEISE_VOLLABNAHME; LISTENHEFT_TEXTLAYER_GELESEN,"ESS11-DE Fragebogen PDF/gedruckte Seiten 5, Originalblock B3; Listenheft Liste 6, PDF-Seite 7","Erhebt eigene Fähigkeiten, keine gewünschte politische Regel oder gesellschaftliche Wertorientierung.",STEIGEND,"Mehr selbst eingeschätzte Fähigkeit, eine aktive Rolle in einer politischen Gruppe zu übernehmen.",ENTWURF_TEXTBLOCK_AUTOMATISCH,ENTWURF_VERTIKALE_CODES_LABELZEILEN_NACHPRUEFEN,be6fbca3efbe18a062a6ae96d242a7f79e02b511bd5fcf03d448943bb3a5ae75,Codex Methoden-Erstbewertung 2,6d6bad17cd27ee92dc402cf5e7ef67df4de582a50a3dcdbc3aacb76c4d883501
B4,B4,JA,Intensität wahrgenommener politischer Einflussmöglichkeit 1–5,An alle; Nichtantwortcodes sind keine Skalenpole.,FRAGEBOGEN_TEXTLAYER_BLOCK_MANUELL_GELESEN; ORIGINALSICHT_ENTWURF; KEINE_ZELLENWEISE_VOLLABNAHME; LISTENHEFT_TEXTLAYER_GELESEN,"ESS11-DE Fragebogen PDF/gedruckte Seiten 6, Originalblock B4; Listenheft Liste 7, PDF-Seite 8",Bewertet die Offenheit des politischen Systems für Einflussnahme. Der Originalgegenstand ist gesellschaftlich und evaluativ; anders als B3/B5 wird keine eigene Fähigkeit abgefragt. Keine Wissensprüfung und keine Bewertung der amtierenden Regierung.,STEIGEND,"Mehr wahrgenommene Möglichkeit für Menschen wie die befragte Person, Einfluss auf Politik zu nehmen.",ENTWURF_TEXTBLOCK_AUTOMATISCH,ENTWURF_VERTIKALE_CODES_LABELZEILEN_NACHPRUEFEN,be6fbca3efbe18a062a6ae96d242a7f79e02b511bd5fcf03d448943bb3a5ae75,Codex Methoden-Erstbewertung 2,6d6bad17cd27ee92dc402cf5e7ef67df4de582a50a3dcdbc3aacb76c4d883501
B5,B5,NEIN,Vertrauen in eigene politische Fähigkeiten 1–5,An alle; Nichtantwortcodes sind keine Skalenpole.,FRAGEBOGEN_TEXTLAYER_BLOCK_MANUELL_GELESEN; ORIGINALSICHT_ENTWURF; KEINE_ZELLENWEISE_VOLLABNAHME; LISTENHEFT_TEXTLAYER_GELESEN,"ESS11-DE Fragebogen PDF/gedruckte Seiten 6|7, Originalblock B5; Listenheft Liste 8, PDF-Seite 9","Erhebt Selbstvertrauen in eine persönliche Fähigkeit, keine Position zum politischen System oder zu einer Streitfrage.",STEIGEND,Stärkeres Vertrauen in eigene Fähigkeiten zur politischen Beteiligung.,ENTWURF_TEXTBLOCK_AUTOMATISCH,ENTWURF_VERTIKALE_CODES_LABELZEILEN_NACHPRUEFEN,be6fbca3efbe18a062a6ae96d242a7f79e02b511bd5fcf03d448943bb3a5ae75,Codex Methoden-Erstbewertung 2,6d6bad17cd27ee92dc402cf5e7ef67df4de582a50a3dcdbc3aacb76c4d883501
B6,B6,JA,Unipolares Institutionen-/Personengruppenvertrauen 0–10,An alle; Nichtantwortcodes sind keine Skalenpole.,FRAGEBOGEN_TEXTLAYER_BLOCK_MANUELL_GELESEN; ORIGINALSICHT_ENTWURF; KEINE_ZELLENWEISE_VOLLABNAHME; LISTENHEFT_TEXTLAYER_GELESEN,"ESS11-DE Fragebogen PDF/gedruckte Seiten 7, Originalblock B6; Listenheft Liste 9, PDF-Seite 10","Evaluative Haltung zu Bundestag. Der gemeinsame Originalvorspann fragt Vertrauen, kein belegtes Wissen. Kein benanntes amtierendes Kabinett und keine einzelne Partei; Vertrauen ist unipolar und belegt keine Gegenideologie.",STEIGEND,Mehr Vertrauen in Bundestag.,ENTWURF_TABELLENZELLE,ENTWURF_TABELLENKOPF_UND_ZEILE,be6fbca3efbe18a062a6ae96d242a7f79e02b511bd5fcf03d448943bb3a5ae75,Codex Methoden-Erstbewertung 2,6d6bad17cd27ee92dc402cf5e7ef67df4de582a50a3dcdbc3aacb76c4d883501
B7,B7,JA,Unipolares Institutionen-/Personengruppenvertrauen 0–10,An alle; Nichtantwortcodes sind keine Skalenpole.,FRAGEBOGEN_TEXTLAYER_BLOCK_MANUELL_GELESEN; ORIGINALSICHT_ENTWURF; KEINE_ZELLENWEISE_VOLLABNAHME; LISTENHEFT_TEXTLAYER_GELESEN,"ESS11-DE Fragebogen PDF/gedruckte Seiten 7, Originalblock B7; Listenheft Liste 9, PDF-Seite 10","Evaluative Haltung zu Justiz. Der gemeinsame Originalvorspann fragt Vertrauen, kein belegtes Wissen. Kein benanntes amtierendes Kabinett und keine einzelne Partei; Vertrauen ist unipolar und belegt keine Gegenideologie.",STEIGEND,Mehr Vertrauen in Justiz.,ENTWURF_TABELLENZELLE,ENTWURF_TABELLENKOPF_UND_ZEILE,be6fbca3efbe18a062a6ae96d242a7f79e02b511bd5fcf03d448943bb3a5ae75,Codex Methoden-Erstbewertung 2,6d6bad17cd27ee92dc402cf5e7ef67df4de582a50a3dcdbc3aacb76c4d883501
B8,B8,JA,Unipolares Institutionen-/Personengruppenvertrauen 0–10,An alle; Nichtantwortcodes sind keine Skalenpole.,FRAGEBOGEN_TEXTLAYER_BLOCK_MANUELL_GELESEN; ORIGINALSICHT_ENTWURF; KEINE_ZELLENWEISE_VOLLABNAHME; LISTENHEFT_TEXTLAYER_GELESEN,"ESS11-DE Fragebogen PDF/gedruckte Seiten 7, Originalblock B8; Listenheft Liste 9, PDF-Seite 10","Evaluative Haltung zu Polizei. Der gemeinsame Originalvorspann fragt Vertrauen, kein belegtes Wissen. Kein benanntes amtierendes Kabinett und keine einzelne Partei; Vertrauen ist unipolar und belegt keine Gegenideologie.",STEIGEND,Mehr Vertrauen in Polizei.,ENTWURF_TABELLENZELLE,ENTWURF_TABELLENKOPF_UND_ZEILE,be6fbca3efbe18a062a6ae96d242a7f79e02b511bd5fcf03d448943bb3a5ae75,Codex Methoden-Erstbewertung 2,6d6bad17cd27ee92dc402cf5e7ef67df4de582a50a3dcdbc3aacb76c4d883501
B9,B9,JA,Unipolares Institutionen-/Personengruppenvertrauen 0–10,An alle; Nichtantwortcodes sind keine Skalenpole.,FRAGEBOGEN_TEXTLAYER_BLOCK_MANUELL_GELESEN; ORIGINALSICHT_ENTWURF; KEINE_ZELLENWEISE_VOLLABNAHME; LISTENHEFT_TEXTLAYER_GELESEN,"ESS11-DE Fragebogen PDF/gedruckte Seiten 7, Originalblock B9; Listenheft Liste 9, PDF-Seite 10","Evaluative Haltung zu Politikerinnen und Politiker als Personengruppe. Der gemeinsame Originalvorspann fragt Vertrauen, kein belegtes Wissen. Kein benanntes amtierendes Kabinett und keine einzelne Partei; Vertrauen ist unipolar und belegt keine Gegenideologie.",STEIGEND,Mehr Vertrauen in Politikerinnen und Politiker als Personengruppe.,ENTWURF_TABELLENZELLE,ENTWURF_TABELLENKOPF_UND_ZEILE,be6fbca3efbe18a062a6ae96d242a7f79e02b511bd5fcf03d448943bb3a5ae75,Codex Methoden-Erstbewertung 2,6d6bad17cd27ee92dc402cf5e7ef67df4de582a50a3dcdbc3aacb76c4d883501
B10,B10,NEIN,Unipolares Parteienvertrauen 0–10,An alle; Nichtantwortcodes sind keine Skalenpole.,FRAGEBOGEN_TEXTLAYER_BLOCK_MANUELL_GELESEN; ORIGINALSICHT_ENTWURF; KEINE_ZELLENWEISE_VOLLABNAHME; LISTENHEFT_TEXTLAYER_GELESEN,"ESS11-DE Fragebogen PDF/gedruckte Seiten 7, Originalblock B10; Listenheft Liste 9, PDF-Seite 10",Der Originalgegenstand sind ausdrücklich Parteien. Der Ausschluss von Parteibezug gilt auch für diese allgemeine Parteienbewertung.,STEIGEND,Mehr Vertrauen in Parteien.,ENTWURF_TABELLENZELLE,ENTWURF_TABELLENKOPF_UND_ZEILE,be6fbca3efbe18a062a6ae96d242a7f79e02b511bd5fcf03d448943bb3a5ae75,Codex Methoden-Erstbewertung 2,6d6bad17cd27ee92dc402cf5e7ef67df4de582a50a3dcdbc3aacb76c4d883501
B11,B11,JA,Unipolares Institutionen-/Personengruppenvertrauen 0–10,An alle; Nichtantwortcodes sind keine Skalenpole.,FRAGEBOGEN_TEXTLAYER_BLOCK_MANUELL_GELESEN; ORIGINALSICHT_ENTWURF; KEINE_ZELLENWEISE_VOLLABNAHME; LISTENHEFT_TEXTLAYER_GELESEN,"ESS11-DE Fragebogen PDF/gedruckte Seiten 7, Originalblock B11; Listenheft Liste 9, PDF-Seite 10","Evaluative Haltung zu Europäisches Parlament. Der gemeinsame Originalvorspann fragt Vertrauen, kein belegtes Wissen. Kein benanntes amtierendes Kabinett und keine einzelne Partei; Vertrauen ist unipolar und belegt keine Gegenideologie.",STEIGEND,Mehr Vertrauen in Europäisches Parlament.,ENTWURF_TABELLENZELLE,ENTWURF_TABELLENKOPF_UND_ZEILE,be6fbca3efbe18a062a6ae96d242a7f79e02b511bd5fcf03d448943bb3a5ae75,Codex Methoden-Erstbewertung 2,6d6bad17cd27ee92dc402cf5e7ef67df4de582a50a3dcdbc3aacb76c4d883501
B12,B12,JA,Unipolares Institutionen-/Personengruppenvertrauen 0–10,An alle; Nichtantwortcodes sind keine Skalenpole.,FRAGEBOGEN_TEXTLAYER_BLOCK_MANUELL_GELESEN; ORIGINALSICHT_ENTWURF; KEINE_ZELLENWEISE_VOLLABNAHME; LISTENHEFT_TEXTLAYER_GELESEN,"ESS11-DE Fragebogen PDF/gedruckte Seiten 7, Originalblock B12; Listenheft Liste 9, PDF-Seite 10","Evaluative Haltung zu Vereinte Nationen. Der gemeinsame Originalvorspann fragt Vertrauen, kein belegtes Wissen. Kein benanntes amtierendes Kabinett und keine einzelne Partei; Vertrauen ist unipolar und belegt keine Gegenideologie.",STEIGEND,Mehr Vertrauen in Vereinte Nationen.,ENTWURF_TABELLENZELLE,ENTWURF_TABELLENKOPF_UND_ZEILE,be6fbca3efbe18a062a6ae96d242a7f79e02b511bd5fcf03d448943bb3a5ae75,Codex Methoden-Erstbewertung 2,6d6bad17cd27ee92dc402cf5e7ef67df4de582a50a3dcdbc3aacb76c4d883501
B13,B13,NEIN,Nominale Wahlteilnahme einschließlich fehlender Wahlberechtigung,An alle; Nichtantwortcodes sind keine Skalenpole.,FRAGEBOGEN_TEXTLAYER_BLOCK_MANUELL_GELESEN; ORIGINALSICHT_ENTWURF; KEINE_ZELLENWEISE_VOLLABNAHME,"ESS11-DE Fragebogen PDF/gedruckte Seiten 7|8, Originalblock B13","Erhebt Verhalten bei der Bundestagswahl 2021 und Wahlberechtigung. Die Kategorien 1, 2 und 3 sind keine politische Achse.",KEINE,Kein einheitlicher höherer Pol; die Zahlen bezeichnen Kategorien.,ENTWURF_TEXTBLOCK_AUTOMATISCH,ENTWURF_VERTIKALE_CODES_LABELZEILEN_NACHPRUEFEN,be6fbca3efbe18a062a6ae96d242a7f79e02b511bd5fcf03d448943bb3a5ae75,Codex Methoden-Erstbewertung 2,6d6bad17cd27ee92dc402cf5e7ef67df4de582a50a3dcdbc3aacb76c4d883501
B14a,B14a,NEIN,Nominale Parteikategorie/offene andere Partei,Nur B13=1.,FRAGEBOGEN_TEXTLAYER_BLOCK_MANUELL_GELESEN; ORIGINALSICHT_ENTWURF; KEINE_ZELLENWEISE_VOLLABNAHME,"ESS11-DE Fragebogen PDF/gedruckte Seiten 8, Originalblock B14a",Erhebt Parteizugehörigkeit des gewählten Erststimmenkandidaten bei einer zurückliegenden Wahl. Wahlverhalten und expliziter Parteibezug sind ausgeschlossen.,KEINE,Kein einheitlicher höherer Pol; die Zahlen bezeichnen Kategorien.,ENTWURF_TEXTBLOCK_AUTOMATISCH,ENTWURF_VERTIKALE_CODES_LABELZEILEN_NACHPRUEFEN,be6fbca3efbe18a062a6ae96d242a7f79e02b511bd5fcf03d448943bb3a5ae75,Codex Methoden-Erstbewertung 2,6d6bad17cd27ee92dc402cf5e7ef67df4de582a50a3dcdbc3aacb76c4d883501
B14b,B14b,NEIN,Nominale Parteikategorie/offene andere Partei,Nur B13=1.,FRAGEBOGEN_TEXTLAYER_BLOCK_MANUELL_GELESEN; ORIGINALSICHT_ENTWURF; KEINE_ZELLENWEISE_VOLLABNAHME,"ESS11-DE Fragebogen PDF/gedruckte Seiten 8|9, Originalblock B14b",Erhebt mit Zweitstimme gewählte Partei bei einer zurückliegenden Wahl. Wahlverhalten und expliziter Parteibezug sind ausgeschlossen.,KEINE,Kein einheitlicher höherer Pol; die Zahlen bezeichnen Kategorien.,ENTWURF_TEXTBLOCK_AUTOMATISCH,ENTWURF_VERTIKALE_CODES_LABELZEILEN_NACHPRUEFEN,be6fbca3efbe18a062a6ae96d242a7f79e02b511bd5fcf03d448943bb3a5ae75,Codex Methoden-Erstbewertung 2,6d6bad17cd27ee92dc402cf5e7ef67df4de582a50a3dcdbc3aacb76c4d883501
B15,B15,NEIN,Dichotome Verhaltensangabe Ja=1/Nein=2,An alle; gemeinsamer Vorspann: vergangene 12 Monate.,FRAGEBOGEN_TEXTLAYER_BLOCK_MANUELL_GELESEN; ORIGINALSICHT_ENTWURF; KEINE_ZELLENWEISE_VOLLABNAHME,"ESS11-DE Fragebogen PDF/gedruckte Seiten 9, Originalblock B15",Berichtet eigenes Verhalten: Kontaktaufnahme mit Politiker oder Amtsperson. Der Vorspann legt einen Zeitraum fest; eine konkrete politische Position ergibt sich daraus nicht.,KEINE,Kein einheitlicher höherer Pol; die Zahlen bezeichnen Kategorien.,ENTWURF_TABELLENZELLE,ENTWURF_TABELLENKOPF_UND_ZEILE,be6fbca3efbe18a062a6ae96d242a7f79e02b511bd5fcf03d448943bb3a5ae75,Codex Methoden-Erstbewertung 2,6d6bad17cd27ee92dc402cf5e7ef67df4de582a50a3dcdbc3aacb76c4d883501
B16,B16,NEIN,Dichotome Verhaltensangabe Ja=1/Nein=2,An alle; gemeinsamer Vorspann: vergangene 12 Monate.,FRAGEBOGEN_TEXTLAYER_BLOCK_MANUELL_GELESEN; ORIGINALSICHT_ENTWURF; KEINE_ZELLENWEISE_VOLLABNAHME,"ESS11-DE Fragebogen PDF/gedruckte Seiten 9, Originalblock B16",Berichtet eigenes Verhalten: Spenden/Mitwirkung an Partei oder Interessengruppe. Der Vorspann legt einen Zeitraum fest; eine konkrete politische Position ergibt sich daraus nicht.,KEINE,Kein einheitlicher höherer Pol; die Zahlen bezeichnen Kategorien.,ENTWURF_TABELLENZELLE,ENTWURF_TABELLENKOPF_UND_ZEILE,be6fbca3efbe18a062a6ae96d242a7f79e02b511bd5fcf03d448943bb3a5ae75,Codex Methoden-Erstbewertung 2,6d6bad17cd27ee92dc402cf5e7ef67df4de582a50a3dcdbc3aacb76c4d883501
B17,B17,NEIN,Dichotome Verhaltensangabe Ja=1/Nein=2,An alle; gemeinsamer Vorspann: vergangene 12 Monate.,FRAGEBOGEN_TEXTLAYER_BLOCK_MANUELL_GELESEN; ORIGINALSICHT_ENTWURF; KEINE_ZELLENWEISE_VOLLABNAHME,"ESS11-DE Fragebogen PDF/gedruckte Seiten 9, Originalblock B17",Berichtet eigenes Verhalten: Tragen/Befestigen eines Kampagnenzeichens. Der Vorspann legt einen Zeitraum fest; eine konkrete politische Position ergibt sich daraus nicht.,KEINE,Kein einheitlicher höherer Pol; die Zahlen bezeichnen Kategorien.,ENTWURF_TABELLENZELLE,ENTWURF_TABELLENKOPF_UND_ZEILE,be6fbca3efbe18a062a6ae96d242a7f79e02b511bd5fcf03d448943bb3a5ae75,Codex Methoden-Erstbewertung 2,6d6bad17cd27ee92dc402cf5e7ef67df4de582a50a3dcdbc3aacb76c4d883501
B18,B18,NEIN,Dichotome Verhaltensangabe Ja=1/Nein=2,An alle; gemeinsamer Vorspann: vergangene 12 Monate.,FRAGEBOGEN_TEXTLAYER_BLOCK_MANUELL_GELESEN; ORIGINALSICHT_ENTWURF; KEINE_ZELLENWEISE_VOLLABNAHME,"ESS11-DE Fragebogen PDF/gedruckte Seiten 9, Originalblock B18",Berichtet eigenes Verhalten: Beteiligung an Unterschriftensammlung. Der Vorspann legt einen Zeitraum fest; eine konkrete politische Position ergibt sich daraus nicht.,KEINE,Kein einheitlicher höherer Pol; die Zahlen bezeichnen Kategorien.,ENTWURF_TABELLENZELLE,ENTWURF_TABELLENKOPF_UND_ZEILE,be6fbca3efbe18a062a6ae96d242a7f79e02b511bd5fcf03d448943bb3a5ae75,Codex Methoden-Erstbewertung 2,6d6bad17cd27ee92dc402cf5e7ef67df4de582a50a3dcdbc3aacb76c4d883501
B19,B19,NEIN,Dichotome Verhaltensangabe Ja=1/Nein=2,An alle; gemeinsamer Vorspann: vergangene 12 Monate.,FRAGEBOGEN_TEXTLAYER_BLOCK_MANUELL_GELESEN; ORIGINALSICHT_ENTWURF; KEINE_ZELLENWEISE_VOLLABNAHME,"ESS11-DE Fragebogen PDF/gedruckte Seiten 9, Originalblock B19",Berichtet eigenes Verhalten: Demonstrationsteilnahme. Der Vorspann legt einen Zeitraum fest; eine konkrete politische Position ergibt sich daraus nicht.,KEINE,Kein einheitlicher höherer Pol; die Zahlen bezeichnen Kategorien.,ENTWURF_TABELLENZELLE,ENTWURF_TABELLENKOPF_UND_ZEILE,be6fbca3efbe18a062a6ae96d242a7f79e02b511bd5fcf03d448943bb3a5ae75,Codex Methoden-Erstbewertung 2,6d6bad17cd27ee92dc402cf5e7ef67df4de582a50a3dcdbc3aacb76c4d883501
B20,B20,NEIN,Dichotome Verhaltensangabe Ja=1/Nein=2,An alle; gemeinsamer Vorspann: vergangene 12 Monate.,FRAGEBOGEN_TEXTLAYER_BLOCK_MANUELL_GELESEN; ORIGINALSICHT_ENTWURF; KEINE_ZELLENWEISE_VOLLABNAHME,"ESS11-DE Fragebogen PDF/gedruckte Seiten 9, Originalblock B20",Berichtet eigenes Verhalten: Produktboykott. Der Vorspann legt einen Zeitraum fest; eine konkrete politische Position ergibt sich daraus nicht.,KEINE,Kein einheitlicher höherer Pol; die Zahlen bezeichnen Kategorien.,ENTWURF_TABELLENZELLE,ENTWURF_TABELLENKOPF_UND_ZEILE,be6fbca3efbe18a062a6ae96d242a7f79e02b511bd5fcf03d448943bb3a5ae75,Codex Methoden-Erstbewertung 2,6d6bad17cd27ee92dc402cf5e7ef67df4de582a50a3dcdbc3aacb76c4d883501
B21,B21,NEIN,Dichotome Verhaltensangabe Ja=1/Nein=2,An alle; gemeinsamer Vorspann: vergangene 12 Monate.,FRAGEBOGEN_TEXTLAYER_BLOCK_MANUELL_GELESEN; ORIGINALSICHT_ENTWURF; KEINE_ZELLENWEISE_VOLLABNAHME,"ESS11-DE Fragebogen PDF/gedruckte Seiten 9, Originalblock B21",Berichtet eigenes Verhalten: Posten/Teilen politischer Inhalte im Internet. Der Vorspann legt einen Zeitraum fest; eine konkrete politische Position ergibt sich daraus nicht.,KEINE,Kein einheitlicher höherer Pol; die Zahlen bezeichnen Kategorien.,ENTWURF_TABELLENZELLE,ENTWURF_TABELLENKOPF_UND_ZEILE,be6fbca3efbe18a062a6ae96d242a7f79e02b511bd5fcf03d448943bb3a5ae75,Codex Methoden-Erstbewertung 2,6d6bad17cd27ee92dc402cf5e7ef67df4de582a50a3dcdbc3aacb76c4d883501
B22,B22,NEIN,Dichotome Verhaltensangabe Ja=1/Nein=2,An alle; gemeinsamer Vorspann: vergangene 12 Monate.,FRAGEBOGEN_TEXTLAYER_BLOCK_MANUELL_GELESEN; ORIGINALSICHT_ENTWURF; KEINE_ZELLENWEISE_VOLLABNAHME,"ESS11-DE Fragebogen PDF/gedruckte Seiten 9, Originalblock B22",Berichtet eigenes Verhalten: ehrenamtliche Tätigkeit für gemeinnützige/wohltätige Organisation. Der Vorspann legt einen Zeitraum fest; eine konkrete politische Position ergibt sich daraus nicht.,KEINE,Kein einheitlicher höherer Pol; die Zahlen bezeichnen Kategorien.,ENTWURF_TABELLENZELLE,ENTWURF_TABELLENKOPF_UND_ZEILE,be6fbca3efbe18a062a6ae96d242a7f79e02b511bd5fcf03d448943bb3a5ae75,Codex Methoden-Erstbewertung 2,6d6bad17cd27ee92dc402cf5e7ef67df4de582a50a3dcdbc3aacb76c4d883501
B23,B23,NEIN,Dichotome Angabe einer näherstehenden Partei,An alle; Nichtantwortcodes sind keine Skalenpole.,FRAGEBOGEN_TEXTLAYER_BLOCK_MANUELL_GELESEN; ORIGINALSICHT_ENTWURF; KEINE_ZELLENWEISE_VOLLABNAHME,"ESS11-DE Fragebogen PDF/gedruckte Seiten 9|10, Originalblock B23",Erhebt persönliche Parteibindung. Der Gegenstand ist im Vertrag ausdrücklich ausgeschlossen.,KEINE,Kein einheitlicher höherer Pol; die Zahlen bezeichnen Kategorien.,ENTWURF_TEXTBLOCK_AUTOMATISCH,ENTWURF_VERTIKALE_CODES_LABELZEILEN_NACHPRUEFEN,be6fbca3efbe18a062a6ae96d242a7f79e02b511bd5fcf03d448943bb3a5ae75,Codex Methoden-Erstbewertung 2,6d6bad17cd27ee92dc402cf5e7ef67df4de582a50a3dcdbc3aacb76c4d883501
B24,B24,NEIN,Nominale Parteikategorie/offene andere Partei,Nur B23=1.,FRAGEBOGEN_TEXTLAYER_BLOCK_MANUELL_GELESEN; ORIGINALSICHT_ENTWURF; KEINE_ZELLENWEISE_VOLLABNAHME,"ESS11-DE Fragebogen PDF/gedruckte Seiten 10, Originalblock B24",Das isolierte Wort „Welcher?“ übernimmt die Partei aus B23. Originalfilter und Antwortkategorien machen den Parteibezug eindeutig.,KEINE,Kein einheitlicher höherer Pol; die Zahlen bezeichnen Kategorien.,ENTWURF_TEXTBLOCK_AUTOMATISCH,ENTWURF_VERTIKALE_CODES_LABELZEILEN_NACHPRUEFEN,be6fbca3efbe18a062a6ae96d242a7f79e02b511bd5fcf03d448943bb3a5ae75,Codex Methoden-Erstbewertung 2,6d6bad17cd27ee92dc402cf5e7ef67df4de582a50a3dcdbc3aacb76c4d883501
B25,B25,NEIN,Näheintensität 1–4,Nur bei genannter Partei in B24; B23/B24 bleiben semantischer Bezug.,FRAGEBOGEN_TEXTLAYER_BLOCK_MANUELL_GELESEN; ORIGINALSICHT_ENTWURF; KEINE_ZELLENWEISE_VOLLABNAHME,"ESS11-DE Fragebogen PDF/gedruckte Seiten 10, Originalblock B25",„Dieser Partei“ übernimmt den geerbten Parteibezug. Die geordnete Intensität ist keine parteiunabhängige Wertorientierung.,FALLEND,Stärkere Nähe zur zuvor genannten Partei.,ENTWURF_TEXTBLOCK_AUTOMATISCH,ENTWURF_VERTIKALE_CODES_LABELZEILEN_NACHPRUEFEN,be6fbca3efbe18a062a6ae96d242a7f79e02b511bd5fcf03d448943bb3a5ae75,Codex Methoden-Erstbewertung 2,6d6bad17cd27ee92dc402cf5e7ef67df4de582a50a3dcdbc3aacb76c4d883501
B26,B26,NEIN,Links-rechts-Selbsteinstufung 0–10,An alle; Nichtantwortcodes sind keine Skalenpole.,FRAGEBOGEN_TEXTLAYER_BLOCK_MANUELL_GELESEN; ORIGINALSICHT_ENTWURF; KEINE_ZELLENWEISE_VOLLABNAHME; LISTENHEFT_TEXTLAYER_GELESEN,"ESS11-DE Fragebogen PDF/gedruckte Seiten 10, Originalblock B26; Listenheft Liste 10, PDF-Seite 11",Der Vertrag schließt Links-rechts-Selbsteinstufung aus. Das vorhandene Skalenlabel ist keine neu erfundene inhaltliche Achse.,STEIGEND,Weiter rechts auf der ausdrücklich benannten Selbstverortungsskala.,ENTWURF_TEXTBLOCK_AUTOMATISCH,OFFEN_ORIGINALANTWORTBLOCK_NOCH_NICHT_ZELLENWEISE,be6fbca3efbe18a062a6ae96d242a7f79e02b511bd5fcf03d448943bb3a5ae75,Codex Methoden-Erstbewertung 2,6d6bad17cd27ee92dc402cf5e7ef67df4de582a50a3dcdbc3aacb76c4d883501
B27,B27,NEIN,Eigene Lebenszufriedenheit 0–10,An alle; Nichtantwortcodes sind keine Skalenpole.,FRAGEBOGEN_TEXTLAYER_BLOCK_MANUELL_GELESEN; ORIGINALSICHT_ENTWURF; KEINE_ZELLENWEISE_VOLLABNAHME; LISTENHEFT_TEXTLAYER_GELESEN,"ESS11-DE Fragebogen PDF/gedruckte Seiten 11, Originalblock B27; Listenheft Liste 11, PDF-Seite 12",Erhebt persönlichen Lebenszustand. Zufriedenheit mit dem eigenen Leben ist keine Haltung zu einer gesellschaftlichen Streitfrage.,STEIGEND,Mehr Zufriedenheit mit dem eigenen gegenwärtigen Leben.,ENTWURF_TEXTBLOCK_AUTOMATISCH,OFFEN_ORIGINALANTWORTBLOCK_NOCH_NICHT_ZELLENWEISE,be6fbca3efbe18a062a6ae96d242a7f79e02b511bd5fcf03d448943bb3a5ae75,Codex Methoden-Erstbewertung 2,6d6bad17cd27ee92dc402cf5e7ef67df4de582a50a3dcdbc3aacb76c4d883501
B28,B28,JA,Unipolare Zufriedenheit 0–10,An alle; Nichtantwortcodes sind keine Skalenpole.,FRAGEBOGEN_TEXTLAYER_BLOCK_MANUELL_GELESEN; ORIGINALSICHT_ENTWURF; KEINE_ZELLENWEISE_VOLLABNAHME; LISTENHEFT_TEXTLAYER_GELESEN,"ESS11-DE Fragebogen PDF/gedruckte Seiten 11, Originalblock B28; Listenheft Liste 11, PDF-Seite 12",Evaluative gesellschaftliche Lagebeurteilung; keine Kenntnisprüfung und keine individuelle Einkommensangabe. Die Zufriedenheit belegt kein bestimmtes Wirtschaftsmodell.,STEIGEND,Mehr Zufriedenheit mit der gegenwärtigen Wirtschaftslage Deutschlands.,ENTWURF_TEXTBLOCK_AUTOMATISCH,OFFEN_ORIGINALANTWORTBLOCK_NOCH_NICHT_ZELLENWEISE,be6fbca3efbe18a062a6ae96d242a7f79e02b511bd5fcf03d448943bb3a5ae75,Codex Methoden-Erstbewertung 2,6d6bad17cd27ee92dc402cf5e7ef67df4de582a50a3dcdbc3aacb76c4d883501
B29,B29,NEIN,Unipolare Zufriedenheit mit amtierender Bundesregierung 0–10,An alle; Nichtantwortcodes sind keine Skalenpole.,FRAGEBOGEN_TEXTLAYER_BLOCK_MANUELL_GELESEN; ORIGINALSICHT_ENTWURF; KEINE_ZELLENWEISE_VOLLABNAHME; LISTENHEFT_TEXTLAYER_GELESEN,"ESS11-DE Fragebogen PDF/gedruckte Seiten 11, Originalblock B29; Listenheft Liste 11, PDF-Seite 12",Der Originalgegenstand ist ausdrücklich die Leistung der Bundesregierung. Das ist eine ausgeschlossene Bewertung der amtierenden Regierung.,STEIGEND,Mehr Zufriedenheit mit der Arbeitsweise der Bundesregierung in Berlin.,ENTWURF_TEXTBLOCK_AUTOMATISCH,OFFEN_ORIGINALANTWORTBLOCK_NOCH_NICHT_ZELLENWEISE,be6fbca3efbe18a062a6ae96d242a7f79e02b511bd5fcf03d448943bb3a5ae75,Codex Methoden-Erstbewertung 2,6d6bad17cd27ee92dc402cf5e7ef67df4de582a50a3dcdbc3aacb76c4d883501
B30,B30,JA,Unipolare Zufriedenheit 0–10,An alle; Nichtantwortcodes sind keine Skalenpole.,FRAGEBOGEN_TEXTLAYER_BLOCK_MANUELL_GELESEN; ORIGINALSICHT_ENTWURF; KEINE_ZELLENWEISE_VOLLABNAHME; LISTENHEFT_TEXTLAYER_GELESEN,"ESS11-DE Fragebogen PDF/gedruckte Seiten 11, Originalblock B30; Listenheft Liste 11, PDF-Seite 12","Evaluative Haltung zur Demokratiepraxis. Die Wiederverwendung von Liste 11 übernimmt die Skala, keinen Regierungsfilter aus B29; keine Gleichsetzung von Zufriedenheit mit demokratischer Wertpriorität.",STEIGEND,Mehr Zufriedenheit mit dem Funktionieren der Demokratie in Deutschland.,ENTWURF_TEXTBLOCK_AUTOMATISCH,OFFEN_ORIGINALANTWORTBLOCK_NOCH_NICHT_ZELLENWEISE,be6fbca3efbe18a062a6ae96d242a7f79e02b511bd5fcf03d448943bb3a5ae75,Codex Methoden-Erstbewertung 2,6d6bad17cd27ee92dc402cf5e7ef67df4de582a50a3dcdbc3aacb76c4d883501
B31,B31,JA,Evaluative Zustandsbewertung 0–10,An alle; Nichtantwortcodes sind keine Skalenpole.,FRAGEBOGEN_TEXTLAYER_BLOCK_MANUELL_GELESEN; ORIGINALSICHT_ENTWURF; KEINE_ZELLENWEISE_VOLLABNAHME; LISTENHEFT_TEXTLAYER_GELESEN,"ESS11-DE Fragebogen PDF/gedruckte Seiten 12, Originalblock B31; Listenheft Liste 12, PDF-Seite 13",Allgemeine evaluative Haltung zum öffentlichen Bildungssystem. Der konkrete Gegenstand ist kein Faktenwissen mit richtiger Antwort und keine eigene Nutzungserfahrung; eine Reformpräferenz folgt daraus noch nicht.,STEIGEND,Positivere Bewertung des derzeitigen Zustands des Bildungssystems in Deutschland.,ENTWURF_TEXTBLOCK_AUTOMATISCH,OFFEN_ORIGINALANTWORTBLOCK_NOCH_NICHT_ZELLENWEISE,be6fbca3efbe18a062a6ae96d242a7f79e02b511bd5fcf03d448943bb3a5ae75,Codex Methoden-Erstbewertung 2,6d6bad17cd27ee92dc402cf5e7ef67df4de582a50a3dcdbc3aacb76c4d883501
B32,B32,JA,Evaluative Zustandsbewertung 0–10,An alle; Nichtantwortcodes sind keine Skalenpole.,FRAGEBOGEN_TEXTLAYER_BLOCK_MANUELL_GELESEN; ORIGINALSICHT_ENTWURF; KEINE_ZELLENWEISE_VOLLABNAHME; LISTENHEFT_TEXTLAYER_GELESEN,"ESS11-DE Fragebogen PDF/gedruckte Seiten 12|13, Originalblock B32; Listenheft Liste 12, PDF-Seite 13",Allgemeine evaluative Haltung zum öffentlichen Gesundheitssystem. Der konkrete Gegenstand ist kein Faktenwissen mit richtiger Antwort und keine eigene Nutzungserfahrung; eine Reformpräferenz folgt daraus noch nicht.,STEIGEND,Positivere Bewertung des derzeitigen Zustands des Gesundheitssystems in Deutschland.,ENTWURF_TEXTBLOCK_AUTOMATISCH,OFFEN_ORIGINALANTWORTBLOCK_NOCH_NICHT_ZELLENWEISE,be6fbca3efbe18a062a6ae96d242a7f79e02b511bd5fcf03d448943bb3a5ae75,Codex Methoden-Erstbewertung 2,6d6bad17cd27ee92dc402cf5e7ef67df4de582a50a3dcdbc3aacb76c4d883501
B33,B33,JA,Zustimmung/Ablehnung 1–5,An alle; Nichtantwortcodes sind keine Skalenpole.,FRAGEBOGEN_TEXTLAYER_BLOCK_MANUELL_GELESEN; ORIGINALSICHT_ENTWURF; KEINE_ZELLENWEISE_VOLLABNAHME; LISTENHEFT_TEXTLAYER_GELESEN,"ESS11-DE Fragebogen PDF/gedruckte Seiten 13, Originalblock B33; Listenheft Liste 13, PDF-Seite 14","Normative Forderung nach Verringerung von Einkommensunterschieden durch den Staat. Die Richtung bezeichnet Zustimmung zum Wortlaut, keine pauschale politische Seite.",FALLEND,Mehr Zustimmung zu staatlichen Maßnahmen gegen Einkommensunterschiede.,ENTWURF_TABELLENZELLE,ENTWURF_TABELLENKOPF_UND_ZEILE,be6fbca3efbe18a062a6ae96d242a7f79e02b511bd5fcf03d448943bb3a5ae75,Codex Methoden-Erstbewertung 2,6d6bad17cd27ee92dc402cf5e7ef67df4de582a50a3dcdbc3aacb76c4d883501
B34,B34,JA,Zustimmung/Ablehnung 1–5,An alle; Nichtantwortcodes sind keine Skalenpole.,FRAGEBOGEN_TEXTLAYER_BLOCK_MANUELL_GELESEN; ORIGINALSICHT_ENTWURF; KEINE_ZELLENWEISE_VOLLABNAHME; LISTENHEFT_TEXTLAYER_GELESEN,"ESS11-DE Fragebogen PDF/gedruckte Seiten 13, Originalblock B34; Listenheft Liste 13, PDF-Seite 14","Normative Aussage zu Lebensfreiheit einer gesellschaftlichen Gruppe. Die Richtung bezeichnet Zustimmung zum Wortlaut, keine pauschale politische Seite.",FALLEND,"Mehr Zustimmung zur Freiheit von Schwulen und Lesben, ihr Leben wie gewünscht zu führen.",ENTWURF_TABELLENZELLE,ENTWURF_TABELLENKOPF_UND_ZEILE,be6fbca3efbe18a062a6ae96d242a7f79e02b511bd5fcf03d448943bb3a5ae75,Codex Methoden-Erstbewertung 2,6d6bad17cd27ee92dc402cf5e7ef67df4de582a50a3dcdbc3aacb76c4d883501
B35,B35,JA,Zustimmung/Ablehnung 1–5,An alle; Nichtantwortcodes sind keine Skalenpole.,FRAGEBOGEN_TEXTLAYER_BLOCK_MANUELL_GELESEN; ORIGINALSICHT_ENTWURF; KEINE_ZELLENWEISE_VOLLABNAHME; LISTENHEFT_TEXTLAYER_GELESEN,"ESS11-DE Fragebogen PDF/gedruckte Seiten 13, Originalblock B35; Listenheft Liste 13, PDF-Seite 14","Hypothetische evaluative Haltung zu Homosexualität. Keine Behauptung, dass ein tatsächliches Familienereignis erlebt wurde. Die Richtung bezeichnet Zustimmung zum Wortlaut, keine pauschale politische Seite.",FALLEND,Mehr Zustimmung zu eigener hypothetischer Scham bei einem schwulen/lesbischen nahen Familienmitglied.,ENTWURF_TABELLENZELLE,ENTWURF_TABELLENKOPF_UND_ZEILE,be6fbca3efbe18a062a6ae96d242a7f79e02b511bd5fcf03d448943bb3a5ae75,Codex Methoden-Erstbewertung 2,6d6bad17cd27ee92dc402cf5e7ef67df4de582a50a3dcdbc3aacb76c4d883501
B36,B36,JA,Zustimmung/Ablehnung 1–5,An alle; Nichtantwortcodes sind keine Skalenpole.,FRAGEBOGEN_TEXTLAYER_BLOCK_MANUELL_GELESEN; ORIGINALSICHT_ENTWURF; KEINE_ZELLENWEISE_VOLLABNAHME; LISTENHEFT_TEXTLAYER_GELESEN,"ESS11-DE Fragebogen PDF/gedruckte Seiten 13, Originalblock B36; Listenheft Liste 13, PDF-Seite 14","Normative Gleichheitsforderung bei Adoptionsrechten. Die Richtung bezeichnet Zustimmung zum Wortlaut, keine pauschale politische Seite.",FALLEND,Mehr Zustimmung zu gleichen Adoptionsrechten für schwule/lesbische und Mann-Frau-Paare.,ENTWURF_TABELLENZELLE,ENTWURF_TABELLENKOPF_UND_ZEILE,be6fbca3efbe18a062a6ae96d242a7f79e02b511bd5fcf03d448943bb3a5ae75,Codex Methoden-Erstbewertung 2,6d6bad17cd27ee92dc402cf5e7ef67df4de582a50a3dcdbc3aacb76c4d883501
B37,B37,JA,Bipolare EU-Einigungsbewertung 0–10,An alle; Nichtantwortcodes sind keine Skalenpole.,FRAGEBOGEN_TEXTLAYER_BLOCK_MANUELL_GELESEN; ORIGINALSICHT_ENTWURF; KEINE_ZELLENWEISE_VOLLABNAHME; LISTENHEFT_TEXTLAYER_GELESEN,"ESS11-DE Fragebogen PDF/gedruckte Seiten 14, Originalblock B37; Listenheft Liste 14, PDF-Seite 15",Originalpole „schon zu weit gegangen“ und „sollte weitergehen“ tragen eine politische Sachposition. Keine Wahl- oder Parteiangabe.,STEIGEND,Mehr Befürwortung weiterer europäischer Einigung.,ENTWURF_TEXTBLOCK_AUTOMATISCH,OFFEN_ORIGINALANTWORTBLOCK_NOCH_NICHT_ZELLENWEISE,be6fbca3efbe18a062a6ae96d242a7f79e02b511bd5fcf03d448943bb3a5ae75,Codex Methoden-Erstbewertung 2,6d6bad17cd27ee92dc402cf5e7ef67df4de582a50a3dcdbc3aacb76c4d883501
B38,B38,JA,Zustimmung/Ablehnung 1–5,An alle; Nichtantwortcodes sind keine Skalenpole.,FRAGEBOGEN_TEXTLAYER_BLOCK_MANUELL_GELESEN; ORIGINALSICHT_ENTWURF; KEINE_ZELLENWEISE_VOLLABNAHME; LISTENHEFT_TEXTLAYER_GELESEN,"ESS11-DE Fragebogen PDF/gedruckte Seiten 14, Originalblock B38; Listenheft Liste 15, PDF-Seite 16","Ausdrücklich gewünschte Werte in der Erziehung, keine beobachtete Erziehungspraxis. Die Richtung bezeichnet Zustimmung zum Wortlaut, keine pauschale politische Seite.",FALLEND,Mehr Zustimmung zum Vorrang von Gehorsam und Autoritätsrespekt in der Erziehung.,ENTWURF_TABELLENZELLE,ENTWURF_TABELLENKOPF_UND_ZEILE,be6fbca3efbe18a062a6ae96d242a7f79e02b511bd5fcf03d448943bb3a5ae75,Codex Methoden-Erstbewertung 2,6d6bad17cd27ee92dc402cf5e7ef67df4de582a50a3dcdbc3aacb76c4d883501
B39,B39,JA,Zustimmung/Ablehnung 1–5,An alle; Nichtantwortcodes sind keine Skalenpole.,FRAGEBOGEN_TEXTLAYER_BLOCK_MANUELL_GELESEN; ORIGINALSICHT_ENTWURF; KEINE_ZELLENWEISE_VOLLABNAHME; LISTENHEFT_TEXTLAYER_GELESEN,"ESS11-DE Fragebogen PDF/gedruckte Seiten 14|15, Originalblock B39; Listenheft Liste 15, PDF-Seite 16","Allgemeine normative Forderung nach politischer Loyalität. Der Wortlaut bewertet weder ein benanntes Kabinett noch eine Partei; daraus folgt keine Zustimmung zur konkret amtierenden Regierung. Die Richtung bezeichnet Zustimmung zum Wortlaut, keine pauschale politische Seite.",FALLEND,Mehr Zustimmung zur geforderten Loyalität gegenüber politischer Führung.,ENTWURF_TABELLENZELLE,ENTWURF_TABELLENKOPF_UND_ZEILE,be6fbca3efbe18a062a6ae96d242a7f79e02b511bd5fcf03d448943bb3a5ae75,Codex Methoden-Erstbewertung 2,6d6bad17cd27ee92dc402cf5e7ef67df4de582a50a3dcdbc3aacb76c4d883501
B40,B40,JA,Geordnete Zulassungsmenge 1–4,An alle; Nichtantwortcodes sind keine Skalenpole.,FRAGEBOGEN_TEXTLAYER_BLOCK_MANUELL_GELESEN; ORIGINALSICHT_ENTWURF; KEINE_ZELLENWEISE_VOLLABNAHME; LISTENHEFT_TEXTLAYER_GELESEN,"ESS11-DE Fragebogen PDF/gedruckte Seiten 15, Originalblock B40; Listenheft Liste 16, PDF-Seite 17","Fragt, wie vielen Menschen der konkret genannten Gruppe Deutschland die Niederlassung erlauben sollte. Das ist eine normative Zuwanderungsposition, keine eigene Migrationserfahrung; Gruppenbezug darf nicht unterschlagen werden.",FALLEND,Mehr erlaubte Zuwanderung von Menschen aus derselben Volksgruppe/ethnischen Gruppe wie die Mehrheit der Deutschen.,ENTWURF_TEXTBLOCK_AUTOMATISCH,ENTWURF_VERTIKALE_CODES_LABELZEILEN_NACHPRUEFEN,be6fbca3efbe18a062a6ae96d242a7f79e02b511bd5fcf03d448943bb3a5ae75,Codex Methoden-Erstbewertung 2,6d6bad17cd27ee92dc402cf5e7ef67df4de582a50a3dcdbc3aacb76c4d883501
B41,B41,JA,Geordnete Zulassungsmenge 1–4,An alle; Nichtantwortcodes sind keine Skalenpole.,FRAGEBOGEN_TEXTLAYER_BLOCK_MANUELL_GELESEN; ORIGINALSICHT_ENTWURF; KEINE_ZELLENWEISE_VOLLABNAHME; LISTENHEFT_TEXTLAYER_GELESEN,"ESS11-DE Fragebogen PDF/gedruckte Seiten 15, Originalblock B41; Listenheft Liste 16, PDF-Seite 17","Fragt, wie vielen Menschen der konkret genannten Gruppe Deutschland die Niederlassung erlauben sollte. Das ist eine normative Zuwanderungsposition, keine eigene Migrationserfahrung; Gruppenbezug darf nicht unterschlagen werden.",FALLEND,Mehr erlaubte Zuwanderung von Menschen aus einer anderen Volksgruppe/ethnischen Gruppe als die Mehrheit der Deutschen.,ENTWURF_TEXTBLOCK_AUTOMATISCH,ENTWURF_VERTIKALE_CODES_LABELZEILEN_NACHPRUEFEN,be6fbca3efbe18a062a6ae96d242a7f79e02b511bd5fcf03d448943bb3a5ae75,Codex Methoden-Erstbewertung 2,6d6bad17cd27ee92dc402cf5e7ef67df4de582a50a3dcdbc3aacb76c4d883501
B42,B42,JA,Geordnete Zulassungsmenge 1–4,An alle; Nichtantwortcodes sind keine Skalenpole.,FRAGEBOGEN_TEXTLAYER_BLOCK_MANUELL_GELESEN; ORIGINALSICHT_ENTWURF; KEINE_ZELLENWEISE_VOLLABNAHME; LISTENHEFT_TEXTLAYER_GELESEN,"ESS11-DE Fragebogen PDF/gedruckte Seiten 15, Originalblock B42; Listenheft Liste 16, PDF-Seite 17","Fragt, wie vielen Menschen der konkret genannten Gruppe Deutschland die Niederlassung erlauben sollte. Das ist eine normative Zuwanderungsposition, keine eigene Migrationserfahrung; Gruppenbezug darf nicht unterschlagen werden.",FALLEND,Mehr erlaubte Zuwanderung von Menschen aus ärmeren Ländern außerhalb Europas.,ENTWURF_TEXTBLOCK_AUTOMATISCH,ENTWURF_VERTIKALE_CODES_LABELZEILEN_NACHPRUEFEN,be6fbca3efbe18a062a6ae96d242a7f79e02b511bd5fcf03d448943bb3a5ae75,Codex Methoden-Erstbewertung 2,6d6bad17cd27ee92dc402cf5e7ef67df4de582a50a3dcdbc3aacb76c4d883501
B43,B43,JA,Bipolare Bewertung 0–10,An alle; Nichtantwortcodes sind keine Skalenpole.,FRAGEBOGEN_TEXTLAYER_BLOCK_MANUELL_GELESEN; ORIGINALSICHT_ENTWURF; KEINE_ZELLENWEISE_VOLLABNAHME; LISTENHEFT_TEXTLAYER_GELESEN,"ESS11-DE Fragebogen PDF/gedruckte Seiten 16, Originalblock B43; Listenheft Liste 17, PDF-Seite 18","Wertende Einschätzung der wirtschaftlichen Folgen von Zuwanderung, kein Faktenquiz. Eine konkrete Regel für Einwanderung oder Kausalrichtigkeit ist damit nicht geprüft.",STEIGEND,Positivere Bewertung der wirtschaftlichen Folgen von Zuwanderung.,ENTWURF_TEXTBLOCK_AUTOMATISCH,OFFEN_ORIGINALANTWORTBLOCK_NOCH_NICHT_ZELLENWEISE,be6fbca3efbe18a062a6ae96d242a7f79e02b511bd5fcf03d448943bb3a5ae75,Codex Methoden-Erstbewertung 2,6d6bad17cd27ee92dc402cf5e7ef67df4de582a50a3dcdbc3aacb76c4d883501
B44,B44,JA,Bipolare Bewertung 0–10,An alle; Nichtantwortcodes sind keine Skalenpole.,FRAGEBOGEN_TEXTLAYER_BLOCK_MANUELL_GELESEN; ORIGINALSICHT_ENTWURF; KEINE_ZELLENWEISE_VOLLABNAHME; LISTENHEFT_TEXTLAYER_GELESEN,"ESS11-DE Fragebogen PDF/gedruckte Seiten 16, Originalblock B44; Listenheft Liste 18, PDF-Seite 19",Evaluative Haltung zu den kulturellen Folgen von Zuwanderung. Eine konkrete Regel für Einwanderung oder Kausalrichtigkeit ist damit nicht geprüft.,STEIGEND,Stärkere Einschätzung kultureller Bereicherung durch Zuwanderung.,ENTWURF_TEXTBLOCK_AUTOMATISCH,OFFEN_ORIGINALANTWORTBLOCK_NOCH_NICHT_ZELLENWEISE,be6fbca3efbe18a062a6ae96d242a7f79e02b511bd5fcf03d448943bb3a5ae75,Codex Methoden-Erstbewertung 2,6d6bad17cd27ee92dc402cf5e7ef67df4de582a50a3dcdbc3aacb76c4d883501
B45,B45,JA,Bipolare Bewertung 0–10,An alle; Nichtantwortcodes sind keine Skalenpole.,FRAGEBOGEN_TEXTLAYER_BLOCK_MANUELL_GELESEN; ORIGINALSICHT_ENTWURF; KEINE_ZELLENWEISE_VOLLABNAHME; LISTENHEFT_TEXTLAYER_GELESEN,"ESS11-DE Fragebogen PDF/gedruckte Seiten 16|17, Originalblock B45; Listenheft Liste 19, PDF-Seite 20",Allgemeine gesellschaftliche Bewertung der Folgen von Zuwanderung. Eine konkrete Regel für Einwanderung oder Kausalrichtigkeit ist damit nicht geprüft.,STEIGEND,Positivere Bewertung Deutschlands als Ort zum Leben durch Zuwanderung.,ENTWURF_TEXTBLOCK_AUTOMATISCH,OFFEN_ORIGINALANTWORTBLOCK_NOCH_NICHT_ZELLENWEISE,be6fbca3efbe18a062a6ae96d242a7f79e02b511bd5fcf03d448943bb3a5ae75,Codex Methoden-Erstbewertung 2,6d6bad17cd27ee92dc402cf5e7ef67df4de582a50a3dcdbc3aacb76c4d883501
C1,C1,NEIN,Glücklichkeitsintensität 0–10,An alle; Nichtantwortcodes sind keine Skalenpole.,FRAGEBOGEN_TEXTLAYER_BLOCK_MANUELL_GELESEN; ORIGINALSICHT_ENTWURF; KEINE_ZELLENWEISE_VOLLABNAHME; LISTENHEFT_TEXTLAYER_GELESEN,"ESS11-DE Fragebogen PDF/gedruckte Seiten 17, Originalblock C1; Listenheft Liste 20, PDF-Seite 21",Erhebt eigenes Wohlbefinden. Persönliche Lebensumstände/Erfahrungen erfüllen die Grundregel nicht.,STEIGEND,Mehr eigenes Glück.,ENTWURF_TEXTBLOCK_AUTOMATISCH,OFFEN_ORIGINALANTWORTBLOCK_NOCH_NICHT_ZELLENWEISE,be6fbca3efbe18a062a6ae96d242a7f79e02b511bd5fcf03d448943bb3a5ae75,Codex Methoden-Erstbewertung 2,6d6bad17cd27ee92dc402cf5e7ef67df4de582a50a3dcdbc3aacb76c4d883501
C2,C2,NEIN,Treffhäufigkeit 01–07,An alle; Nichtantwortcodes sind keine Skalenpole.,FRAGEBOGEN_TEXTLAYER_BLOCK_MANUELL_GELESEN; ORIGINALSICHT_ENTWURF; KEINE_ZELLENWEISE_VOLLABNAHME; LISTENHEFT_TEXTLAYER_GELESEN,"ESS11-DE Fragebogen PDF/gedruckte Seiten 17, Originalblock C2; Listenheft Liste 21, PDF-Seite 22",Erhebt eigenes Sozialverhalten. Persönliche Lebensumstände/Erfahrungen erfüllen die Grundregel nicht.,STEIGEND,Häufigere eigene private Treffen.,ENTWURF_TEXTBLOCK_AUTOMATISCH,ENTWURF_VERTIKALE_CODES_LABELZEILEN_NACHPRUEFEN,be6fbca3efbe18a062a6ae96d242a7f79e02b511bd5fcf03d448943bb3a5ae75,Codex Methoden-Erstbewertung 2,6d6bad17cd27ee92dc402cf5e7ef67df4de582a50a3dcdbc3aacb76c4d883501
C3,C3,NEIN,Geordnete Anzahlklassen 00–06,An alle; Nichtantwortcodes sind keine Skalenpole.,FRAGEBOGEN_TEXTLAYER_BLOCK_MANUELL_GELESEN; ORIGINALSICHT_ENTWURF; KEINE_ZELLENWEISE_VOLLABNAHME; LISTENHEFT_TEXTLAYER_GELESEN,"ESS11-DE Fragebogen PDF/gedruckte Seiten 17, Originalblock C3; Listenheft Liste 22, PDF-Seite 23",Erhebt persönliche soziale Ressourcen. Persönliche Lebensumstände/Erfahrungen erfüllen die Grundregel nicht.,STEIGEND,Mehr Menschen für vertrauliche persönliche Gespräche.,ENTWURF_TEXTBLOCK_AUTOMATISCH,OFFEN_ORIGINALANTWORTBLOCK_NOCH_NICHT_ZELLENWEISE,be6fbca3efbe18a062a6ae96d242a7f79e02b511bd5fcf03d448943bb3a5ae75,Codex Methoden-Erstbewertung 2,6d6bad17cd27ee92dc402cf5e7ef67df4de582a50a3dcdbc3aacb76c4d883501
C4,C4,NEIN,Relative eigene Treffhäufigkeit 1–5,An alle; Nichtantwortcodes sind keine Skalenpole.,FRAGEBOGEN_TEXTLAYER_BLOCK_MANUELL_GELESEN; ORIGINALSICHT_ENTWURF; KEINE_ZELLENWEISE_VOLLABNAHME; LISTENHEFT_TEXTLAYER_GELESEN,"ESS11-DE Fragebogen PDF/gedruckte Seiten 18, Originalblock C4; Listenheft Liste 23, PDF-Seite 24","Erhebt eigene Lebenspraxis, auch wenn ein Vergleich gewählt wird. Persönliche Lebensumstände/Erfahrungen erfüllen die Grundregel nicht.",STEIGEND,Häufigere eigene Teilnahme im Vergleich mit Gleichaltrigen.,ENTWURF_TEXTBLOCK_AUTOMATISCH,ENTWURF_VERTIKALE_CODES_LABELZEILEN_NACHPRUEFEN,be6fbca3efbe18a062a6ae96d242a7f79e02b511bd5fcf03d448943bb3a5ae75,Codex Methoden-Erstbewertung 2,6d6bad17cd27ee92dc402cf5e7ef67df4de582a50a3dcdbc3aacb76c4d883501
C5,C5,NEIN,Dichotome Opfererfahrung,An alle; Nichtantwortcodes sind keine Skalenpole.,FRAGEBOGEN_TEXTLAYER_BLOCK_MANUELL_GELESEN; ORIGINALSICHT_ENTWURF; KEINE_ZELLENWEISE_VOLLABNAHME,"ESS11-DE Fragebogen PDF/gedruckte Seiten 18, Originalblock C5",Erhebt eigene/haushaltsbezogene Einbruchs- oder Überfallerfahrung in fünf Jahren. Persönliche Lebensumstände/Erfahrungen erfüllen die Grundregel nicht.,KEINE,Kein einheitlicher höherer Pol; die Zahlen bezeichnen Kategorien.,ENTWURF_TEXTBLOCK_AUTOMATISCH,ENTWURF_VERTIKALE_CODES_LABELZEILEN_NACHPRUEFEN,be6fbca3efbe18a062a6ae96d242a7f79e02b511bd5fcf03d448943bb3a5ae75,Codex Methoden-Erstbewertung 2,6d6bad17cd27ee92dc402cf5e7ef67df4de582a50a3dcdbc3aacb76c4d883501
C6,C6,NEIN,Persönliches Sicherheitsgefühl 1–4,An alle; Nichtantwortcodes sind keine Skalenpole.,FRAGEBOGEN_TEXTLAYER_BLOCK_MANUELL_GELESEN; ORIGINALSICHT_ENTWURF; KEINE_ZELLENWEISE_VOLLABNAHME,"ESS11-DE Fragebogen PDF/gedruckte Seiten 18|19, Originalblock C6","Erhebt ortsbezogenes eigenes Sicherheitsgefühl, auch in hypothetischer Form. Kein bevorzugtes Sicherheitsgesetz. Persönliche Lebensumstände/Erfahrungen erfüllen die Grundregel nicht.",FALLEND,Mehr Sicherheit beim alleinigen nächtlichen Zu-Fuß-Gehen in der eigenen Wohngegend.,ENTWURF_TEXTBLOCK_AUTOMATISCH,ENTWURF_VERTIKALE_CODES_LABELZEILEN_NACHPRUEFEN,be6fbca3efbe18a062a6ae96d242a7f79e02b511bd5fcf03d448943bb3a5ae75,Codex Methoden-Erstbewertung 2,6d6bad17cd27ee92dc402cf5e7ef67df4de582a50a3dcdbc3aacb76c4d883501
C7,C7,NEIN,Gesundheitszustand 1–5,An alle; Nichtantwortcodes sind keine Skalenpole.,FRAGEBOGEN_TEXTLAYER_BLOCK_MANUELL_GELESEN; ORIGINALSICHT_ENTWURF; KEINE_ZELLENWEISE_VOLLABNAHME,"ESS11-DE Fragebogen PDF/gedruckte Seiten 19, Originalblock C7",Erhebt eigene Gesundheit. Persönliche Lebensumstände/Erfahrungen erfüllen die Grundregel nicht.,FALLEND,Besser eingeschätzter eigener Gesundheitszustand.,ENTWURF_TEXTBLOCK_AUTOMATISCH,ENTWURF_VERTIKALE_CODES_LABELZEILEN_NACHPRUEFEN,be6fbca3efbe18a062a6ae96d242a7f79e02b511bd5fcf03d448943bb3a5ae75,Codex Methoden-Erstbewertung 2,6d6bad17cd27ee92dc402cf5e7ef67df4de582a50a3dcdbc3aacb76c4d883501
C8,C8,NEIN,Beeinträchtigung 1–3,An alle; Nichtantwortcodes sind keine Skalenpole.,FRAGEBOGEN_TEXTLAYER_BLOCK_MANUELL_GELESEN; ORIGINALSICHT_ENTWURF; KEINE_ZELLENWEISE_VOLLABNAHME,"ESS11-DE Fragebogen PDF/gedruckte Seiten 19, Originalblock C8",Erhebt eigene Einschränkungen im Alltag. Persönliche Lebensumstände/Erfahrungen erfüllen die Grundregel nicht.,FALLEND,Stärkere krankheits-/behinderungsbezogene Einschränkung täglicher Aktivitäten.,ENTWURF_TEXTBLOCK_AUTOMATISCH,ENTWURF_VERTIKALE_CODES_LABELZEILEN_NACHPRUEFEN,be6fbca3efbe18a062a6ae96d242a7f79e02b511bd5fcf03d448943bb3a5ae75,Codex Methoden-Erstbewertung 2,6d6bad17cd27ee92dc402cf5e7ef67df4de582a50a3dcdbc3aacb76c4d883501
C9,C9,UNKLAR,Unipolare gefühlsmäßige Verbundenheit 0–10,An alle; Nichtantwortcodes sind keine Skalenpole.,FRAGEBOGEN_TEXTLAYER_BLOCK_MANUELL_GELESEN; ORIGINALSICHT_ENTWURF; KEINE_ZELLENWEISE_VOLLABNAHME; LISTENHEFT_TEXTLAYER_GELESEN,"ESS11-DE Fragebogen PDF/gedruckte Seiten 19, Originalblock C9; Listenheft Liste 24, PDF-Seite 25",Gefühlsmäßige Zugehörigkeit kann persönliche Orientierung oder bloß affektive Identität bezeichnen. Der Originalwortlaut nennt keine gewünschte politische Regel und keine Wertpriorität; deshalb keine feste Aufnahmeentscheidung. Geringe Verbundenheit ist keine Gegenideologie.,STEIGEND,Mehr gefühlsmäßige Verbundenheit mit Deutschland.,ENTWURF_TEXTBLOCK_AUTOMATISCH,OFFEN_ORIGINALANTWORTBLOCK_NOCH_NICHT_ZELLENWEISE,be6fbca3efbe18a062a6ae96d242a7f79e02b511bd5fcf03d448943bb3a5ae75,Codex Methoden-Erstbewertung 2,6d6bad17cd27ee92dc402cf5e7ef67df4de582a50a3dcdbc3aacb76c4d883501
C10,C10,UNKLAR,Unipolare gefühlsmäßige Verbundenheit 0–10,An alle; Nichtantwortcodes sind keine Skalenpole.,FRAGEBOGEN_TEXTLAYER_BLOCK_MANUELL_GELESEN; ORIGINALSICHT_ENTWURF; KEINE_ZELLENWEISE_VOLLABNAHME; LISTENHEFT_TEXTLAYER_GELESEN,"ESS11-DE Fragebogen PDF/gedruckte Seiten 20, Originalblock C10; Listenheft Liste 24, PDF-Seite 25",Gefühlsmäßige Zugehörigkeit kann persönliche Orientierung oder bloß affektive Identität bezeichnen. Der Originalwortlaut nennt keine gewünschte politische Regel und keine Wertpriorität; deshalb keine feste Aufnahmeentscheidung. Geringe Verbundenheit ist keine Gegenideologie.,STEIGEND,Mehr gefühlsmäßige Verbundenheit mit Europa.,ENTWURF_TEXTBLOCK_AUTOMATISCH,OFFEN_ORIGINALANTWORTBLOCK_NOCH_NICHT_ZELLENWEISE,be6fbca3efbe18a062a6ae96d242a7f79e02b511bd5fcf03d448943bb3a5ae75,Codex Methoden-Erstbewertung 2,6d6bad17cd27ee92dc402cf5e7ef67df4de582a50a3dcdbc3aacb76c4d883501
C11,C11,NEIN,Dichotome Zugehörigkeit,An alle; Nichtantwortcodes sind keine Skalenpole.,FRAGEBOGEN_TEXTLAYER_BLOCK_MANUELL_GELESEN; ORIGINALSICHT_ENTWURF; KEINE_ZELLENWEISE_VOLLABNAHME,"ESS11-DE Fragebogen PDF/gedruckte Seiten 20, Originalblock C11",Erhebt aktuelle gefühlte Religions-/Konfessionszugehörigkeit. Zugehörigkeitsbiografie und Gruppenkategorie sind keine eigenständige normative Einstellung.,KEINE,Kein einheitlicher höherer Pol; die Zahlen bezeichnen Kategorien.,ENTWURF_TEXTBLOCK_AUTOMATISCH,ENTWURF_VERTIKALE_CODES_LABELZEILEN_NACHPRUEFEN,be6fbca3efbe18a062a6ae96d242a7f79e02b511bd5fcf03d448943bb3a5ae75,Codex Methoden-Erstbewertung 2,6d6bad17cd27ee92dc402cf5e7ef67df4de582a50a3dcdbc3aacb76c4d883501
C12,C12,NEIN,Nominale Religionskategorie,Nur C11=1.,FRAGEBOGEN_TEXTLAYER_BLOCK_MANUELL_GELESEN; ORIGINALSICHT_ENTWURF; KEINE_ZELLENWEISE_VOLLABNAHME,"ESS11-DE Fragebogen PDF/gedruckte Seiten 20|21, Originalblock C12",Erhebt benannte aktuelle Religion/Konfession. Zugehörigkeitsbiografie und Gruppenkategorie sind keine eigenständige normative Einstellung.,KEINE,Kein einheitlicher höherer Pol; die Zahlen bezeichnen Kategorien.,ENTWURF_TEXTBLOCK_AUTOMATISCH,ENTWURF_VERTIKALE_CODES_LABELZEILEN_NACHPRUEFEN,be6fbca3efbe18a062a6ae96d242a7f79e02b511bd5fcf03d448943bb3a5ae75,Codex Methoden-Erstbewertung 2,6d6bad17cd27ee92dc402cf5e7ef67df4de582a50a3dcdbc3aacb76c4d883501
C13,C13,NEIN,Dichotome frühere Zugehörigkeit,"Nur C11=2,7,8.",FRAGEBOGEN_TEXTLAYER_BLOCK_MANUELL_GELESEN; ORIGINALSICHT_ENTWURF; KEINE_ZELLENWEISE_VOLLABNAHME,"ESS11-DE Fragebogen PDF/gedruckte Seiten 21, Originalblock C13",Erhebt frühere gefühlte Religions-/Konfessionszugehörigkeit. Zugehörigkeitsbiografie und Gruppenkategorie sind keine eigenständige normative Einstellung.,KEINE,Kein einheitlicher höherer Pol; die Zahlen bezeichnen Kategorien.,ENTWURF_TEXTBLOCK_AUTOMATISCH,ENTWURF_VERTIKALE_CODES_LABELZEILEN_NACHPRUEFEN,be6fbca3efbe18a062a6ae96d242a7f79e02b511bd5fcf03d448943bb3a5ae75,Codex Methoden-Erstbewertung 2,6d6bad17cd27ee92dc402cf5e7ef67df4de582a50a3dcdbc3aacb76c4d883501
C14,C14,NEIN,Nominale Religionskategorie,Nur C13=1.,FRAGEBOGEN_TEXTLAYER_BLOCK_MANUELL_GELESEN; ORIGINALSICHT_ENTWURF; KEINE_ZELLENWEISE_VOLLABNAHME,"ESS11-DE Fragebogen PDF/gedruckte Seiten 21, Originalblock C14",Erhebt benannte frühere Religion/Konfession. Zugehörigkeitsbiografie und Gruppenkategorie sind keine eigenständige normative Einstellung.,KEINE,Kein einheitlicher höherer Pol; die Zahlen bezeichnen Kategorien.,ENTWURF_TEXTBLOCK_AUTOMATISCH,ENTWURF_VERTIKALE_CODES_LABELZEILEN_NACHPRUEFEN,be6fbca3efbe18a062a6ae96d242a7f79e02b511bd5fcf03d448943bb3a5ae75,Codex Methoden-Erstbewertung 2,6d6bad17cd27ee92dc402cf5e7ef67df4de582a50a3dcdbc3aacb76c4d883501
C15,C15,UNKLAR,Religiositätsselbsteinschätzung 0–10,An alle; Nichtantwortcodes sind keine Skalenpole.,FRAGEBOGEN_TEXTLAYER_BLOCK_MANUELL_GELESEN; ORIGINALSICHT_ENTWURF; KEINE_ZELLENWEISE_VOLLABNAHME; LISTENHEFT_TEXTLAYER_GELESEN,"ESS11-DE Fragebogen PDF/gedruckte Seiten 21, Originalblock C15; Listenheft Liste 25, PDF-Seite 26","Religiosität kann Wertorientierung oder persönliche Identität bezeichnen. Der Originalgegenstand benennt keine religiöse Norm, Handlung oder Priorität; diese inhaltliche Mehrdeutigkeit begrenzt die Grundeignung.",STEIGEND,Stärker selbst eingeschätzte Religiosität.,ENTWURF_TEXTBLOCK_AUTOMATISCH,OFFEN_ORIGINALANTWORTBLOCK_NOCH_NICHT_ZELLENWEISE,be6fbca3efbe18a062a6ae96d242a7f79e02b511bd5fcf03d448943bb3a5ae75,Codex Methoden-Erstbewertung 2,6d6bad17cd27ee92dc402cf5e7ef67df4de582a50a3dcdbc3aacb76c4d883501
C16,C16,NEIN,Häufigkeit 01–07,An alle; Nichtantwortcodes sind keine Skalenpole.,FRAGEBOGEN_TEXTLAYER_BLOCK_MANUELL_GELESEN; ORIGINALSICHT_ENTWURF; KEINE_ZELLENWEISE_VOLLABNAHME; LISTENHEFT_TEXTLAYER_GELESEN,"ESS11-DE Fragebogen PDF/gedruckte Seiten 22, Originalblock C16; Listenheft Liste 26, PDF-Seite 27",Erhebt eigenes religiöses Verhalten: Gottesdienstbesuch ohne besondere Anlässe. Keine gewünschte religiöse oder gesellschaftliche Regel.,FALLEND,Häufigerer eigener Gottesdienstbesuch ohne besondere Anlässe.,ENTWURF_TEXTBLOCK_AUTOMATISCH,ENTWURF_VERTIKALE_CODES_LABELZEILEN_NACHPRUEFEN,be6fbca3efbe18a062a6ae96d242a7f79e02b511bd5fcf03d448943bb3a5ae75,Codex Methoden-Erstbewertung 2,6d6bad17cd27ee92dc402cf5e7ef67df4de582a50a3dcdbc3aacb76c4d883501
C17,C17,NEIN,Häufigkeit 01–07,An alle; Nichtantwortcodes sind keine Skalenpole.,FRAGEBOGEN_TEXTLAYER_BLOCK_MANUELL_GELESEN; ORIGINALSICHT_ENTWURF; KEINE_ZELLENWEISE_VOLLABNAHME; LISTENHEFT_TEXTLAYER_GELESEN,"ESS11-DE Fragebogen PDF/gedruckte Seiten 22, Originalblock C17; Listenheft Liste 26, PDF-Seite 27",Erhebt eigenes religiöses Verhalten: Beten außerhalb von Gottesdiensten. Keine gewünschte religiöse oder gesellschaftliche Regel.,FALLEND,Häufigerer eigener Beten außerhalb von Gottesdiensten.,ENTWURF_TEXTBLOCK_AUTOMATISCH,ENTWURF_VERTIKALE_CODES_LABELZEILEN_NACHPRUEFEN,be6fbca3efbe18a062a6ae96d242a7f79e02b511bd5fcf03d448943bb3a5ae75,Codex Methoden-Erstbewertung 2,6d6bad17cd27ee92dc402cf5e7ef67df4de582a50a3dcdbc3aacb76c4d883501
C18,C18,NEIN,Dichotome selbstzugeordnete Gruppenbetroffenheit,An alle; Nichtantwortcodes sind keine Skalenpole.,FRAGEBOGEN_TEXTLAYER_BLOCK_MANUELL_GELESEN; ORIGINALSICHT_ENTWURF; KEINE_ZELLENWEISE_VOLLABNAHME,"ESS11-DE Fragebogen PDF/gedruckte Seiten 22, Originalblock C18",Erhebt eigene Zugehörigkeit zu einer als diskriminiert empfundenen Gruppe. Keine allgemeine Forderung zur Gleichbehandlung.,KEINE,Kein einheitlicher höherer Pol; die Zahlen bezeichnen Kategorien.,ENTWURF_TEXTBLOCK_AUTOMATISCH,ENTWURF_VERTIKALE_CODES_LABELZEILEN_NACHPRUEFEN,be6fbca3efbe18a062a6ae96d242a7f79e02b511bd5fcf03d448943bb3a5ae75,Codex Methoden-Erstbewertung 2,6d6bad17cd27ee92dc402cf5e7ef67df4de582a50a3dcdbc3aacb76c4d883501
C19,C19,NEIN,Nominale Gründe; Mehrfachnennung,Nur C18=1.,FRAGEBOGEN_TEXTLAYER_BLOCK_MANUELL_GELESEN; ORIGINALSICHT_ENTWURF; KEINE_ZELLENWEISE_VOLLABNAHME,"ESS11-DE Fragebogen PDF/gedruckte Seiten 23, Originalblock C19",Erhebt Gründe der Diskriminierung der eigenen Gruppe; der geerbte Selbst-/Gruppenbezug begrenzt den Gegenstand auf persönliche Betroffenheit.,KEINE,Kein einheitlicher höherer Pol; die Zahlen bezeichnen Kategorien.,ENTWURF_TEXTBLOCK_AUTOMATISCH,ENTWURF_VERTIKALE_CODES_LABELZEILEN_NACHPRUEFEN,be6fbca3efbe18a062a6ae96d242a7f79e02b511bd5fcf03d448943bb3a5ae75,Codex Methoden-Erstbewertung 2,6d6bad17cd27ee92dc402cf5e7ef67df4de582a50a3dcdbc3aacb76c4d883501
C20,C20,NEIN,Dichotome Staatsbürgerschaft,An alle; Nichtantwortcodes sind keine Skalenpole.,FRAGEBOGEN_TEXTLAYER_BLOCK_MANUELL_GELESEN; ORIGINALSICHT_ENTWURF; KEINE_ZELLENWEISE_VOLLABNAHME,"ESS11-DE Fragebogen PDF/gedruckte Seiten 23, Originalblock C20","Erhebt eigene Staatsbürgerschaft. Das ist eine persönliche/biografische Lebensangabe, keine Position über Nationalität oder Migration.",KEINE,Kein einheitlicher höherer Pol; die Zahlen bezeichnen Kategorien.,ENTWURF_TEXTBLOCK_AUTOMATISCH,ENTWURF_VERTIKALE_CODES_LABELZEILEN_NACHPRUEFEN,be6fbca3efbe18a062a6ae96d242a7f79e02b511bd5fcf03d448943bb3a5ae75,Codex Methoden-Erstbewertung 2,6d6bad17cd27ee92dc402cf5e7ef67df4de582a50a3dcdbc3aacb76c4d883501
C21,C21,NEIN,Dichotomer Geburtsort,An alle; Nichtantwortcodes sind keine Skalenpole.,FRAGEBOGEN_TEXTLAYER_BLOCK_MANUELL_GELESEN; ORIGINALSICHT_ENTWURF; KEINE_ZELLENWEISE_VOLLABNAHME,"ESS11-DE Fragebogen PDF/gedruckte Seiten 23, Originalblock C21","Erhebt eigenen Geburtsort in Deutschland. Das ist eine persönliche/biografische Lebensangabe, keine Position über Nationalität oder Migration.",KEINE,Kein einheitlicher höherer Pol; die Zahlen bezeichnen Kategorien.,ENTWURF_TEXTBLOCK_AUTOMATISCH,ENTWURF_VERTIKALE_CODES_LABELZEILEN_NACHPRUEFEN,be6fbca3efbe18a062a6ae96d242a7f79e02b511bd5fcf03d448943bb3a5ae75,Codex Methoden-Erstbewertung 2,6d6bad17cd27ee92dc402cf5e7ef67df4de582a50a3dcdbc3aacb76c4d883501
C22,C22,NEIN,Offene nominale Länderangabe,Nur C21=2.,FRAGEBOGEN_TEXTLAYER_BLOCK_MANUELL_GELESEN; ORIGINALSICHT_ENTWURF; KEINE_ZELLENWEISE_VOLLABNAHME,"ESS11-DE Fragebogen PDF/gedruckte Seiten 24, Originalblock C22","Erhebt eigenes Geburtsland. Das ist eine persönliche/biografische Lebensangabe, keine Position über Nationalität oder Migration.",KEINE,Kein einheitlicher höherer Pol; die Zahlen bezeichnen Kategorien.,ENTWURF_TEXTBLOCK_AUTOMATISCH,OFFEN_ORIGINALANTWORTBLOCK_NOCH_NICHT_ZELLENWEISE,be6fbca3efbe18a062a6ae96d242a7f79e02b511bd5fcf03d448943bb3a5ae75,Codex Methoden-Erstbewertung 2,6d6bad17cd27ee92dc402cf5e7ef67df4de582a50a3dcdbc3aacb76c4d883501
C23,C23,NEIN,Offene Jahreszahl,Nur C21=2.,FRAGEBOGEN_TEXTLAYER_BLOCK_MANUELL_GELESEN; ORIGINALSICHT_ENTWURF; KEINE_ZELLENWEISE_VOLLABNAHME,"ESS11-DE Fragebogen PDF/gedruckte Seiten 24, Originalblock C23","Erhebt eigenes erstes Zuzugsjahr. Das ist eine persönliche/biografische Lebensangabe, keine Position über Nationalität oder Migration.",STEIGEND,Späteres erstes Zuzugsjahr nach Deutschland.,ENTWURF_TEXTBLOCK_AUTOMATISCH,OFFEN_ORIGINALANTWORTBLOCK_NOCH_NICHT_ZELLENWEISE,be6fbca3efbe18a062a6ae96d242a7f79e02b511bd5fcf03d448943bb3a5ae75,Codex Methoden-Erstbewertung 2,6d6bad17cd27ee92dc402cf5e7ef67df4de582a50a3dcdbc3aacb76c4d883501
C24,C24,NEIN,Offene nominale Sprache; maximal zwei,An alle; Nichtantwortcodes sind keine Skalenpole.,FRAGEBOGEN_TEXTLAYER_BLOCK_MANUELL_GELESEN; ORIGINALSICHT_ENTWURF; KEINE_ZELLENWEISE_VOLLABNAHME,"ESS11-DE Fragebogen PDF/gedruckte Seiten 24, Originalblock C24","Erhebt zu Hause am häufigsten gesprochene Sprachen. Das ist eine persönliche/biografische Lebensangabe, keine Position über Nationalität oder Migration.",KEINE,Kein einheitlicher höherer Pol; die Zahlen bezeichnen Kategorien.,ENTWURF_TEXTBLOCK_AUTOMATISCH,OFFEN_ORIGINALANTWORTBLOCK_NOCH_NICHT_ZELLENWEISE,be6fbca3efbe18a062a6ae96d242a7f79e02b511bd5fcf03d448943bb3a5ae75,Codex Methoden-Erstbewertung 2,6d6bad17cd27ee92dc402cf5e7ef67df4de582a50a3dcdbc3aacb76c4d883501
C25,C25,NEIN,Dichotome Gruppenzugehörigkeit,An alle; Nichtantwortcodes sind keine Skalenpole.,FRAGEBOGEN_TEXTLAYER_BLOCK_MANUELL_GELESEN; ORIGINALSICHT_ENTWURF; KEINE_ZELLENWEISE_VOLLABNAHME,"ESS11-DE Fragebogen PDF/gedruckte Seiten 24, Originalblock C25","Erhebt eigene ethnische Gruppenzugehörigkeit zur Mehrheitsgruppe. Das ist eine persönliche/biografische Lebensangabe, keine Position über Nationalität oder Migration.",KEINE,Kein einheitlicher höherer Pol; die Zahlen bezeichnen Kategorien.,ENTWURF_TEXTBLOCK_AUTOMATISCH,ENTWURF_VERTIKALE_CODES_LABELZEILEN_NACHPRUEFEN,be6fbca3efbe18a062a6ae96d242a7f79e02b511bd5fcf03d448943bb3a5ae75,Codex Methoden-Erstbewertung 2,6d6bad17cd27ee92dc402cf5e7ef67df4de582a50a3dcdbc3aacb76c4d883501
C26,C26,NEIN,Dichotomer Geburtsort,An alle; Nichtantwortcodes sind keine Skalenpole.,FRAGEBOGEN_TEXTLAYER_BLOCK_MANUELL_GELESEN; ORIGINALSICHT_ENTWURF; KEINE_ZELLENWEISE_VOLLABNAHME,"ESS11-DE Fragebogen PDF/gedruckte Seiten 25, Originalblock C26","Erhebt Geburtsort des Vaters in Deutschland. Das ist eine persönliche/biografische Lebensangabe, keine Position über Nationalität oder Migration.",KEINE,Kein einheitlicher höherer Pol; die Zahlen bezeichnen Kategorien.,ENTWURF_TEXTBLOCK_AUTOMATISCH,ENTWURF_VERTIKALE_CODES_LABELZEILEN_NACHPRUEFEN,be6fbca3efbe18a062a6ae96d242a7f79e02b511bd5fcf03d448943bb3a5ae75,Codex Methoden-Erstbewertung 2,6d6bad17cd27ee92dc402cf5e7ef67df4de582a50a3dcdbc3aacb76c4d883501
C27,C27,NEIN,Offene nominale Länderangabe,Nur C26=2.,FRAGEBOGEN_TEXTLAYER_BLOCK_MANUELL_GELESEN; ORIGINALSICHT_ENTWURF; KEINE_ZELLENWEISE_VOLLABNAHME,"ESS11-DE Fragebogen PDF/gedruckte Seiten 25, Originalblock C27","Erhebt Geburtsland des Vaters. Das ist eine persönliche/biografische Lebensangabe, keine Position über Nationalität oder Migration.",KEINE,Kein einheitlicher höherer Pol; die Zahlen bezeichnen Kategorien.,ENTWURF_TEXTBLOCK_AUTOMATISCH,OFFEN_ORIGINALANTWORTBLOCK_NOCH_NICHT_ZELLENWEISE,be6fbca3efbe18a062a6ae96d242a7f79e02b511bd5fcf03d448943bb3a5ae75,Codex Methoden-Erstbewertung 2,6d6bad17cd27ee92dc402cf5e7ef67df4de582a50a3dcdbc3aacb76c4d883501
C28,C28,NEIN,Dichotomer Geburtsort,An alle; Nichtantwortcodes sind keine Skalenpole.,FRAGEBOGEN_TEXTLAYER_BLOCK_MANUELL_GELESEN; ORIGINALSICHT_ENTWURF; KEINE_ZELLENWEISE_VOLLABNAHME,"ESS11-DE Fragebogen PDF/gedruckte Seiten 25, Originalblock C28","Erhebt Geburtsort der Mutter in Deutschland. Das ist eine persönliche/biografische Lebensangabe, keine Position über Nationalität oder Migration.",KEINE,Kein einheitlicher höherer Pol; die Zahlen bezeichnen Kategorien.,ENTWURF_TEXTBLOCK_AUTOMATISCH,ENTWURF_VERTIKALE_CODES_LABELZEILEN_NACHPRUEFEN,be6fbca3efbe18a062a6ae96d242a7f79e02b511bd5fcf03d448943bb3a5ae75,Codex Methoden-Erstbewertung 2,6d6bad17cd27ee92dc402cf5e7ef67df4de582a50a3dcdbc3aacb76c4d883501
C29,C29,NEIN,Offene nominale Länderangabe,Nur C28=2.,FRAGEBOGEN_TEXTLAYER_BLOCK_MANUELL_GELESEN; ORIGINALSICHT_ENTWURF; KEINE_ZELLENWEISE_VOLLABNAHME,"ESS11-DE Fragebogen PDF/gedruckte Seiten 25|26, Originalblock C29","Erhebt Geburtsland der Mutter. Das ist eine persönliche/biografische Lebensangabe, keine Position über Nationalität oder Migration.",KEINE,Kein einheitlicher höherer Pol; die Zahlen bezeichnen Kategorien.,ENTWURF_TEXTBLOCK_AUTOMATISCH,OFFEN_ORIGINALANTWORTBLOCK_NOCH_NICHT_ZELLENWEISE,be6fbca3efbe18a062a6ae96d242a7f79e02b511bd5fcf03d448943bb3a5ae75,Codex Methoden-Erstbewertung 2,6d6bad17cd27ee92dc402cf5e7ef67df4de582a50a3dcdbc3aacb76c4d883501
C30,C30,NEIN,Kausalattribution 01–05; zusätzlicher substanzieller Code 55,An alle; Nichtantwortcodes sind keine Skalenpole.,FRAGEBOGEN_TEXTLAYER_BLOCK_MANUELL_GELESEN; ORIGINALSICHT_ENTWURF; KEINE_ZELLENWEISE_VOLLABNAHME; LISTENHEFT_TEXTLAYER_GELESEN,"ESS11-DE Fragebogen PDF/gedruckte Seiten 26, Originalblock C30; Listenheft Liste 27, PDF-Seite 28","Erhebt eine Behauptung über die tatsächlichen Ursachen des Klimawandels, keine gewünschte Regel oder Wertpriorität. Wissens-/Ursachengegenstand. 55 bedeutet, dass kein Klimawandel angenommen wird, nicht einen hohen Ursachenanteil.",STEIGEND,Innerhalb 01–05 stärkere Zuschreibung des Klimawandels an menschliches Handeln; 55 hat keinen Platz auf dieser Ordnung.,ENTWURF_TEXTBLOCK_AUTOMATISCH,ENTWURF_VERTIKALE_CODES_LABELZEILEN_NACHPRUEFEN,be6fbca3efbe18a062a6ae96d242a7f79e02b511bd5fcf03d448943bb3a5ae75,Codex Methoden-Erstbewertung 2,6d6bad17cd27ee92dc402cf5e7ef67df4de582a50a3dcdbc3aacb76c4d883501
C31,C31,JA,Unipolare persönliche Verantwortungsintensität 0–10,Nur C30≠55; einschließlich verweigert/weiß nicht in C30.,FRAGEBOGEN_TEXTLAYER_BLOCK_MANUELL_GELESEN; ORIGINALSICHT_ENTWURF; KEINE_ZELLENWEISE_VOLLABNAHME; LISTENHEFT_TEXTLAYER_GELESEN,"ESS11-DE Fragebogen PDF/gedruckte Seiten 26, Originalblock C31; Listenheft Liste 28, PDF-Seite 29","Erhebt ethische Orientierung gegenüber einer gesellschaftlichen Umweltfrage, keine tatsächlich ausgeführte Tätigkeit. Ein fehlendes Verantwortungsgefühl benennt keine gegenteilige Ideologie.",STEIGEND,Stärkeres persönliches Verantwortungsgefühl für einen Beitrag zur Verringerung des Klimawandels.,ENTWURF_TEXTBLOCK_AUTOMATISCH,OFFEN_ORIGINALANTWORTBLOCK_NOCH_NICHT_ZELLENWEISE,be6fbca3efbe18a062a6ae96d242a7f79e02b511bd5fcf03d448943bb3a5ae75,Codex Methoden-Erstbewertung 2,6d6bad17cd27ee92dc402cf5e7ef67df4de582a50a3dcdbc3aacb76c4d883501
C32,C32,JA,Unipolare Besorgtheit 1–5,Geerbter Filter C30≠55.,FRAGEBOGEN_TEXTLAYER_BLOCK_MANUELL_GELESEN; ORIGINALSICHT_ENTWURF; KEINE_ZELLENWEISE_VOLLABNAHME; LISTENHEFT_TEXTLAYER_GELESEN,"ESS11-DE Fragebogen PDF/gedruckte Seiten 26|27, Originalblock C32; Listenheft Liste 29, PDF-Seite 30","Die Emotion gilt einer gesellschaftlichen Streitfrage, nicht einem persönlichen Gesundheitsereignis. Besorgtheit trägt eine Haltung, belegt aber keine konkrete Klimapolitik oder relative Umweltpriorität.",STEIGEND,Stärkere Besorgtheit über den Klimawandel.,ENTWURF_TEXTBLOCK_AUTOMATISCH,ENTWURF_VERTIKALE_CODES_LABELZEILEN_NACHPRUEFEN,be6fbca3efbe18a062a6ae96d242a7f79e02b511bd5fcf03d448943bb3a5ae75,Codex Methoden-Erstbewertung 2,6d6bad17cd27ee92dc402cf5e7ef67df4de582a50a3dcdbc3aacb76c4d883501
C33,C33,NEIN,Nominale CAPI-Zufallsgruppe 1/2/3,Bei nicht C30=55; gleiche Gruppe in Modul I.,FRAGEBOGEN_TEXTLAYER_BLOCK_MANUELL_GELESEN; ORIGINALSICHT_ENTWURF; KEINE_ZELLENWEISE_VOLLABNAHME,"ESS11-DE Fragebogen PDF/gedruckte Seiten 27, Originalblock C33",Verwaltungs-/Randomisierungsvariable. Die Gruppennummer hat keine politische Bedeutung.,KEINE,Kein einheitlicher höherer Pol; die Zahlen bezeichnen Kategorien.,ENTWURF_TEXTBLOCK_AUTOMATISCH,OFFEN_ORIGINALANTWORTBLOCK_NOCH_NICHT_ZELLENWEISE,be6fbca3efbe18a062a6ae96d242a7f79e02b511bd5fcf03d448943bb3a5ae75,Codex Methoden-Erstbewertung 2,6d6bad17cd27ee92dc402cf5e7ef67df4de582a50a3dcdbc3aacb76c4d883501
C34,C34,UNKLAR,Wahrscheinlichkeit 0–10,Geerbter Filter C30≠55 und C33=1; Variante in Modul I derselben Gruppe. Nichtantworten keine Pole.,FRAGEBOGEN_TEXTLAYER_BLOCK_MANUELL_GELESEN; ORIGINALSICHT_ENTWURF; KEINE_ZELLENWEISE_VOLLABNAHME; LISTENHEFT_TEXTLAYER_GELESEN,"ESS11-DE Fragebogen PDF/gedruckte Seiten 27, Originalblock C34; Listenheft Liste 30, PDF-Seite 31","Subjektive Einschätzung eines kausalen Klimaeffekts. Ohne normativen Wunsch kann dies Wirksamkeitswissen oder eine gesellschaftliche Überzeugung bezeichnen; die Grundregel löst diese Grenze nicht eindeutig. Das Item ist eine Variantenfrage zur Fragebogenqualität, keine zusätzliche unabhängige Dimension.",STEIGEND,Höhere Wahrscheinlichkeit wahrgenommenen Klimaeffekts kollektiver Energieeinschränkung.,ENTWURF_TEXTBLOCK_AUTOMATISCH,ENTWURF_VERTIKALE_CODES_LABELZEILEN_NACHPRUEFEN,be6fbca3efbe18a062a6ae96d242a7f79e02b511bd5fcf03d448943bb3a5ae75,Codex Methoden-Erstbewertung 2,6d6bad17cd27ee92dc402cf5e7ef67df4de582a50a3dcdbc3aacb76c4d883501
C35,C35,UNKLAR,Wahrscheinlichkeit 0–10,Geerbter Filter C30≠55 und C33=1; Variante in Modul I derselben Gruppe. Nichtantworten keine Pole.,FRAGEBOGEN_TEXTLAYER_BLOCK_MANUELL_GELESEN; ORIGINALSICHT_ENTWURF; KEINE_ZELLENWEISE_VOLLABNAHME; LISTENHEFT_TEXTLAYER_GELESEN,"ESS11-DE Fragebogen PDF/gedruckte Seiten 28, Originalblock C35; Listenheft Liste 30, PDF-Seite 31","Prognose des künftigen Verhaltens anderer Menschen. Keine eigene Handlung und keine automatisch richtige Wissensantwort, aber auch kein ausdrücklich gewünschter gesellschaftlicher Zustand oder Wert. Das Item ist eine Variantenfrage zur Fragebogenqualität, keine zusätzliche unabhängige Dimension.",STEIGEND,"Höhere Erwartete Wahrscheinlichkeit, dass sehr viele Menschen ihren Energieverbrauch tatsächlich einschränken.",ENTWURF_TEXTBLOCK_AUTOMATISCH,ENTWURF_VERTIKALE_CODES_LABELZEILEN_NACHPRUEFEN,be6fbca3efbe18a062a6ae96d242a7f79e02b511bd5fcf03d448943bb3a5ae75,Codex Methoden-Erstbewertung 2,6d6bad17cd27ee92dc402cf5e7ef67df4de582a50a3dcdbc3aacb76c4d883501
C36,C36,UNKLAR,Wahrscheinlichkeit 0–10,Geerbter Filter C30≠55 und C33=1; Variante in Modul I derselben Gruppe. Nichtantworten keine Pole.,FRAGEBOGEN_TEXTLAYER_BLOCK_MANUELL_GELESEN; ORIGINALSICHT_ENTWURF; KEINE_ZELLENWEISE_VOLLABNAHME; LISTENHEFT_TEXTLAYER_GELESEN,"ESS11-DE Fragebogen PDF/gedruckte Seiten 28, Originalblock C36; Listenheft Liste 30, PDF-Seite 31","Prognose künftiger staatlicher Maßnahmen. Keine Präferenz für Maßnahmen und keine Prüfung eines benannten amtierenden Kabinetts; politische Erwartung und Tatsachenprognose bleiben inhaltlich mehrdeutig. Das Item ist eine Variantenfrage zur Fragebogenqualität, keine zusätzliche unabhängige Dimension.",STEIGEND,"Höhere Erwartete Wahrscheinlichkeit, dass genug Staaten Klimaschutzmaßnahmen ergreifen.",ENTWURF_TEXTBLOCK_AUTOMATISCH,ENTWURF_VERTIKALE_CODES_LABELZEILEN_NACHPRUEFEN,be6fbca3efbe18a062a6ae96d242a7f79e02b511bd5fcf03d448943bb3a5ae75,Codex Methoden-Erstbewertung 2,6d6bad17cd27ee92dc402cf5e7ef67df4de582a50a3dcdbc3aacb76c4d883501
C37,C37,UNKLAR,Wahrscheinlichkeit 1–5,Geerbter Filter C30≠55 und C33=2; Variante in Modul I derselben Gruppe. Nichtantworten keine Pole.,FRAGEBOGEN_TEXTLAYER_BLOCK_MANUELL_GELESEN; ORIGINALSICHT_ENTWURF; KEINE_ZELLENWEISE_VOLLABNAHME; LISTENHEFT_TEXTLAYER_GELESEN,"ESS11-DE Fragebogen PDF/gedruckte Seiten 29, Originalblock C37; Listenheft Liste 31, PDF-Seite 32","Subjektive Einschätzung eines kausalen Klimaeffekts. Ohne normativen Wunsch kann dies Wirksamkeitswissen oder eine gesellschaftliche Überzeugung bezeichnen; die Grundregel löst diese Grenze nicht eindeutig. Das Item ist eine Variantenfrage zur Fragebogenqualität, keine zusätzliche unabhängige Dimension.",FALLEND,Höhere Wahrscheinlichkeit wahrgenommenen Klimaeffekts kollektiver Energieeinschränkung.,ENTWURF_TEXTBLOCK_AUTOMATISCH,ENTWURF_VERTIKALE_CODES_LABELZEILEN_NACHPRUEFEN,be6fbca3efbe18a062a6ae96d242a7f79e02b511bd5fcf03d448943bb3a5ae75,Codex Methoden-Erstbewertung 2,6d6bad17cd27ee92dc402cf5e7ef67df4de582a50a3dcdbc3aacb76c4d883501
C38,C38,UNKLAR,Wahrscheinlichkeit 1–5,Geerbter Filter C30≠55 und C33=2; Variante in Modul I derselben Gruppe. Nichtantworten keine Pole.,FRAGEBOGEN_TEXTLAYER_BLOCK_MANUELL_GELESEN; ORIGINALSICHT_ENTWURF; KEINE_ZELLENWEISE_VOLLABNAHME; LISTENHEFT_TEXTLAYER_GELESEN,"ESS11-DE Fragebogen PDF/gedruckte Seiten 29, Originalblock C38; Listenheft Liste 31, PDF-Seite 32","Prognose des künftigen Verhaltens anderer Menschen. Keine eigene Handlung und keine automatisch richtige Wissensantwort, aber auch kein ausdrücklich gewünschter gesellschaftlicher Zustand oder Wert. Das Item ist eine Variantenfrage zur Fragebogenqualität, keine zusätzliche unabhängige Dimension.",FALLEND,"Höhere Erwartete Wahrscheinlichkeit, dass sehr viele Menschen ihren Energieverbrauch tatsächlich einschränken.",ENTWURF_TEXTBLOCK_AUTOMATISCH,ENTWURF_VERTIKALE_CODES_LABELZEILEN_NACHPRUEFEN,be6fbca3efbe18a062a6ae96d242a7f79e02b511bd5fcf03d448943bb3a5ae75,Codex Methoden-Erstbewertung 2,6d6bad17cd27ee92dc402cf5e7ef67df4de582a50a3dcdbc3aacb76c4d883501
C39,C39,UNKLAR,Wahrscheinlichkeit 1–5,Geerbter Filter C30≠55 und C33=2; Variante in Modul I derselben Gruppe. Nichtantworten keine Pole.,FRAGEBOGEN_TEXTLAYER_BLOCK_MANUELL_GELESEN; ORIGINALSICHT_ENTWURF; KEINE_ZELLENWEISE_VOLLABNAHME; LISTENHEFT_TEXTLAYER_GELESEN,"ESS11-DE Fragebogen PDF/gedruckte Seiten 29, Originalblock C39; Listenheft Liste 31, PDF-Seite 32","Prognose künftiger staatlicher Maßnahmen. Keine Präferenz für Maßnahmen und keine Prüfung eines benannten amtierenden Kabinetts; politische Erwartung und Tatsachenprognose bleiben inhaltlich mehrdeutig. Das Item ist eine Variantenfrage zur Fragebogenqualität, keine zusätzliche unabhängige Dimension.",FALLEND,"Höhere Erwartete Wahrscheinlichkeit, dass genug Staaten Klimaschutzmaßnahmen ergreifen.",ENTWURF_TEXTBLOCK_AUTOMATISCH,ENTWURF_VERTIKALE_CODES_LABELZEILEN_NACHPRUEFEN,be6fbca3efbe18a062a6ae96d242a7f79e02b511bd5fcf03d448943bb3a5ae75,Codex Methoden-Erstbewertung 2,6d6bad17cd27ee92dc402cf5e7ef67df4de582a50a3dcdbc3aacb76c4d883501
C40,C40,UNKLAR,Wahrscheinlichkeit 0–4,Geerbter Filter C30≠55 und C33=3; Variante in Modul I derselben Gruppe. Nichtantworten keine Pole.,FRAGEBOGEN_TEXTLAYER_BLOCK_MANUELL_GELESEN; ORIGINALSICHT_ENTWURF; KEINE_ZELLENWEISE_VOLLABNAHME; LISTENHEFT_TEXTLAYER_GELESEN,"ESS11-DE Fragebogen PDF/gedruckte Seiten 30, Originalblock C40; Listenheft Liste 32, PDF-Seite 33","Subjektive Einschätzung eines kausalen Klimaeffekts. Ohne normativen Wunsch kann dies Wirksamkeitswissen oder eine gesellschaftliche Überzeugung bezeichnen; die Grundregel löst diese Grenze nicht eindeutig. Das Item ist eine Variantenfrage zur Fragebogenqualität, keine zusätzliche unabhängige Dimension.",STEIGEND,Höhere Wahrscheinlichkeit wahrgenommenen Klimaeffekts kollektiver Energieeinschränkung.,ENTWURF_TEXTBLOCK_AUTOMATISCH,ENTWURF_VERTIKALE_CODES_LABELZEILEN_NACHPRUEFEN,be6fbca3efbe18a062a6ae96d242a7f79e02b511bd5fcf03d448943bb3a5ae75,Codex Methoden-Erstbewertung 2,6d6bad17cd27ee92dc402cf5e7ef67df4de582a50a3dcdbc3aacb76c4d883501
C41,C41,UNKLAR,Wahrscheinlichkeit 0–4,Geerbter Filter C30≠55 und C33=3; Variante in Modul I derselben Gruppe. Nichtantworten keine Pole.,FRAGEBOGEN_TEXTLAYER_BLOCK_MANUELL_GELESEN; ORIGINALSICHT_ENTWURF; KEINE_ZELLENWEISE_VOLLABNAHME; LISTENHEFT_TEXTLAYER_GELESEN,"ESS11-DE Fragebogen PDF/gedruckte Seiten 30, Originalblock C41; Listenheft Liste 32, PDF-Seite 33","Prognose des künftigen Verhaltens anderer Menschen. Keine eigene Handlung und keine automatisch richtige Wissensantwort, aber auch kein ausdrücklich gewünschter gesellschaftlicher Zustand oder Wert. Das Item ist eine Variantenfrage zur Fragebogenqualität, keine zusätzliche unabhängige Dimension.",STEIGEND,"Höhere Erwartete Wahrscheinlichkeit, dass sehr viele Menschen ihren Energieverbrauch tatsächlich einschränken.",ENTWURF_TEXTBLOCK_AUTOMATISCH,ENTWURF_VERTIKALE_CODES_LABELZEILEN_NACHPRUEFEN,be6fbca3efbe18a062a6ae96d242a7f79e02b511bd5fcf03d448943bb3a5ae75,Codex Methoden-Erstbewertung 2,6d6bad17cd27ee92dc402cf5e7ef67df4de582a50a3dcdbc3aacb76c4d883501
C42,C42,UNKLAR,Wahrscheinlichkeit 0–4,Geerbter Filter C30≠55 und C33=3; Variante in Modul I derselben Gruppe. Nichtantworten keine Pole.,FRAGEBOGEN_TEXTLAYER_BLOCK_MANUELL_GELESEN; ORIGINALSICHT_ENTWURF; KEINE_ZELLENWEISE_VOLLABNAHME; LISTENHEFT_TEXTLAYER_GELESEN,"ESS11-DE Fragebogen PDF/gedruckte Seiten 30|31, Originalblock C42; Listenheft Liste 32, PDF-Seite 33","Prognose künftiger staatlicher Maßnahmen. Keine Präferenz für Maßnahmen und keine Prüfung eines benannten amtierenden Kabinetts; politische Erwartung und Tatsachenprognose bleiben inhaltlich mehrdeutig. Das Item ist eine Variantenfrage zur Fragebogenqualität, keine zusätzliche unabhängige Dimension.",STEIGEND,"Höhere Erwartete Wahrscheinlichkeit, dass genug Staaten Klimaschutzmaßnahmen ergreifen.",ENTWURF_TEXTBLOCK_AUTOMATISCH,ENTWURF_VERTIKALE_CODES_LABELZEILEN_NACHPRUEFEN,be6fbca3efbe18a062a6ae96d242a7f79e02b511bd5fcf03d448943bb3a5ae75,Codex Methoden-Erstbewertung 2,6d6bad17cd27ee92dc402cf5e7ef67df4de582a50a3dcdbc3aacb76c4d883501
C43,C43,NEIN,Nominale Referendumsabsicht mit Nichtwahl-/Berechtigungskategorien,An alle; Nichtantwortcodes sind keine Skalenpole.,FRAGEBOGEN_TEXTLAYER_BLOCK_MANUELL_GELESEN; ORIGINALSICHT_ENTWURF; KEINE_ZELLENWEISE_VOLLABNAHME,"ESS11-DE Fragebogen PDF/gedruckte Seiten 31|32, Originalblock C43",Erhebt hypothetische Wahlabsicht bei einem EU-Referendum. Der Vertrag schließt Wahlangaben aus; die zusätzlichen substanziellen Kategorien 33/44/55/65 lassen sich nicht als Skalenextreme behandeln.,KEINE,"Kein einheitlicher höherer Pol über Fortsetzung, Austritt, leeren/ungültigen Stimmzettel, Nichtwahl und fehlende Stimmberechtigung.",ENTWURF_TEXTBLOCK_AUTOMATISCH,ENTWURF_VERTIKALE_CODES_LABELZEILEN_NACHPRUEFEN,be6fbca3efbe18a062a6ae96d242a7f79e02b511bd5fcf03d448943bb3a5ae75,Codex Methoden-Erstbewertung 2,6d6bad17cd27ee92dc402cf5e7ef67df4de582a50a3dcdbc3aacb76c4d883501
D1,D1,NEIN,Eigene gefühlte Lebenskontrolle 0–10,An alle; Nichtantwortcodes sind keine Skalenpole.,FRAGEBOGEN_TEXTLAYER_BLOCK_MANUELL_GELESEN; ORIGINALSICHT_ENTWURF; KEINE_ZELLENWEISE_VOLLABNAHME; LISTENHEFT_TEXTLAYER_GELESEN,"ESS11-DE Fragebogen PDF/gedruckte Seiten 32, Originalblock D1; Listenheft Liste 33, PDF-Seite 34","Erhebt gegenwärtigen persönlichen Zustand, keine gewünschte gesellschaftliche Selbstbestimmung oder Wertpriorität.",STEIGEND,Mehr Kontrolle über das eigene Leben.,ENTWURF_TEXTBLOCK_AUTOMATISCH,OFFEN_ORIGINALANTWORTBLOCK_NOCH_NICHT_ZELLENWEISE,be6fbca3efbe18a062a6ae96d242a7f79e02b511bd5fcf03d448943bb3a5ae75,Codex Methoden-Erstbewertung 2,6d6bad17cd27ee92dc402cf5e7ef67df4de582a50a3dcdbc3aacb76c4d883501
D2,D2,NEIN,Verzehrhäufigkeit 01–07,An alle; Nichtantwortcodes sind keine Skalenpole.,FRAGEBOGEN_TEXTLAYER_BLOCK_MANUELL_GELESEN; ORIGINALSICHT_ENTWURF; KEINE_ZELLENWEISE_VOLLABNAHME; LISTENHEFT_TEXTLAYER_GELESEN,"ESS11-DE Fragebogen PDF/gedruckte Seiten 32, Originalblock D2; Listenheft Liste 34, PDF-Seite 35",Erhebt eigenes Ernährungsverhalten. Daraus folgt keine Ernährungs-/Umweltposition.,FALLEND,Häufigerer eigener Verzehr von Obst.,ENTWURF_TEXTBLOCK_AUTOMATISCH,OFFEN_ORIGINALANTWORTBLOCK_NOCH_NICHT_ZELLENWEISE,be6fbca3efbe18a062a6ae96d242a7f79e02b511bd5fcf03d448943bb3a5ae75,Codex Methoden-Erstbewertung 2,6d6bad17cd27ee92dc402cf5e7ef67df4de582a50a3dcdbc3aacb76c4d883501
D3,D3,NEIN,Verzehrhäufigkeit 01–07,An alle; Nichtantwortcodes sind keine Skalenpole.,FRAGEBOGEN_TEXTLAYER_BLOCK_MANUELL_GELESEN; ORIGINALSICHT_ENTWURF; KEINE_ZELLENWEISE_VOLLABNAHME; LISTENHEFT_TEXTLAYER_GELESEN,"ESS11-DE Fragebogen PDF/gedruckte Seiten 33, Originalblock D3; Listenheft Liste 34, PDF-Seite 35",Erhebt eigenes Ernährungsverhalten. Daraus folgt keine Ernährungs-/Umweltposition.,FALLEND,Häufigerer eigener Verzehr von Gemüse/Salat.,ENTWURF_TEXTBLOCK_AUTOMATISCH,OFFEN_ORIGINALANTWORTBLOCK_NOCH_NICHT_ZELLENWEISE,be6fbca3efbe18a062a6ae96d242a7f79e02b511bd5fcf03d448943bb3a5ae75,Codex Methoden-Erstbewertung 2,6d6bad17cd27ee92dc402cf5e7ef67df4de582a50a3dcdbc3aacb76c4d883501
D4,D4,NEIN,Anzahl Tage 0–7,An alle; Nichtantwortcodes sind keine Skalenpole.,FRAGEBOGEN_TEXTLAYER_BLOCK_MANUELL_GELESEN; ORIGINALSICHT_ENTWURF; KEINE_ZELLENWEISE_VOLLABNAHME,"ESS11-DE Fragebogen PDF/gedruckte Seiten 33, Originalblock D4",Erhebt eigene körperliche Aktivität in sieben Tagen.,STEIGEND,Mehr Tage mit mindestens 30 Minuten körperlicher Betätigung.,ENTWURF_TEXTBLOCK_AUTOMATISCH,OFFEN_ORIGINALANTWORTBLOCK_NOCH_NICHT_ZELLENWEISE,be6fbca3efbe18a062a6ae96d242a7f79e02b511bd5fcf03d448943bb3a5ae75,Codex Methoden-Erstbewertung 2,6d6bad17cd27ee92dc402cf5e7ef67df4de582a50a3dcdbc3aacb76c4d883501
D5,D5,NEIN,Rauchverhalten mit aktueller und historischer Einteilung 1–6,An alle; Nichtantwortcodes sind keine Skalenpole.,FRAGEBOGEN_TEXTLAYER_BLOCK_MANUELL_GELESEN; ORIGINALSICHT_ENTWURF; KEINE_ZELLENWEISE_VOLLABNAHME; LISTENHEFT_TEXTLAYER_GELESEN,"ESS11-DE Fragebogen PDF/gedruckte Seiten 33, Originalblock D5; Listenheft Liste 35, PDF-Seite 36",Erhebt eigenes Rauchverhalten und Vorgeschichte. Die Codes kombinieren aktuelle Häufigkeit und jemals geraucht; keine politische Haltung und keine einheitliche Mengenordnung.,KEINE,Kein durchgehend geordneter höherer Pol aus aktueller Rauchmenge und früherer Rauchgeschichte.,ENTWURF_TEXTBLOCK_AUTOMATISCH,OFFEN_ORIGINALANTWORTBLOCK_NOCH_NICHT_ZELLENWEISE,be6fbca3efbe18a062a6ae96d242a7f79e02b511bd5fcf03d448943bb3a5ae75,Codex Methoden-Erstbewertung 2,6d6bad17cd27ee92dc402cf5e7ef67df4de582a50a3dcdbc3aacb76c4d883501
D6,D6,NEIN,Trinkhäufigkeit 01–07,An alle; Nichtantwortcodes sind keine Skalenpole.,FRAGEBOGEN_TEXTLAYER_BLOCK_MANUELL_GELESEN; ORIGINALSICHT_ENTWURF; KEINE_ZELLENWEISE_VOLLABNAHME; LISTENHEFT_TEXTLAYER_GELESEN,"ESS11-DE Fragebogen PDF/gedruckte Seiten 34, Originalblock D6; Listenheft Liste 36, PDF-Seite 37","Erhebt eigenes Verhalten, keine Einstellung zur Alkoholregulierung.",FALLEND,Häufigerer eigener Alkoholkonsum in zwölf Monaten.,ENTWURF_TEXTBLOCK_AUTOMATISCH,OFFEN_ORIGINALANTWORTBLOCK_NOCH_NICHT_ZELLENWEISE,be6fbca3efbe18a062a6ae96d242a7f79e02b511bd5fcf03d448943bb3a5ae75,Codex Methoden-Erstbewertung 2,6d6bad17cd27ee92dc402cf5e7ef67df4de582a50a3dcdbc3aacb76c4d883501
D7,D7,NEIN,Offene Anzahl je Getränkeart; substanzieller Code 555,"D6=01–06,77,88.",FRAGEBOGEN_TEXTLAYER_BLOCK_MANUELL_GELESEN; ORIGINALSICHT_ENTWURF; KEINE_ZELLENWEISE_VOLLABNAHME; LISTENHEFT_TEXTLAYER_GELESEN,"ESS11-DE Fragebogen PDF/gedruckte Seiten 34, Originalblock D7; Listenheft Liste 37, PDF-Seite 38",Erhebt eigenen Konsum an einem bestimmten Tag. Mehrere Getränkezählungen bilden keine politische Wertorientierung; kein Trinken an diesen Tagen wird gesondert codiert.,STEIGEND,Mehr Getränke pro jeweils gesonderter Getränkeart am letzten Trinktag Montag bis Donnerstag; 555 ist keine Menge.,ENTWURF_TEXTBLOCK_AUTOMATISCH,ENTWURF_VERTIKALE_CODES_LABELZEILEN_NACHPRUEFEN,be6fbca3efbe18a062a6ae96d242a7f79e02b511bd5fcf03d448943bb3a5ae75,Codex Methoden-Erstbewertung 2,6d6bad17cd27ee92dc402cf5e7ef67df4de582a50a3dcdbc3aacb76c4d883501
D8,D8,NEIN,Offene Anzahl je Getränkeart; substanzieller Code 555,"D6=01–06,77,88.",FRAGEBOGEN_TEXTLAYER_BLOCK_MANUELL_GELESEN; ORIGINALSICHT_ENTWURF; KEINE_ZELLENWEISE_VOLLABNAHME; LISTENHEFT_TEXTLAYER_GELESEN,"ESS11-DE Fragebogen PDF/gedruckte Seiten 35, Originalblock D8; Listenheft Liste 37, PDF-Seite 38",Erhebt eigenen Konsum an einem bestimmten Tag. Mehrere Getränkezählungen bilden keine politische Wertorientierung; kein Trinken an diesen Tagen wird gesondert codiert.,STEIGEND,Mehr Getränke pro jeweils gesonderter Getränkeart am letzten Trinktag Freitag bis Sonntag; 555 ist keine Menge.,ENTWURF_TEXTBLOCK_AUTOMATISCH,ENTWURF_VERTIKALE_CODES_LABELZEILEN_NACHPRUEFEN,be6fbca3efbe18a062a6ae96d242a7f79e02b511bd5fcf03d448943bb3a5ae75,Codex Methoden-Erstbewertung 2,6d6bad17cd27ee92dc402cf5e7ef67df4de582a50a3dcdbc3aacb76c4d883501
D9,D9,NEIN,Nominale Interviewercodierung des Geschlechts,Routet zu D10a oder D10b.,FRAGEBOGEN_TEXTLAYER_BLOCK_MANUELL_GELESEN; ORIGINALSICHT_ENTWURF; KEINE_ZELLENWEISE_VOLLABNAHME,"ESS11-DE Fragebogen PDF/gedruckte Seiten 35, Originalblock D9","Interviewverwaltung zum geschlechtsspezifischen Folgebeispiel, kein Einstellungsgegenstand.",KEINE,Kein einheitlicher höherer Pol; die Zahlen bezeichnen Kategorien.,ENTWURF_TEXTBLOCK_AUTOMATISCH,OFFEN_ORIGINALANTWORTBLOCK_NOCH_NICHT_ZELLENWEISE,be6fbca3efbe18a062a6ae96d242a7f79e02b511bd5fcf03d448943bb3a5ae75,Codex Methoden-Erstbewertung 2,6d6bad17cd27ee92dc402cf5e7ef67df4de582a50a3dcdbc3aacb76c4d883501
D10a,D10a,NEIN,Häufigkeit 1–5,Nur D9=1.,FRAGEBOGEN_TEXTLAYER_BLOCK_MANUELL_GELESEN; ORIGINALSICHT_ENTWURF; KEINE_ZELLENWEISE_VOLLABNAHME; LISTENHEFT_TEXTLAYER_GELESEN,"ESS11-DE Fragebogen PDF/gedruckte Seiten 35, Originalblock D10a; Listenheft Liste 38, PDF-Seite 39",Erhebt eigenes Trinkverhalten in zwölf Monaten; geschlechtsspezifische Mengenbeispiele und Filter müssen erhalten bleiben. Kein politischer Gegenstand.,FALLEND,Häufigeres eigenes Trinken mindestens der in Liste 38 dargestellten Alkoholmenge.,ENTWURF_TEXTBLOCK_AUTOMATISCH,ENTWURF_VERTIKALE_CODES_LABELZEILEN_NACHPRUEFEN,be6fbca3efbe18a062a6ae96d242a7f79e02b511bd5fcf03d448943bb3a5ae75,Codex Methoden-Erstbewertung 2,6d6bad17cd27ee92dc402cf5e7ef67df4de582a50a3dcdbc3aacb76c4d883501
D10b,D10b,NEIN,Häufigkeit 1–5,Nur D9=2.,FRAGEBOGEN_TEXTLAYER_BLOCK_MANUELL_GELESEN; ORIGINALSICHT_ENTWURF; KEINE_ZELLENWEISE_VOLLABNAHME; LISTENHEFT_TEXTLAYER_GELESEN,"ESS11-DE Fragebogen PDF/gedruckte Seiten 36, Originalblock D10b; Listenheft Liste 39, PDF-Seite 40",Erhebt eigenes Trinkverhalten in zwölf Monaten; geschlechtsspezifische Mengenbeispiele und Filter müssen erhalten bleiben. Kein politischer Gegenstand.,FALLEND,Häufigeres eigenes Trinken mindestens der in Liste 39 dargestellten Alkoholmenge.,ENTWURF_TEXTBLOCK_AUTOMATISCH,ENTWURF_VERTIKALE_CODES_LABELZEILEN_NACHPRUEFEN,be6fbca3efbe18a062a6ae96d242a7f79e02b511bd5fcf03d448943bb3a5ae75,Codex Methoden-Erstbewertung 2,6d6bad17cd27ee92dc402cf5e7ef67df4de582a50a3dcdbc3aacb76c4d883501
D11,D11,NEIN,Offene Körpergröße Meter/Zentimeter,An alle; Nichtantwortcodes sind keine Skalenpole.,FRAGEBOGEN_TEXTLAYER_BLOCK_MANUELL_GELESEN; ORIGINALSICHT_ENTWURF; KEINE_ZELLENWEISE_VOLLABNAHME,"ESS11-DE Fragebogen PDF/gedruckte Seiten 36, Originalblock D11",Erhebt eigene Körpergröße. Der zusätzlich genannte BMI ist eine abgeleitete Größe und keine zweite Originalfrage oder politische Haltung.,STEIGEND,Größere Körpergröße ohne Schuhe.,ENTWURF_TEXTBLOCK_AUTOMATISCH,OFFEN_ORIGINALANTWORTBLOCK_NOCH_NICHT_ZELLENWEISE,be6fbca3efbe18a062a6ae96d242a7f79e02b511bd5fcf03d448943bb3a5ae75,Codex Methoden-Erstbewertung 2,6d6bad17cd27ee92dc402cf5e7ef67df4de582a50a3dcdbc3aacb76c4d883501
D12,D12,NEIN,Offenes Körpergewicht Kilogramm,An alle; Nichtantwortcodes sind keine Skalenpole.,FRAGEBOGEN_TEXTLAYER_BLOCK_MANUELL_GELESEN; ORIGINALSICHT_ENTWURF; KEINE_ZELLENWEISE_VOLLABNAHME,"ESS11-DE Fragebogen PDF/gedruckte Seiten 36, Originalblock D12",Erhebt eigenes Körpergewicht. Der zusätzlich genannte BMI ist eine abgeleitete Größe und keine zweite Originalfrage oder politische Haltung.,STEIGEND,Höheres Körpergewicht ohne Schuhe.,ENTWURF_TEXTBLOCK_AUTOMATISCH,OFFEN_ORIGINALANTWORTBLOCK_NOCH_NICHT_ZELLENWEISE,be6fbca3efbe18a062a6ae96d242a7f79e02b511bd5fcf03d448943bb3a5ae75,Codex Methoden-Erstbewertung 2,6d6bad17cd27ee92dc402cf5e7ef67df4de582a50a3dcdbc3aacb76c4d883501
D13,D13,NEIN,Nominale Ärztearten; Mehrfachnennung,An alle; Nichtantwortcodes sind keine Skalenpole.,FRAGEBOGEN_TEXTLAYER_BLOCK_MANUELL_GELESEN; ORIGINALSICHT_ENTWURF; KEINE_ZELLENWEISE_VOLLABNAHME; LISTENHEFT_TEXTLAYER_GELESEN,"ESS11-DE Fragebogen PDF/gedruckte Seiten 37, Originalblock D13; Listenheft Liste 40, PDF-Seite 41",Erhebt eigene Arztkommunikation in zwölf Monaten. Das ist Verhalten beziehungsweise persönliche Erfahrung und keine Haltung zu Gesundheits-/Sozialpolitik.,KEINE,Kein einheitlicher höherer Pol; die Zahlen bezeichnen Kategorien.,ENTWURF_TEXTBLOCK_AUTOMATISCH,ENTWURF_VERTIKALE_CODES_LABELZEILEN_NACHPRUEFEN,be6fbca3efbe18a062a6ae96d242a7f79e02b511bd5fcf03d448943bb3a5ae75,Codex Methoden-Erstbewertung 2,6d6bad17cd27ee92dc402cf5e7ef67df4de582a50a3dcdbc3aacb76c4d883501
D14,D14,NEIN,Dichotome nicht erfüllte Behandlungsnachfrage,An alle; Nichtantwortcodes sind keine Skalenpole.,FRAGEBOGEN_TEXTLAYER_BLOCK_MANUELL_GELESEN; ORIGINALSICHT_ENTWURF; KEINE_ZELLENWEISE_VOLLABNAHME; LISTENHEFT_TEXTLAYER_GELESEN,"ESS11-DE Fragebogen PDF/gedruckte Seiten 37, Originalblock D14; Listenheft Liste 41, PDF-Seite 42",Erhebt eigene Erfahrung eines nicht erhältlichen Arzttermins/einer Behandlung. Das ist Verhalten beziehungsweise persönliche Erfahrung und keine Haltung zu Gesundheits-/Sozialpolitik.,KEINE,Kein einheitlicher höherer Pol; die Zahlen bezeichnen Kategorien.,ENTWURF_TEXTBLOCK_AUTOMATISCH,ENTWURF_VERTIKALE_CODES_LABELZEILEN_NACHPRUEFEN,be6fbca3efbe18a062a6ae96d242a7f79e02b511bd5fcf03d448943bb3a5ae75,Codex Methoden-Erstbewertung 2,6d6bad17cd27ee92dc402cf5e7ef67df4de582a50a3dcdbc3aacb76c4d883501
D15,D15,NEIN,Nominale Gründe; Mehrfachnennung,Nur D14=1.,FRAGEBOGEN_TEXTLAYER_BLOCK_MANUELL_GELESEN; ORIGINALSICHT_ENTWURF; KEINE_ZELLENWEISE_VOLLABNAHME; LISTENHEFT_TEXTLAYER_GELESEN,"ESS11-DE Fragebogen PDF/gedruckte Seiten 37, Originalblock D15; Listenheft Liste 41, PDF-Seite 42",Erhebt Gründe einer eigenen nicht erhaltenen Behandlung. Das ist Verhalten beziehungsweise persönliche Erfahrung und keine Haltung zu Gesundheits-/Sozialpolitik.,KEINE,Kein einheitlicher höherer Pol; die Zahlen bezeichnen Kategorien.,ENTWURF_TEXTBLOCK_AUTOMATISCH,ENTWURF_VERTIKALE_CODES_LABELZEILEN_NACHPRUEFEN,be6fbca3efbe18a062a6ae96d242a7f79e02b511bd5fcf03d448943bb3a5ae75,Codex Methoden-Erstbewertung 2,6d6bad17cd27ee92dc402cf5e7ef67df4de582a50a3dcdbc3aacb76c4d883501
D16,D16,NEIN,Nominale Erklärung zweier Situationen,Nur D14=2 oder 8.,FRAGEBOGEN_TEXTLAYER_BLOCK_MANUELL_GELESEN; ORIGINALSICHT_ENTWURF; KEINE_ZELLENWEISE_VOLLABNAHME,"ESS11-DE Fragebogen PDF/gedruckte Seiten 38, Originalblock D16",Erhebt eigener Bedarf beziehungsweise erhaltene medizinische Behandlung. Das ist Verhalten beziehungsweise persönliche Erfahrung und keine Haltung zu Gesundheits-/Sozialpolitik.,KEINE,Kein einheitlicher höherer Pol; die Zahlen bezeichnen Kategorien.,ENTWURF_TEXTBLOCK_AUTOMATISCH,OFFEN_ORIGINALANTWORTBLOCK_NOCH_NICHT_ZELLENWEISE,be6fbca3efbe18a062a6ae96d242a7f79e02b511bd5fcf03d448943bb3a5ae75,Codex Methoden-Erstbewertung 2,6d6bad17cd27ee92dc402cf5e7ef67df4de582a50a3dcdbc3aacb76c4d883501
D17,D17,NEIN,Dichotome unentgeltliche Hilfe/Betreuung,An alle; Nichtantwortcodes sind keine Skalenpole.,FRAGEBOGEN_TEXTLAYER_BLOCK_MANUELL_GELESEN; ORIGINALSICHT_ENTWURF; KEINE_ZELLENWEISE_VOLLABNAHME; LISTENHEFT_TEXTLAYER_GELESEN,"ESS11-DE Fragebogen PDF/gedruckte Seiten 38, Originalblock D17; Listenheft Liste 42, PDF-Seite 43",Erhebt eigenes unentgeltliches Helfen oder Betreuen. Das ist Verhalten beziehungsweise persönliche Erfahrung und keine Haltung zu Gesundheits-/Sozialpolitik.,KEINE,Kein einheitlicher höherer Pol; die Zahlen bezeichnen Kategorien.,ENTWURF_TEXTBLOCK_AUTOMATISCH,ENTWURF_VERTIKALE_CODES_LABELZEILEN_NACHPRUEFEN,be6fbca3efbe18a062a6ae96d242a7f79e02b511bd5fcf03d448943bb3a5ae75,Codex Methoden-Erstbewertung 2,6d6bad17cd27ee92dc402cf5e7ef67df4de582a50a3dcdbc3aacb76c4d883501
D18,D18,NEIN,Geordnete Stundenklassen 01–06 plus substanzieller Code 55,Nur D17=1.,FRAGEBOGEN_TEXTLAYER_BLOCK_MANUELL_GELESEN; ORIGINALSICHT_ENTWURF; KEINE_ZELLENWEISE_VOLLABNAHME; LISTENHEFT_TEXTLAYER_GELESEN,"ESS11-DE Fragebogen PDF/gedruckte Seiten 38, Originalblock D18; Listenheft Liste 43, PDF-Seite 44","Erhebt eigene Betreuungsstunden, keine Wertorientierung. 55 ist eine echte geringe Zeitkategorie und darf nicht als Nichtantwort oder oberes Skalenende behandelt werden.",KEINE,"Kein durchgehend höherer Originalcode: 55 bedeutet weniger als eine Stunde, 01–06 steigen mit dem Umfang.",ENTWURF_TEXTBLOCK_AUTOMATISCH,OFFEN_ORIGINALANTWORTBLOCK_NOCH_NICHT_ZELLENWEISE,be6fbca3efbe18a062a6ae96d242a7f79e02b511bd5fcf03d448943bb3a5ae75,Codex Methoden-Erstbewertung 2,6d6bad17cd27ee92dc402cf5e7ef67df4de582a50a3dcdbc3aacb76c4d883501
D19,D19,NEIN,Nominale Behandlungen; Mehrfachnennung,An alle; Nichtantwortcodes sind keine Skalenpole.,FRAGEBOGEN_TEXTLAYER_BLOCK_MANUELL_GELESEN; ORIGINALSICHT_ENTWURF; KEINE_ZELLENWEISE_VOLLABNAHME; LISTENHEFT_TEXTLAYER_GELESEN,"ESS11-DE Fragebogen PDF/gedruckte Seiten 39, Originalblock D19; Listenheft Liste 44, PDF-Seite 45",Erhebt selbst genutzte Gesundheitsbehandlungen. Das ist Verhalten beziehungsweise persönliche Erfahrung und keine Haltung zu Gesundheits-/Sozialpolitik.,KEINE,Kein einheitlicher höherer Pol; die Zahlen bezeichnen Kategorien.,ENTWURF_TEXTBLOCK_AUTOMATISCH,ENTWURF_VERTIKALE_CODES_LABELZEILEN_NACHPRUEFEN,be6fbca3efbe18a062a6ae96d242a7f79e02b511bd5fcf03d448943bb3a5ae75,Codex Methoden-Erstbewertung 2,6d6bad17cd27ee92dc402cf5e7ef67df4de582a50a3dcdbc3aacb76c4d883501
D20,D20,NEIN,Gefühls-/Verhaltenshäufigkeit 1–4,Geerbter Vorspann: vergangene Woche.,FRAGEBOGEN_TEXTLAYER_BLOCK_MANUELL_GELESEN; ORIGINALSICHT_ENTWURF; KEINE_ZELLENWEISE_VOLLABNAHME; LISTENHEFT_TEXTLAYER_GELESEN,"ESS11-DE Fragebogen PDF/gedruckte Seiten 39, Originalblock D20; Listenheft Liste 45, PDF-Seite 46",Berichtet persönliche Gefühle/Verhalten: Deprimiert-/Niedergeschlagenfühlen. Der vergangenheitsbezogene Vorspann verhindert eine Umdeutung in gesellschaftliche Wertprioritäten.,STEIGEND,Häufigeres Deprimiert-/Niedergeschlagenfühlen in der vergangenen Woche.,ENTWURF_TABELLENZELLE,ENTWURF_TABELLENKOPF_UND_ZEILE,be6fbca3efbe18a062a6ae96d242a7f79e02b511bd5fcf03d448943bb3a5ae75,Codex Methoden-Erstbewertung 2,6d6bad17cd27ee92dc402cf5e7ef67df4de582a50a3dcdbc3aacb76c4d883501
D21,D21,NEIN,Gefühls-/Verhaltenshäufigkeit 1–4,Geerbter Vorspann: vergangene Woche.,FRAGEBOGEN_TEXTLAYER_BLOCK_MANUELL_GELESEN; ORIGINALSICHT_ENTWURF; KEINE_ZELLENWEISE_VOLLABNAHME; LISTENHEFT_TEXTLAYER_GELESEN,"ESS11-DE Fragebogen PDF/gedruckte Seiten 39, Originalblock D21; Listenheft Liste 45, PDF-Seite 46",Berichtet persönliche Gefühle/Verhalten: Anstrengungsempfinden bei allem Getanen. Der vergangenheitsbezogene Vorspann verhindert eine Umdeutung in gesellschaftliche Wertprioritäten.,STEIGEND,Häufigeres Anstrengungsempfinden bei allem Getanen in der vergangenen Woche.,ENTWURF_TABELLENZELLE,ENTWURF_TABELLENKOPF_UND_ZEILE,be6fbca3efbe18a062a6ae96d242a7f79e02b511bd5fcf03d448943bb3a5ae75,Codex Methoden-Erstbewertung 2,6d6bad17cd27ee92dc402cf5e7ef67df4de582a50a3dcdbc3aacb76c4d883501
D22,D22,NEIN,Gefühls-/Verhaltenshäufigkeit 1–4,Geerbter Vorspann: vergangene Woche.,FRAGEBOGEN_TEXTLAYER_BLOCK_MANUELL_GELESEN; ORIGINALSICHT_ENTWURF; KEINE_ZELLENWEISE_VOLLABNAHME; LISTENHEFT_TEXTLAYER_GELESEN,"ESS11-DE Fragebogen PDF/gedruckte Seiten 39, Originalblock D22; Listenheft Liste 45, PDF-Seite 46",Berichtet persönliche Gefühle/Verhalten: unruhiger Schlaf. Der vergangenheitsbezogene Vorspann verhindert eine Umdeutung in gesellschaftliche Wertprioritäten.,STEIGEND,Häufigeres unruhiger Schlaf in der vergangenen Woche.,ENTWURF_TABELLENZELLE,ENTWURF_TABELLENKOPF_UND_ZEILE,be6fbca3efbe18a062a6ae96d242a7f79e02b511bd5fcf03d448943bb3a5ae75,Codex Methoden-Erstbewertung 2,6d6bad17cd27ee92dc402cf5e7ef67df4de582a50a3dcdbc3aacb76c4d883501
D23,D23,NEIN,Gefühls-/Verhaltenshäufigkeit 1–4,Geerbter Vorspann: vergangene Woche.,FRAGEBOGEN_TEXTLAYER_BLOCK_MANUELL_GELESEN; ORIGINALSICHT_ENTWURF; KEINE_ZELLENWEISE_VOLLABNAHME; LISTENHEFT_TEXTLAYER_GELESEN,"ESS11-DE Fragebogen PDF/gedruckte Seiten 40, Originalblock D23; Listenheft Liste 45, PDF-Seite 46",Berichtet persönliche Gefühle/Verhalten: Glücklichsein. Der vergangenheitsbezogene Vorspann verhindert eine Umdeutung in gesellschaftliche Wertprioritäten.,STEIGEND,Häufigeres Glücklichsein in der vergangenen Woche.,ENTWURF_TABELLENZELLE,ENTWURF_TABELLENKOPF_UND_ZEILE,be6fbca3efbe18a062a6ae96d242a7f79e02b511bd5fcf03d448943bb3a5ae75,Codex Methoden-Erstbewertung 2,6d6bad17cd27ee92dc402cf5e7ef67df4de582a50a3dcdbc3aacb76c4d883501
D24,D24,NEIN,Gefühls-/Verhaltenshäufigkeit 1–4,Geerbter Vorspann: vergangene Woche.,FRAGEBOGEN_TEXTLAYER_BLOCK_MANUELL_GELESEN; ORIGINALSICHT_ENTWURF; KEINE_ZELLENWEISE_VOLLABNAHME; LISTENHEFT_TEXTLAYER_GELESEN,"ESS11-DE Fragebogen PDF/gedruckte Seiten 40, Originalblock D24; Listenheft Liste 45, PDF-Seite 46",Berichtet persönliche Gefühle/Verhalten: Einsamkeitsgefühl. Der vergangenheitsbezogene Vorspann verhindert eine Umdeutung in gesellschaftliche Wertprioritäten.,STEIGEND,Häufigeres Einsamkeitsgefühl in der vergangenen Woche.,ENTWURF_TABELLENZELLE,ENTWURF_TABELLENKOPF_UND_ZEILE,be6fbca3efbe18a062a6ae96d242a7f79e02b511bd5fcf03d448943bb3a5ae75,Codex Methoden-Erstbewertung 2,6d6bad17cd27ee92dc402cf5e7ef67df4de582a50a3dcdbc3aacb76c4d883501
D25,D25,NEIN,Gefühls-/Verhaltenshäufigkeit 1–4,Geerbter Vorspann: vergangene Woche.,FRAGEBOGEN_TEXTLAYER_BLOCK_MANUELL_GELESEN; ORIGINALSICHT_ENTWURF; KEINE_ZELLENWEISE_VOLLABNAHME; LISTENHEFT_TEXTLAYER_GELESEN,"ESS11-DE Fragebogen PDF/gedruckte Seiten 40, Originalblock D25; Listenheft Liste 45, PDF-Seite 46",Berichtet persönliche Gefühle/Verhalten: Genießen des Lebens. Der vergangenheitsbezogene Vorspann verhindert eine Umdeutung in gesellschaftliche Wertprioritäten.,STEIGEND,Häufigeres Genießen des Lebens in der vergangenen Woche.,ENTWURF_TABELLENZELLE,ENTWURF_TABELLENKOPF_UND_ZEILE,be6fbca3efbe18a062a6ae96d242a7f79e02b511bd5fcf03d448943bb3a5ae75,Codex Methoden-Erstbewertung 2,6d6bad17cd27ee92dc402cf5e7ef67df4de582a50a3dcdbc3aacb76c4d883501
D26,D26,NEIN,Gefühls-/Verhaltenshäufigkeit 1–4,Geerbter Vorspann: vergangene Woche.,FRAGEBOGEN_TEXTLAYER_BLOCK_MANUELL_GELESEN; ORIGINALSICHT_ENTWURF; KEINE_ZELLENWEISE_VOLLABNAHME; LISTENHEFT_TEXTLAYER_GELESEN,"ESS11-DE Fragebogen PDF/gedruckte Seiten 40, Originalblock D26; Listenheft Liste 45, PDF-Seite 46",Berichtet persönliche Gefühle/Verhalten: Traurigfühlen. Der vergangenheitsbezogene Vorspann verhindert eine Umdeutung in gesellschaftliche Wertprioritäten.,STEIGEND,Häufigeres Traurigfühlen in der vergangenen Woche.,ENTWURF_TABELLENZELLE,ENTWURF_TABELLENKOPF_UND_ZEILE,be6fbca3efbe18a062a6ae96d242a7f79e02b511bd5fcf03d448943bb3a5ae75,Codex Methoden-Erstbewertung 2,6d6bad17cd27ee92dc402cf5e7ef67df4de582a50a3dcdbc3aacb76c4d883501
D27,D27,NEIN,Gefühls-/Verhaltenshäufigkeit 1–4,Geerbter Vorspann: vergangene Woche.,FRAGEBOGEN_TEXTLAYER_BLOCK_MANUELL_GELESEN; ORIGINALSICHT_ENTWURF; KEINE_ZELLENWEISE_VOLLABNAHME; LISTENHEFT_TEXTLAYER_GELESEN,"ESS11-DE Fragebogen PDF/gedruckte Seiten 40, Originalblock D27; Listenheft Liste 45, PDF-Seite 46",Berichtet persönliche Gefühle/Verhalten: sich zu nichts aufraffen können. Der vergangenheitsbezogene Vorspann verhindert eine Umdeutung in gesellschaftliche Wertprioritäten.,STEIGEND,Häufigeres sich zu nichts aufraffen können in der vergangenen Woche.,ENTWURF_TABELLENZELLE,ENTWURF_TABELLENKOPF_UND_ZEILE,be6fbca3efbe18a062a6ae96d242a7f79e02b511bd5fcf03d448943bb3a5ae75,Codex Methoden-Erstbewertung 2,6d6bad17cd27ee92dc402cf5e7ef67df4de582a50a3dcdbc3aacb76c4d883501
D28,D28,NEIN,Nominale Problemarten; Mehrfachnennung,An alle; Nichtantwortcodes sind keine Skalenpole.,FRAGEBOGEN_TEXTLAYER_BLOCK_MANUELL_GELESEN; ORIGINALSICHT_ENTWURF; KEINE_ZELLENWEISE_VOLLABNAHME; LISTENHEFT_TEXTLAYER_GELESEN,"ESS11-DE Fragebogen PDF/gedruckte Seiten 40, Originalblock D28; Listenheft Liste 46, PDF-Seite 47","Erhebt eigene Gesundheitsprobleme in zwölf Monaten. Listenbuchstaben stehen für unterschiedliche Krankheiten, keine politisch oder mengenmäßig geordnete Skala.",KEINE,Kein einheitlicher höherer Pol; die Zahlen bezeichnen Kategorien.,ENTWURF_TEXTBLOCK_AUTOMATISCH,ENTWURF_VERTIKALE_CODES_LABELZEILEN_NACHPRUEFEN,be6fbca3efbe18a062a6ae96d242a7f79e02b511bd5fcf03d448943bb3a5ae75,Codex Methoden-Erstbewertung 2,6d6bad17cd27ee92dc402cf5e7ef67df4de582a50a3dcdbc3aacb76c4d883501
D29,D29,NEIN,Nominale Problemarten; Mehrfachnennung,Nur D28=01–11; die selbst berichteten Probleme bleiben Bezug.,FRAGEBOGEN_TEXTLAYER_BLOCK_MANUELL_GELESEN; ORIGINALSICHT_ENTWURF; KEINE_ZELLENWEISE_VOLLABNAHME; LISTENHEFT_TEXTLAYER_GELESEN,"ESS11-DE Fragebogen PDF/gedruckte Seiten 41, Originalblock D29; Listenheft Liste 46, PDF-Seite 47","Erhebt alltagsbeschränkende eigene Gesundheitsprobleme. Listenbuchstaben stehen für unterschiedliche Krankheiten, keine politisch oder mengenmäßig geordnete Skala.",KEINE,Kein einheitlicher höherer Pol; die Zahlen bezeichnen Kategorien.,ENTWURF_TEXTBLOCK_AUTOMATISCH,ENTWURF_VERTIKALE_CODES_LABELZEILEN_NACHPRUEFEN,be6fbca3efbe18a062a6ae96d242a7f79e02b511bd5fcf03d448943bb3a5ae75,Codex Methoden-Erstbewertung 2,6d6bad17cd27ee92dc402cf5e7ef67df4de582a50a3dcdbc3aacb76c4d883501
D30,D30,NEIN,Nominale aktuelle/frühere/nie Krebserkrankung,An alle; Nichtantwortcodes sind keine Skalenpole.,FRAGEBOGEN_TEXTLAYER_BLOCK_MANUELL_GELESEN; ORIGINALSICHT_ENTWURF; KEINE_ZELLENWEISE_VOLLABNAHME; LISTENHEFT_TEXTLAYER_GELESEN,"ESS11-DE Fragebogen PDF/gedruckte Seiten 41, Originalblock D30; Listenheft Liste 47, PDF-Seite 48","Erhebt Krankheitsbiografie. „Heute noch“, „früher einmal“ und „nie“ sind keine Intensitäten einer politischen Einstellung.",KEINE,Kein einheitlicher höherer Pol; die Zahlen bezeichnen Kategorien.,ENTWURF_TEXTBLOCK_AUTOMATISCH,ENTWURF_VERTIKALE_CODES_LABELZEILEN_NACHPRUEFEN,be6fbca3efbe18a062a6ae96d242a7f79e02b511bd5fcf03d448943bb3a5ae75,Codex Methoden-Erstbewertung 2,6d6bad17cd27ee92dc402cf5e7ef67df4de582a50a3dcdbc3aacb76c4d883501
D31,D31,NEIN,Geordnete krebsfreie Dauer 1–3,Nur D30=2.,FRAGEBOGEN_TEXTLAYER_BLOCK_MANUELL_GELESEN; ORIGINALSICHT_ENTWURF; KEINE_ZELLENWEISE_VOLLABNAHME; LISTENHEFT_TEXTLAYER_GELESEN,"ESS11-DE Fragebogen PDF/gedruckte Seiten 42, Originalblock D31; Listenheft Liste 48, PDF-Seite 49","Erhebt eigene Gesundungsvergangenheit, keine Einstellung.",STEIGEND,Längere Zeit ohne nachgewiesenen Krebs.,ENTWURF_TEXTBLOCK_AUTOMATISCH,OFFEN_ORIGINALANTWORTBLOCK_NOCH_NICHT_ZELLENWEISE,be6fbca3efbe18a062a6ae96d242a7f79e02b511bd5fcf03d448943bb3a5ae75,Codex Methoden-Erstbewertung 2,6d6bad17cd27ee92dc402cf5e7ef67df4de582a50a3dcdbc3aacb76c4d883501
D32,D32,NEIN,Häufigkeit 1–5,An alle; Nichtantwortcodes sind keine Skalenpole.,FRAGEBOGEN_TEXTLAYER_BLOCK_MANUELL_GELESEN; ORIGINALSICHT_ENTWURF; KEINE_ZELLENWEISE_VOLLABNAHME; LISTENHEFT_TEXTLAYER_GELESEN,"ESS11-DE Fragebogen PDF/gedruckte Seiten 42, Originalblock D32; Listenheft Liste 49, PDF-Seite 50",Berichtet die eigene Kindheits-/Jugenderfahrung ernsthafter Konflikte zu Hause. Keine gesellschaftliche Norm und kein gegenwärtiges politisches Urteil.,FALLEND,Häufigeres Auftreten ernsthafter Konflikte zu Hause in Kindheit/Jugend.,ENTWURF_TEXTBLOCK_AUTOMATISCH,ENTWURF_VERTIKALE_CODES_LABELZEILEN_NACHPRUEFEN,be6fbca3efbe18a062a6ae96d242a7f79e02b511bd5fcf03d448943bb3a5ae75,Codex Methoden-Erstbewertung 2,6d6bad17cd27ee92dc402cf5e7ef67df4de582a50a3dcdbc3aacb76c4d883501
D33,D33,NEIN,Häufigkeit 1–5,An alle; Nichtantwortcodes sind keine Skalenpole.,FRAGEBOGEN_TEXTLAYER_BLOCK_MANUELL_GELESEN; ORIGINALSICHT_ENTWURF; KEINE_ZELLENWEISE_VOLLABNAHME; LISTENHEFT_TEXTLAYER_GELESEN,"ESS11-DE Fragebogen PDF/gedruckte Seiten 42|43, Originalblock D33; Listenheft Liste 49, PDF-Seite 50",Berichtet die eigene Kindheits-/Jugenderfahrung ernsthafter finanzieller Schwierigkeiten der eigenen Familie. Keine gesellschaftliche Norm und kein gegenwärtiges politisches Urteil.,FALLEND,Häufigeres Auftreten ernsthafter finanzieller Schwierigkeiten der eigenen Familie in Kindheit/Jugend.,ENTWURF_TEXTBLOCK_AUTOMATISCH,ENTWURF_VERTIKALE_CODES_LABELZEILEN_NACHPRUEFEN,be6fbca3efbe18a062a6ae96d242a7f79e02b511bd5fcf03d448943bb3a5ae75,Codex Methoden-Erstbewertung 2,6d6bad17cd27ee92dc402cf5e7ef67df4de582a50a3dcdbc3aacb76c4d883501
E1,E1,NEIN,Nominale Geschlechtsbezeichnung 1/2/3,An alle; Nichtantwortcodes sind keine Skalenpole.,FRAGEBOGEN_TEXTLAYER_BLOCK_MANUELL_GELESEN; ORIGINALSICHT_ENTWURF; KEINE_ZELLENWEISE_VOLLABNAHME; LISTENHEFT_TEXTLAYER_GELESEN; Q43_S51_NICHTANTWORTDARSTELLUNG_ABWEICHEND,"ESS11-DE Fragebogen PDF/gedruckte Seiten 43, Originalblock E1; Listenheft Liste 50, PDF-Seite 51","Erhebt eigene Geschlechtsbezeichnung. Liste 50 enthält zusätzlich „Möchte nicht antworten“, während der Fragebogen dafür keinen eigenen gedruckten Code zeigt; keine daraus erfundene Kategoriezuordnung.",KEINE,Kein einheitlicher höherer Pol; die Zahlen bezeichnen Kategorien.,ENTWURF_TEXTBLOCK_AUTOMATISCH,ENTWURF_VERTIKALE_CODES_LABELZEILEN_NACHPRUEFEN,be6fbca3efbe18a062a6ae96d242a7f79e02b511bd5fcf03d448943bb3a5ae75,Codex Methoden-Erstbewertung 2,6d6bad17cd27ee92dc402cf5e7ef67df4de582a50a3dcdbc3aacb76c4d883501
E2,E2,UNKLAR,Zutreffen einer Selbstbeschreibung 0–6,An alle; Nichtantwortcodes sind keine Skalenpole.,FRAGEBOGEN_TEXTLAYER_BLOCK_MANUELL_GELESEN; ORIGINALSICHT_ENTWURF; KEINE_ZELLENWEISE_VOLLABNAHME; LISTENHEFT_TEXTLAYER_GELESEN,"ESS11-DE Fragebogen PDF/gedruckte Seiten 43, Originalblock E2; Listenheft Liste 51, PDF-Seite 52",Die Vorliebe für Risiken kann persönliche Orientierung oder beschreibende Persönlichkeitseigenschaft sein; der kurze Satz legt keine Wertpriorität fest. Deshalb bleibt die Grenze zur zugelassenen persönlichen Wertorientierung offen.,STEIGEND,"Stärkere Selbstbeschreibung, gern Risiken einzugehen.",ENTWURF_TEXTBLOCK_AUTOMATISCH,ENTWURF_VERTIKALE_CODES_LABELZEILEN_NACHPRUEFEN,be6fbca3efbe18a062a6ae96d242a7f79e02b511bd5fcf03d448943bb3a5ae75,Codex Methoden-Erstbewertung 2,6d6bad17cd27ee92dc402cf5e7ef67df4de582a50a3dcdbc3aacb76c4d883501
E3,E3,UNKLAR,Zutreffen einer Selbstbeschreibung 0–6,An alle; Nichtantwortcodes sind keine Skalenpole.,FRAGEBOGEN_TEXTLAYER_BLOCK_MANUELL_GELESEN; ORIGINALSICHT_ENTWURF; KEINE_ZELLENWEISE_VOLLABNAHME; LISTENHEFT_TEXTLAYER_GELESEN,"ESS11-DE Fragebogen PDF/gedruckte Seiten 44, Originalblock E3; Listenheft Liste 51, PDF-Seite 52","Die Vorliebe für Führung kann Orientierung oder beschreibende Persönlichkeitseigenschaft sein. Sie ist keine Aussage darüber, wem politische Führung zustehen sollte. Deshalb bleibt die Grenze zur zugelassenen persönlichen Wertorientierung offen.",STEIGEND,"Stärkere Selbstbeschreibung, gern Führung zu übernehmen.",ENTWURF_TEXTBLOCK_AUTOMATISCH,ENTWURF_VERTIKALE_CODES_LABELZEILEN_NACHPRUEFEN,be6fbca3efbe18a062a6ae96d242a7f79e02b511bd5fcf03d448943bb3a5ae75,Codex Methoden-Erstbewertung 2,6d6bad17cd27ee92dc402cf5e7ef67df4de582a50a3dcdbc3aacb76c4d883501
E4,E4,NEIN,Zutreffen einer Selbstbeschreibung 0–6,An alle; Nichtantwortcodes sind keine Skalenpole.,FRAGEBOGEN_TEXTLAYER_BLOCK_MANUELL_GELESEN; ORIGINALSICHT_ENTWURF; KEINE_ZELLENWEISE_VOLLABNAHME; LISTENHEFT_TEXTLAYER_GELESEN,"ESS11-DE Fragebogen PDF/gedruckte Seiten 44, Originalblock E4; Listenheft Liste 51, PDF-Seite 52","Erhebt eigene Wahrnehmungsfähigkeit. Der Originalsatz fragt nicht, ob Mitgefühl ein wichtiger gesellschaftlicher/persönlicher Wert sein soll.",STEIGEND,"Stärkere Selbstbeschreibung, Bedürfnisse anderer wahrzunehmen.",ENTWURF_TEXTBLOCK_AUTOMATISCH,ENTWURF_VERTIKALE_CODES_LABELZEILEN_NACHPRUEFEN,be6fbca3efbe18a062a6ae96d242a7f79e02b511bd5fcf03d448943bb3a5ae75,Codex Methoden-Erstbewertung 2,6d6bad17cd27ee92dc402cf5e7ef67df4de582a50a3dcdbc3aacb76c4d883501
E5,E5,NEIN,Zutreffen einer Selbstbeschreibung 0–6,An alle; Nichtantwortcodes sind keine Skalenpole.,FRAGEBOGEN_TEXTLAYER_BLOCK_MANUELL_GELESEN; ORIGINALSICHT_ENTWURF; KEINE_ZELLENWEISE_VOLLABNAHME; LISTENHEFT_TEXTLAYER_GELESEN,"ESS11-DE Fragebogen PDF/gedruckte Seiten 45, Originalblock E5; Listenheft Liste 51, PDF-Seite 52","Erhebt eigenes Verhalten. Der Originalsatz fragt nicht, ob Mitgefühl ein wichtiger gesellschaftlicher/persönlicher Wert sein soll.",STEIGEND,Stärkere Selbstbeschreibung mitfühlenden eigenen Handelns.,ENTWURF_TEXTBLOCK_AUTOMATISCH,ENTWURF_VERTIKALE_CODES_LABELZEILEN_NACHPRUEFEN,be6fbca3efbe18a062a6ae96d242a7f79e02b511bd5fcf03d448943bb3a5ae75,Codex Methoden-Erstbewertung 2,6d6bad17cd27ee92dc402cf5e7ef67df4de582a50a3dcdbc3aacb76c4d883501
E6,E6,NEIN,Unipolare gefühlte Geschlechtlichkeit 0–6,An alle; Reihenfolge E6/E7 zufällig.,FRAGEBOGEN_TEXTLAYER_BLOCK_MANUELL_GELESEN; ORIGINALSICHT_ENTWURF; KEINE_ZELLENWEISE_VOLLABNAHME; LISTENHEFT_TEXTLAYER_GELESEN,"ESS11-DE Fragebogen PDF/gedruckte Seiten 45, Originalblock E6; Listenheft Liste 52, PDF-Seite 53",Erhebt eigenes Identitätsgefühl. Zwei unabhängige Intensitäten dürfen nicht zu einem Mann-Frau-Gegenpol umgedeutet werden; keine Aussage über Geschlechterrollen.,STEIGEND,Sich stärker männlich fühlen.,ENTWURF_TEXTBLOCK_AUTOMATISCH,ENTWURF_VERTIKALE_CODES_LABELZEILEN_NACHPRUEFEN,be6fbca3efbe18a062a6ae96d242a7f79e02b511bd5fcf03d448943bb3a5ae75,Codex Methoden-Erstbewertung 2,6d6bad17cd27ee92dc402cf5e7ef67df4de582a50a3dcdbc3aacb76c4d883501
E7,E7,NEIN,Unipolare gefühlte Geschlechtlichkeit 0–6,An alle; Reihenfolge E6/E7 zufällig.,FRAGEBOGEN_TEXTLAYER_BLOCK_MANUELL_GELESEN; ORIGINALSICHT_ENTWURF; KEINE_ZELLENWEISE_VOLLABNAHME; LISTENHEFT_TEXTLAYER_GELESEN,"ESS11-DE Fragebogen PDF/gedruckte Seiten 46, Originalblock E7; Listenheft Liste 53, PDF-Seite 54",Erhebt eigenes Identitätsgefühl. Zwei unabhängige Intensitäten dürfen nicht zu einem Mann-Frau-Gegenpol umgedeutet werden; keine Aussage über Geschlechterrollen.,STEIGEND,Sich stärker weiblich fühlen.,ENTWURF_TEXTBLOCK_AUTOMATISCH,ENTWURF_VERTIKALE_CODES_LABELZEILEN_NACHPRUEFEN,be6fbca3efbe18a062a6ae96d242a7f79e02b511bd5fcf03d448943bb3a5ae75,Codex Methoden-Erstbewertung 2,6d6bad17cd27ee92dc402cf5e7ef67df4de582a50a3dcdbc3aacb76c4d883501
E8M,E8M,UNKLAR,Unipolare Identitätswichtigkeit 0–6,Nur E1=1.,FRAGEBOGEN_TEXTLAYER_BLOCK_MANUELL_GELESEN; ORIGINALSICHT_ENTWURF; KEINE_ZELLENWEISE_VOLLABNAHME; LISTENHEFT_TEXTLAYER_GELESEN,"ESS11-DE Fragebogen PDF/gedruckte Seiten 46, Originalblock E8M; Listenheft Liste 54, PDF-Seite 55",Erhebt die Wichtigkeit einer Identität für das Selbstbild. Das kann eine persönliche Orientierung oder Identitätssalienz sein; keine gesellschaftliche Rollenforderung wird benannt. Gleiche Grenze wie bei Verbundenheit/Religiosität.,STEIGEND,"Größere Wichtigkeit, Mann zu sein, für die eigene Selbstwahrnehmung.",ENTWURF_TEXTBLOCK_AUTOMATISCH,ENTWURF_VERTIKALE_CODES_LABELZEILEN_NACHPRUEFEN,be6fbca3efbe18a062a6ae96d242a7f79e02b511bd5fcf03d448943bb3a5ae75,Codex Methoden-Erstbewertung 2,6d6bad17cd27ee92dc402cf5e7ef67df4de582a50a3dcdbc3aacb76c4d883501
E8W,E8W,UNKLAR,Unipolare Identitätswichtigkeit 0–6,Nur E1=2.,FRAGEBOGEN_TEXTLAYER_BLOCK_MANUELL_GELESEN; ORIGINALSICHT_ENTWURF; KEINE_ZELLENWEISE_VOLLABNAHME; LISTENHEFT_TEXTLAYER_GELESEN,"ESS11-DE Fragebogen PDF/gedruckte Seiten 47, Originalblock E8W; Listenheft Liste 54, PDF-Seite 55",Erhebt die Wichtigkeit einer Identität für das Selbstbild. Das kann eine persönliche Orientierung oder Identitätssalienz sein; keine gesellschaftliche Rollenforderung wird benannt. Gleiche Grenze wie bei Verbundenheit/Religiosität.,STEIGEND,"Größere Wichtigkeit, Frau zu sein, für die eigene Selbstwahrnehmung.",ENTWURF_TEXTBLOCK_AUTOMATISCH,ENTWURF_VERTIKALE_CODES_LABELZEILEN_NACHPRUEFEN,be6fbca3efbe18a062a6ae96d242a7f79e02b511bd5fcf03d448943bb3a5ae75,Codex Methoden-Erstbewertung 2,6d6bad17cd27ee92dc402cf5e7ef67df4de582a50a3dcdbc3aacb76c4d883501
E9M,E9M,NEIN,Nominale persönliche Ungerechtigkeitserfahrung 1/2/3/4,Geerbter Filter E1=1 und persönlicher Erfahrungsvorspann.,FRAGEBOGEN_TEXTLAYER_BLOCK_MANUELL_GELESEN; ORIGINALSICHT_ENTWURF; KEINE_ZELLENWEISE_VOLLABNAHME; LISTENHEFT_TEXTLAYER_GELESEN,"ESS11-DE Fragebogen PDF/gedruckte Seiten 47, Originalblock E9M; Listenheft Liste 55, PDF-Seite 56",Berichtet eigene geschlechtsbezogene Ungerechtigkeitserfahrung als Mann bei Arzt/medizinische Behandlung. Erfahrung und fehlende Exposition sind keine allgemeine Haltung zur Gleichbehandlung.,KEINE,"Kein durchgehend höherer Code: einmal, mehrfach, nein und nie Kontakt/Job/Arzt sind unterschiedliche Situationen.",ENTWURF_TEXTBLOCK_AUTOMATISCH,ENTWURF_VERTIKALE_CODES_LABELZEILEN_NACHPRUEFEN,be6fbca3efbe18a062a6ae96d242a7f79e02b511bd5fcf03d448943bb3a5ae75,Codex Methoden-Erstbewertung 2,6d6bad17cd27ee92dc402cf5e7ef67df4de582a50a3dcdbc3aacb76c4d883501
E10M,E10M,NEIN,Nominale persönliche Ungerechtigkeitserfahrung 1/2/3/4,Geerbter Filter E1=1 und persönlicher Erfahrungsvorspann.,FRAGEBOGEN_TEXTLAYER_BLOCK_MANUELL_GELESEN; ORIGINALSICHT_ENTWURF; KEINE_ZELLENWEISE_VOLLABNAHME; LISTENHEFT_TEXTLAYER_GELESEN,"ESS11-DE Fragebogen PDF/gedruckte Seiten 47, Originalblock E10M; Listenheft Liste 56, PDF-Seite 57",Berichtet eigene geschlechtsbezogene Ungerechtigkeitserfahrung als Mann bei Einstellung/Bezahlung/Beförderung. Erfahrung und fehlende Exposition sind keine allgemeine Haltung zur Gleichbehandlung.,KEINE,"Kein durchgehend höherer Code: einmal, mehrfach, nein und nie Kontakt/Job/Arzt sind unterschiedliche Situationen.",ENTWURF_TEXTBLOCK_AUTOMATISCH,ENTWURF_VERTIKALE_CODES_LABELZEILEN_NACHPRUEFEN,be6fbca3efbe18a062a6ae96d242a7f79e02b511bd5fcf03d448943bb3a5ae75,Codex Methoden-Erstbewertung 2,6d6bad17cd27ee92dc402cf5e7ef67df4de582a50a3dcdbc3aacb76c4d883501
E11M,E11M,NEIN,Nominale persönliche Ungerechtigkeitserfahrung 1/2/3/4,Geerbter Filter E1=1 und persönlicher Erfahrungsvorspann.,FRAGEBOGEN_TEXTLAYER_BLOCK_MANUELL_GELESEN; ORIGINALSICHT_ENTWURF; KEINE_ZELLENWEISE_VOLLABNAHME; LISTENHEFT_TEXTLAYER_GELESEN,"ESS11-DE Fragebogen PDF/gedruckte Seiten 48, Originalblock E11M; Listenheft Liste 57, PDF-Seite 58",Berichtet eigene geschlechtsbezogene Ungerechtigkeitserfahrung als Mann bei Polizei. Erfahrung und fehlende Exposition sind keine allgemeine Haltung zur Gleichbehandlung.,KEINE,"Kein durchgehend höherer Code: einmal, mehrfach, nein und nie Kontakt/Job/Arzt sind unterschiedliche Situationen.",ENTWURF_TEXTBLOCK_AUTOMATISCH,ENTWURF_VERTIKALE_CODES_LABELZEILEN_NACHPRUEFEN,be6fbca3efbe18a062a6ae96d242a7f79e02b511bd5fcf03d448943bb3a5ae75,Codex Methoden-Erstbewertung 2,6d6bad17cd27ee92dc402cf5e7ef67df4de582a50a3dcdbc3aacb76c4d883501
E9W,E9W,NEIN,Nominale persönliche Ungerechtigkeitserfahrung 1/2/3/4,Geerbter Filter E1=2 und persönlicher Erfahrungsvorspann.,FRAGEBOGEN_TEXTLAYER_BLOCK_MANUELL_GELESEN; ORIGINALSICHT_ENTWURF; KEINE_ZELLENWEISE_VOLLABNAHME; LISTENHEFT_TEXTLAYER_GELESEN,"ESS11-DE Fragebogen PDF/gedruckte Seiten 48, Originalblock E9W; Listenheft Liste 55, PDF-Seite 56",Berichtet eigene geschlechtsbezogene Ungerechtigkeitserfahrung als Frau bei Arzt/medizinische Behandlung. Erfahrung und fehlende Exposition sind keine allgemeine Haltung zur Gleichbehandlung.,KEINE,"Kein durchgehend höherer Code: einmal, mehrfach, nein und nie Kontakt/Job/Arzt sind unterschiedliche Situationen.",ENTWURF_TEXTBLOCK_AUTOMATISCH,ENTWURF_VERTIKALE_CODES_LABELZEILEN_NACHPRUEFEN,be6fbca3efbe18a062a6ae96d242a7f79e02b511bd5fcf03d448943bb3a5ae75,Codex Methoden-Erstbewertung 2,6d6bad17cd27ee92dc402cf5e7ef67df4de582a50a3dcdbc3aacb76c4d883501
E10W,E10W,NEIN,Nominale persönliche Ungerechtigkeitserfahrung 1/2/3/4,Geerbter Filter E1=2 und persönlicher Erfahrungsvorspann.,FRAGEBOGEN_TEXTLAYER_BLOCK_MANUELL_GELESEN; ORIGINALSICHT_ENTWURF; KEINE_ZELLENWEISE_VOLLABNAHME; LISTENHEFT_TEXTLAYER_GELESEN,"ESS11-DE Fragebogen PDF/gedruckte Seiten 48, Originalblock E10W; Listenheft Liste 56, PDF-Seite 57",Berichtet eigene geschlechtsbezogene Ungerechtigkeitserfahrung als Frau bei Einstellung/Bezahlung/Beförderung. Erfahrung und fehlende Exposition sind keine allgemeine Haltung zur Gleichbehandlung.,KEINE,"Kein durchgehend höherer Code: einmal, mehrfach, nein und nie Kontakt/Job/Arzt sind unterschiedliche Situationen.",ENTWURF_TEXTBLOCK_AUTOMATISCH,ENTWURF_VERTIKALE_CODES_LABELZEILEN_NACHPRUEFEN,be6fbca3efbe18a062a6ae96d242a7f79e02b511bd5fcf03d448943bb3a5ae75,Codex Methoden-Erstbewertung 2,6d6bad17cd27ee92dc402cf5e7ef67df4de582a50a3dcdbc3aacb76c4d883501
E11W,E11W,NEIN,Nominale persönliche Ungerechtigkeitserfahrung 1/2/3/4,Geerbter Filter E1=2 und persönlicher Erfahrungsvorspann.,FRAGEBOGEN_TEXTLAYER_BLOCK_MANUELL_GELESEN; ORIGINALSICHT_ENTWURF; KEINE_ZELLENWEISE_VOLLABNAHME; LISTENHEFT_TEXTLAYER_GELESEN,"ESS11-DE Fragebogen PDF/gedruckte Seiten 48|49, Originalblock E11W; Listenheft Liste 57, PDF-Seite 58",Berichtet eigene geschlechtsbezogene Ungerechtigkeitserfahrung als Frau bei Polizei. Erfahrung und fehlende Exposition sind keine allgemeine Haltung zur Gleichbehandlung.,KEINE,"Kein durchgehend höherer Code: einmal, mehrfach, nein und nie Kontakt/Job/Arzt sind unterschiedliche Situationen.",ENTWURF_TEXTBLOCK_AUTOMATISCH,ENTWURF_VERTIKALE_CODES_LABELZEILEN_NACHPRUEFEN,be6fbca3efbe18a062a6ae96d242a7f79e02b511bd5fcf03d448943bb3a5ae75,Codex Methoden-Erstbewertung 2,6d6bad17cd27ee92dc402cf5e7ef67df4de582a50a3dcdbc3aacb76c4d883501
E12,E12,JA,Nominale Dreierkategorie: Frauen benachteiligt/Männer benachteiligt/gleich,An alle; Nichtantwortcodes sind keine Skalenpole.,FRAGEBOGEN_TEXTLAYER_BLOCK_MANUELL_GELESEN; ORIGINALSICHT_ENTWURF; KEINE_ZELLENWEISE_VOLLABNAHME; LISTENHEFT_TEXTLAYER_GELESEN; PDF_BILDSICHT_Q49,"ESS11-DE Fragebogen PDF/gedruckte Seiten 49, Originalblock E12; Listenheft Liste 58, PDF-Seite 59","Erhebt eine allgemeine Wahrnehmung geschlechtlicher Gerechtigkeit bei Zugang zu medizinischer Behandlung. Gesellschaftlicher Gegenstand, kein eigenes Erlebnis und keine automatische Wissensfrage. JA erlaubt keine künstliche numerische Reihenfolge; drei verschiedene Wahrnehmungen bleiben erhalten.",KEINE,"Kein höherer Pol über Originalcodes 1,2,3; die Kategorien unterscheiden Richtung der Ungleichbehandlung und Gleichbehandlung.",ENTWURF_TEXTBLOCK_AUTOMATISCH,ENTWURF_VERTIKALE_CODES_LABELZEILEN_NACHPRUEFEN,be6fbca3efbe18a062a6ae96d242a7f79e02b511bd5fcf03d448943bb3a5ae75,Codex Methoden-Erstbewertung 2,6d6bad17cd27ee92dc402cf5e7ef67df4de582a50a3dcdbc3aacb76c4d883501
E13,E13,JA,Nominale Dreierkategorie: Frauen benachteiligt/Männer benachteiligt/gleich,An alle; Nichtantwortcodes sind keine Skalenpole.,FRAGEBOGEN_TEXTLAYER_BLOCK_MANUELL_GELESEN; ORIGINALSICHT_ENTWURF; KEINE_ZELLENWEISE_VOLLABNAHME; LISTENHEFT_TEXTLAYER_GELESEN; PDF_BILDSICHT_Q49,"ESS11-DE Fragebogen PDF/gedruckte Seiten 49, Originalblock E13; Listenheft Liste 58, PDF-Seite 59","Erhebt eine allgemeine Wahrnehmung geschlechtlicher Gerechtigkeit bei Einstellung/Bezahlung/Beförderung im Berufsleben. Gesellschaftlicher Gegenstand, kein eigenes Erlebnis und keine automatische Wissensfrage. JA erlaubt keine künstliche numerische Reihenfolge; drei verschiedene Wahrnehmungen bleiben erhalten.",KEINE,"Kein höherer Pol über Originalcodes 1,2,3; die Kategorien unterscheiden Richtung der Ungleichbehandlung und Gleichbehandlung.",ENTWURF_TEXTBLOCK_AUTOMATISCH,ENTWURF_VERTIKALE_CODES_LABELZEILEN_NACHPRUEFEN,be6fbca3efbe18a062a6ae96d242a7f79e02b511bd5fcf03d448943bb3a5ae75,Codex Methoden-Erstbewertung 2,6d6bad17cd27ee92dc402cf5e7ef67df4de582a50a3dcdbc3aacb76c4d883501
E14,E14,JA,Nominale Dreierkategorie: Frauen benachteiligt/Männer benachteiligt/gleich,An alle; Nichtantwortcodes sind keine Skalenpole.,FRAGEBOGEN_TEXTLAYER_BLOCK_MANUELL_GELESEN; ORIGINALSICHT_ENTWURF; KEINE_ZELLENWEISE_VOLLABNAHME; LISTENHEFT_TEXTLAYER_GELESEN; PDF_BILDSICHT_Q49,"ESS11-DE Fragebogen PDF/gedruckte Seiten 49, Originalblock E14; Listenheft Liste 59, PDF-Seite 60","Erhebt eine allgemeine Wahrnehmung geschlechtlicher Gerechtigkeit bei Behandlung durch die Polizei. Gesellschaftlicher Gegenstand, kein eigenes Erlebnis und keine automatische Wissensfrage. JA erlaubt keine künstliche numerische Reihenfolge; drei verschiedene Wahrnehmungen bleiben erhalten.",KEINE,"Kein höherer Pol über Originalcodes 1,2,3; die Kategorien unterscheiden Richtung der Ungleichbehandlung und Gleichbehandlung.",ENTWURF_TEXTBLOCK_AUTOMATISCH,ENTWURF_VERTIKALE_CODES_LABELZEILEN_NACHPRUEFEN,be6fbca3efbe18a062a6ae96d242a7f79e02b511bd5fcf03d448943bb3a5ae75,Codex Methoden-Erstbewertung 2,6d6bad17cd27ee92dc402cf5e7ef67df4de582a50a3dcdbc3aacb76c4d883501
E15,E15,JA,Bipolare Folgenbewertung 0–6,An alle; Nichtantwortcodes sind keine Skalenpole.,FRAGEBOGEN_TEXTLAYER_BLOCK_MANUELL_GELESEN; ORIGINALSICHT_ENTWURF; KEINE_ZELLENWEISE_VOLLABNAHME; LISTENHEFT_TEXTLAYER_GELESEN,"ESS11-DE Fragebogen PDF/gedruckte Seiten 50, Originalblock E15; Listenheft Liste 60, PDF-Seite 61","Evaluative Haltung zur gleicher Erwerbsbeteiligung von Frauen und Männern. Die Originalfrage bewertet die Folgen für Familienleben, nicht einen eigenen Beruf und kein Faktenquiz. Eine allgemeine Zustimmung zu jeder Gleichstellungspolitik folgt daraus nicht.",STEIGEND,Positivere Folgenbewertung gleicher Erwerbsbeteiligung von Frauen und Männern für Familienleben in Deutschland.,ENTWURF_TEXTBLOCK_AUTOMATISCH,ENTWURF_VERTIKALE_CODES_LABELZEILEN_NACHPRUEFEN,be6fbca3efbe18a062a6ae96d242a7f79e02b511bd5fcf03d448943bb3a5ae75,Codex Methoden-Erstbewertung 2,6d6bad17cd27ee92dc402cf5e7ef67df4de582a50a3dcdbc3aacb76c4d883501
E16,E16,JA,Bipolare Folgenbewertung 0–6,An alle; Nichtantwortcodes sind keine Skalenpole.,FRAGEBOGEN_TEXTLAYER_BLOCK_MANUELL_GELESEN; ORIGINALSICHT_ENTWURF; KEINE_ZELLENWEISE_VOLLABNAHME; LISTENHEFT_TEXTLAYER_GELESEN,"ESS11-DE Fragebogen PDF/gedruckte Seiten 50, Originalblock E16; Listenheft Liste 61, PDF-Seite 62","Evaluative Haltung zur gleicher Zahl von Frauen und Männern in politischen Führungspositionen. Die Originalfrage bewertet die Folgen für Politik, nicht einen eigenen Beruf und kein Faktenquiz. Eine allgemeine Zustimmung zu jeder Gleichstellungspolitik folgt daraus nicht.",STEIGEND,Positivere Folgenbewertung gleicher Zahl von Frauen und Männern in politischen Führungspositionen für Politik in Deutschland.,ENTWURF_TEXTBLOCK_AUTOMATISCH,ENTWURF_VERTIKALE_CODES_LABELZEILEN_NACHPRUEFEN,be6fbca3efbe18a062a6ae96d242a7f79e02b511bd5fcf03d448943bb3a5ae75,Codex Methoden-Erstbewertung 2,6d6bad17cd27ee92dc402cf5e7ef67df4de582a50a3dcdbc3aacb76c4d883501
E17,E17,JA,Bipolare Folgenbewertung 0–6,An alle; Nichtantwortcodes sind keine Skalenpole.,FRAGEBOGEN_TEXTLAYER_BLOCK_MANUELL_GELESEN; ORIGINALSICHT_ENTWURF; KEINE_ZELLENWEISE_VOLLABNAHME; LISTENHEFT_TEXTLAYER_GELESEN,"ESS11-DE Fragebogen PDF/gedruckte Seiten 51, Originalblock E17; Listenheft Liste 62, PDF-Seite 63","Evaluative Haltung zur gleicher Zahl von Frauen und Männern in höheren Unternehmensführungspositionen. Die Originalfrage bewertet die Folgen für Unternehmen, nicht einen eigenen Beruf und kein Faktenquiz. Eine allgemeine Zustimmung zu jeder Gleichstellungspolitik folgt daraus nicht.",STEIGEND,Positivere Folgenbewertung gleicher Zahl von Frauen und Männern in höheren Unternehmensführungspositionen für Unternehmen in Deutschland.,ENTWURF_TEXTBLOCK_AUTOMATISCH,ENTWURF_VERTIKALE_CODES_LABELZEILEN_NACHPRUEFEN,be6fbca3efbe18a062a6ae96d242a7f79e02b511bd5fcf03d448943bb3a5ae75,Codex Methoden-Erstbewertung 2,6d6bad17cd27ee92dc402cf5e7ef67df4de582a50a3dcdbc3aacb76c4d883501
E18,E18,JA,Bipolare Folgenbewertung 0–6,An alle; Nichtantwortcodes sind keine Skalenpole.,FRAGEBOGEN_TEXTLAYER_BLOCK_MANUELL_GELESEN; ORIGINALSICHT_ENTWURF; KEINE_ZELLENWEISE_VOLLABNAHME; LISTENHEFT_TEXTLAYER_GELESEN,"ESS11-DE Fragebogen PDF/gedruckte Seiten 51, Originalblock E18; Listenheft Liste 63, PDF-Seite 64","Evaluative Haltung zur gleicher Bezahlung für gleiche Arbeit von Frauen und Männern. Die Originalfrage bewertet die Folgen für Stärke der Wirtschaft, nicht einen eigenen Beruf und kein Faktenquiz. Eine allgemeine Zustimmung zu jeder Gleichstellungspolitik folgt daraus nicht.",STEIGEND,Positivere Folgenbewertung gleicher Bezahlung für gleiche Arbeit von Frauen und Männern für Stärke der Wirtschaft in Deutschland.,ENTWURF_TEXTBLOCK_AUTOMATISCH,ENTWURF_VERTIKALE_CODES_LABELZEILEN_NACHPRUEFEN,be6fbca3efbe18a062a6ae96d242a7f79e02b511bd5fcf03d448943bb3a5ae75,Codex Methoden-Erstbewertung 2,6d6bad17cd27ee92dc402cf5e7ef67df4de582a50a3dcdbc3aacb76c4d883501
E19,E19,JA,Dafür/dagegen 1–5,An alle; Nichtantwortcodes sind keine Skalenpole.,FRAGEBOGEN_TEXTLAYER_BLOCK_MANUELL_GELESEN; ORIGINALSICHT_ENTWURF; KEINE_ZELLENWEISE_VOLLABNAHME; LISTENHEFT_TEXTLAYER_GELESEN,"ESS11-DE Fragebogen PDF/gedruckte Seiten 51, Originalblock E19; Listenheft Liste 64, PDF-Seite 65","Normative politische Forderung zu einer Geschlechterquote im Bundestag, keine Partei- oder Wahlangabe. Keine pauschale Deutung als gleiches Gegenkonstrukt mit den anderen Maßnahmen.",FALLEND,Mehr Befürwortung eines Gesetzes für gleiche Bundestagssitzanteile von Frauen und Männern.,ENTWURF_TEXTBLOCK_AUTOMATISCH,ENTWURF_VERTIKALE_CODES_LABELZEILEN_NACHPRUEFEN,be6fbca3efbe18a062a6ae96d242a7f79e02b511bd5fcf03d448943bb3a5ae75,Codex Methoden-Erstbewertung 2,6d6bad17cd27ee92dc402cf5e7ef67df4de582a50a3dcdbc3aacb76c4d883501
E20,E20,JA,Dafür/dagegen 1–5,An alle; Nichtantwortcodes sind keine Skalenpole.,FRAGEBOGEN_TEXTLAYER_BLOCK_MANUELL_GELESEN; ORIGINALSICHT_ENTWURF; KEINE_ZELLENWEISE_VOLLABNAHME; LISTENHEFT_TEXTLAYER_GELESEN,"ESS11-DE Fragebogen PDF/gedruckte Seiten 52, Originalblock E20; Listenheft Liste 64, PDF-Seite 65",Normative Forderung zur Elternzeit; beide Eltern arbeiten Vollzeit und verdienen ungefähr gleich viel. Keine pauschale Deutung als gleiches Gegenkonstrukt mit den anderen Maßnahmen.,FALLEND,Mehr Befürwortung gesetzlich gleich langer bezahlter Elternzeit für beide beschriebenen Elternteile.,ENTWURF_TEXTBLOCK_AUTOMATISCH,ENTWURF_VERTIKALE_CODES_LABELZEILEN_NACHPRUEFEN,be6fbca3efbe18a062a6ae96d242a7f79e02b511bd5fcf03d448943bb3a5ae75,Codex Methoden-Erstbewertung 2,6d6bad17cd27ee92dc402cf5e7ef67df4de582a50a3dcdbc3aacb76c4d883501
E21,E21,JA,Dafür/dagegen 1–5,An alle; Nichtantwortcodes sind keine Skalenpole.,FRAGEBOGEN_TEXTLAYER_BLOCK_MANUELL_GELESEN; ORIGINALSICHT_ENTWURF; KEINE_ZELLENWEISE_VOLLABNAHME; LISTENHEFT_TEXTLAYER_GELESEN,"ESS11-DE Fragebogen PDF/gedruckte Seiten 52, Originalblock E21; Listenheft Liste 64, PDF-Seite 65",Normative Forderung nach arbeitsrechtlicher Sanktion für genau benanntes Verhalten. Keine pauschale Deutung als gleiches Gegenkonstrukt mit den anderen Maßnahmen.,FALLEND,Mehr Befürwortung von Kündigung bei beleidigenden Bemerkungen gegenüber Frauen am Arbeitsplatz.,ENTWURF_TEXTBLOCK_AUTOMATISCH,ENTWURF_VERTIKALE_CODES_LABELZEILEN_NACHPRUEFEN,be6fbca3efbe18a062a6ae96d242a7f79e02b511bd5fcf03d448943bb3a5ae75,Codex Methoden-Erstbewertung 2,6d6bad17cd27ee92dc402cf5e7ef67df4de582a50a3dcdbc3aacb76c4d883501
E22,E22,JA,Dafür/dagegen 1–5,An alle; Nichtantwortcodes sind keine Skalenpole.,FRAGEBOGEN_TEXTLAYER_BLOCK_MANUELL_GELESEN; ORIGINALSICHT_ENTWURF; KEINE_ZELLENWEISE_VOLLABNAHME; LISTENHEFT_TEXTLAYER_GELESEN,"ESS11-DE Fragebogen PDF/gedruckte Seiten 52|53, Originalblock E22; Listenheft Liste 64, PDF-Seite 65",Normative Forderung nach Unternehmenssanktion bei genau benannter Lohnungleichheit. Keine pauschale Deutung als gleiches Gegenkonstrukt mit den anderen Maßnahmen.,FALLEND,Mehr Befürwortung einer Geldstrafe für Unternehmen bei besserer Bezahlung von Männern für gleiche Arbeit.,ENTWURF_TEXTBLOCK_AUTOMATISCH,ENTWURF_VERTIKALE_CODES_LABELZEILEN_NACHPRUEFEN,be6fbca3efbe18a062a6ae96d242a7f79e02b511bd5fcf03d448943bb3a5ae75,Codex Methoden-Erstbewertung 2,6d6bad17cd27ee92dc402cf5e7ef67df4de582a50a3dcdbc3aacb76c4d883501
E23,E23,JA,Wahrgenommene Häufigkeit 1–5,An alle; Nichtantwortcodes sind keine Skalenpole.,FRAGEBOGEN_TEXTLAYER_BLOCK_MANUELL_GELESEN; ORIGINALSICHT_ENTWURF; KEINE_ZELLENWEISE_VOLLABNAHME; LISTENHEFT_TEXTLAYER_GELESEN,"ESS11-DE Fragebogen PDF/gedruckte Seiten 53, Originalblock E23; Listenheft Liste 65, PDF-Seite 66","Allgemeine evaluative Geschlechterzuschreibung, keine eigene Betroffenheit. Die Form „Was meinen Sie“ ist keine nachgewiesene Wissensprüfung. Es wird keine tatsächliche politische oder gesellschaftliche Häufigkeit behauptet.",STEIGEND,Häufiger unterstelltes Erlangen von Macht durch Manipulation von Männern durch Frauen.,ENTWURF_TEXTBLOCK_AUTOMATISCH,ENTWURF_VERTIKALE_CODES_LABELZEILEN_NACHPRUEFEN,be6fbca3efbe18a062a6ae96d242a7f79e02b511bd5fcf03d448943bb3a5ae75,Codex Methoden-Erstbewertung 2,6d6bad17cd27ee92dc402cf5e7ef67df4de582a50a3dcdbc3aacb76c4d883501
E24,E24,JA,Wahrgenommene Häufigkeit 1–5,An alle; Nichtantwortcodes sind keine Skalenpole.,FRAGEBOGEN_TEXTLAYER_BLOCK_MANUELL_GELESEN; ORIGINALSICHT_ENTWURF; KEINE_ZELLENWEISE_VOLLABNAHME; LISTENHEFT_TEXTLAYER_GELESEN,"ESS11-DE Fragebogen PDF/gedruckte Seiten 53, Originalblock E24; Listenheft Liste 65, PDF-Seite 66",Allgemeine stereotype Geschlechterzuschreibung. Die Form „Was meinen Sie“ ist keine nachgewiesene Wissensprüfung. Es wird keine tatsächliche politische oder gesellschaftliche Häufigkeit behauptet.,STEIGEND,Häufiger unterstelltes schnelles Beleidigtsein von Frauen.,ENTWURF_TEXTBLOCK_AUTOMATISCH,ENTWURF_VERTIKALE_CODES_LABELZEILEN_NACHPRUEFEN,be6fbca3efbe18a062a6ae96d242a7f79e02b511bd5fcf03d448943bb3a5ae75,Codex Methoden-Erstbewertung 2,6d6bad17cd27ee92dc402cf5e7ef67df4de582a50a3dcdbc3aacb76c4d883501
E25,E25,JA,Wahrgenommene Häufigkeit 1–5,An alle; Nichtantwortcodes sind keine Skalenpole.,FRAGEBOGEN_TEXTLAYER_BLOCK_MANUELL_GELESEN; ORIGINALSICHT_ENTWURF; KEINE_ZELLENWEISE_VOLLABNAHME; LISTENHEFT_TEXTLAYER_GELESEN,"ESS11-DE Fragebogen PDF/gedruckte Seiten 53, Originalblock E25; Listenheft Liste 65, PDF-Seite 66",Allgemeine Wahrnehmung gesellschaftlicher Lohnungleichheit; keine beobachteten Häufigkeiten geprüft. Die Form „Was meinen Sie“ ist keine nachgewiesene Wissensprüfung. Es wird keine tatsächliche politische oder gesellschaftliche Häufigkeit behauptet.,STEIGEND,Häufiger wahrgenommene schlechtere Bezahlung von Frauen gegenüber Männern für gleiche Arbeit.,ENTWURF_TEXTBLOCK_AUTOMATISCH,ENTWURF_VERTIKALE_CODES_LABELZEILEN_NACHPRUEFEN,be6fbca3efbe18a062a6ae96d242a7f79e02b511bd5fcf03d448943bb3a5ae75,Codex Methoden-Erstbewertung 2,6d6bad17cd27ee92dc402cf5e7ef67df4de582a50a3dcdbc3aacb76c4d883501
E26,E26,JA,Wahrgenommene Häufigkeit 1–5,An alle; Nichtantwortcodes sind keine Skalenpole.,FRAGEBOGEN_TEXTLAYER_BLOCK_MANUELL_GELESEN; ORIGINALSICHT_ENTWURF; KEINE_ZELLENWEISE_VOLLABNAHME; LISTENHEFT_TEXTLAYER_GELESEN,"ESS11-DE Fragebogen PDF/gedruckte Seiten 54, Originalblock E26; Listenheft Liste 66, PDF-Seite 67",Allgemeine evaluative Zuschreibung zur Glaubwürdigkeit von Beschwerden. Die Definition sexueller Belästigung aus Liste 66 gehört zum Originalkontext. Die Form „Was meinen Sie“ ist keine nachgewiesene Wissensprüfung. Es wird keine tatsächliche politische oder gesellschaftliche Häufigkeit behauptet.,STEIGEND,Häufiger unterstelltes Übertreiben von Frauen bei Beschwerden über sexuelle Belästigung am Arbeitsplatz.,ENTWURF_TEXTBLOCK_AUTOMATISCH,ENTWURF_VERTIKALE_CODES_LABELZEILEN_NACHPRUEFEN,be6fbca3efbe18a062a6ae96d242a7f79e02b511bd5fcf03d448943bb3a5ae75,Codex Methoden-Erstbewertung 2,6d6bad17cd27ee92dc402cf5e7ef67df4de582a50a3dcdbc3aacb76c4d883501
E27,E27,JA,Zustimmung/Ablehnung 1–5,An alle; Nichtantwortcodes sind keine Skalenpole.,FRAGEBOGEN_TEXTLAYER_BLOCK_MANUELL_GELESEN; ORIGINALSICHT_ENTWURF; KEINE_ZELLENWEISE_VOLLABNAHME; LISTENHEFT_TEXTLAYER_GELESEN,"ESS11-DE Fragebogen PDF/gedruckte Seiten 54, Originalblock E27; Listenheft Liste 67, PDF-Seite 68",Normative geschlechtliche Schutzforderung. Kein tatsächlich erlebtes persönliches Ereignis; die konkrete Aussage bleibt der Polinhalt.,FALLEND,"Mehr Zustimmung zur Forderung, dass Frauen von Männern beschützt werden sollen.",ENTWURF_TEXTBLOCK_AUTOMATISCH,ENTWURF_VERTIKALE_CODES_LABELZEILEN_NACHPRUEFEN,be6fbca3efbe18a062a6ae96d242a7f79e02b511bd5fcf03d448943bb3a5ae75,Codex Methoden-Erstbewertung 2,6d6bad17cd27ee92dc402cf5e7ef67df4de582a50a3dcdbc3aacb76c4d883501
E28,E28,JA,Zustimmung/Ablehnung 1–5,An alle; Nichtantwortcodes sind keine Skalenpole.,FRAGEBOGEN_TEXTLAYER_BLOCK_MANUELL_GELESEN; ORIGINALSICHT_ENTWURF; KEINE_ZELLENWEISE_VOLLABNAHME; LISTENHEFT_TEXTLAYER_GELESEN,"ESS11-DE Fragebogen PDF/gedruckte Seiten 54|55, Originalblock E28; Listenheft Liste 67, PDF-Seite 68",Allgemeine evaluative Zuschreibung einer Geschlechterdifferenz. Kein tatsächlich erlebtes persönliches Ereignis; die konkrete Aussage bleibt der Polinhalt.,FALLEND,Mehr Zustimmung zur zugeschriebenen besseren Unterscheidung von richtig und falsch durch Frauen gegenüber Männern.,ENTWURF_TEXTBLOCK_AUTOMATISCH,ENTWURF_VERTIKALE_CODES_LABELZEILEN_NACHPRUEFEN,be6fbca3efbe18a062a6ae96d242a7f79e02b511bd5fcf03d448943bb3a5ae75,Codex Methoden-Erstbewertung 2,6d6bad17cd27ee92dc402cf5e7ef67df4de582a50a3dcdbc3aacb76c4d883501
F1,F1,NEIN,Offene Personenzahl,An alle.,FRAGEBOGEN_TEXTLAYER_BLOCK_MANUELL_GELESEN; ORIGINALSICHT_ENTWURF; KEINE_ZELLENWEISE_VOLLABNAHME,"ESS11-DE Fragebogen PDF/gedruckte Seiten 55, Originalblock F1","Erhebt eigene Haushaltsgröße. Persönliche/familiäre Lebensangabe beziehungsweise eigene Tätigkeit, keine gesellschaftliche Streitposition oder ausdrückliche Wertorientierung. Offene Codierungen in der Originalsicht werden hier nicht vervollständigt.",STEIGEND,Mehr ständig im Haushalt lebende Personen.,ENTWURF_TEXTBLOCK_AUTOMATISCH,OFFEN_ORIGINALANTWORTBLOCK_NOCH_NICHT_ZELLENWEISE,be6fbca3efbe18a062a6ae96d242a7f79e02b511bd5fcf03d448943bb3a5ae75,Codex Methoden-Erstbewertung 2,6d6bad17cd27ee92dc402cf5e7ef67df4de582a50a3dcdbc3aacb76c4d883501
F2,F2,NEIN,Nominale Interviewercodierung Geschlecht,Befragte Person.,FRAGEBOGEN_TEXTLAYER_BLOCK_MANUELL_GELESEN; ORIGINALSICHT_ENTWURF; KEINE_ZELLENWEISE_VOLLABNAHME,"ESS11-DE Fragebogen PDF/gedruckte Seiten 55, Originalblock F2","Erhebt Geschlecht der befragten Person. Persönliche/familiäre Lebensangabe beziehungsweise eigene Tätigkeit, keine gesellschaftliche Streitposition oder ausdrückliche Wertorientierung. Offene Codierungen in der Originalsicht werden hier nicht vervollständigt.",KEINE,Kein einheitlicher höherer Pol; die Zahlen bezeichnen Kategorien.,ENTWURF_TEXTBLOCK_AUTOMATISCH,OFFEN_ORIGINALANTWORTBLOCK_NOCH_NICHT_ZELLENWEISE,be6fbca3efbe18a062a6ae96d242a7f79e02b511bd5fcf03d448943bb3a5ae75,Codex Methoden-Erstbewertung 2,6d6bad17cd27ee92dc402cf5e7ef67df4de582a50a3dcdbc3aacb76c4d883501
F3,F3,NEIN,Offenes Geburtsjahr,Befragte Person.,FRAGEBOGEN_TEXTLAYER_BLOCK_MANUELL_GELESEN; ORIGINALSICHT_ENTWURF; KEINE_ZELLENWEISE_VOLLABNAHME,"ESS11-DE Fragebogen PDF/gedruckte Seiten 55|56, Originalblock F3","Erhebt Geburtsjahr der befragten Person. Persönliche/familiäre Lebensangabe beziehungsweise eigene Tätigkeit, keine gesellschaftliche Streitposition oder ausdrückliche Wertorientierung. Offene Codierungen in der Originalsicht werden hier nicht vervollständigt.",STEIGEND,"Späteres Geburtsjahr, bei gleichem Interviewzeitpunkt jüngeres Alter.",ENTWURF_TEXTBLOCK_AUTOMATISCH,OFFEN_ORIGINALANTWORTBLOCK_NOCH_NICHT_ZELLENWEISE,be6fbca3efbe18a062a6ae96d242a7f79e02b511bd5fcf03d448943bb3a5ae75,Codex Methoden-Erstbewertung 2,6d6bad17cd27ee92dc402cf5e7ef67df4de582a50a3dcdbc3aacb76c4d883501
F2@56.2,F2,NEIN,Nominales Geschlechtsfeld,"Haushaltsroster Personen 01–06; Tabellenfeld, keine unabhängige Frage.",FRAGEBOGEN_TEXTLAYER_BLOCK_MANUELL_GELESEN; ORIGINALSICHT_ENTWURF; KEINE_ZELLENWEISE_VOLLABNAHME,"ESS11-DE Fragebogen PDF/gedruckte Seiten 56, Originalblock F2","Erhebt Geschlechtsfeld im ersten Haushaltsroster. Persönliche/familiäre Lebensangabe beziehungsweise eigene Tätigkeit, keine gesellschaftliche Streitposition oder ausdrückliche Wertorientierung. Offene Codierungen in der Originalsicht werden hier nicht vervollständigt.",KEINE,Kein einheitlicher höherer Pol; die Zahlen bezeichnen Kategorien.,ENTWURF_TABELLENUEBERSCHRIFT,OFFEN_ORIGINALANTWORTBLOCK_NOCH_NICHT_ZELLENWEISE,be6fbca3efbe18a062a6ae96d242a7f79e02b511bd5fcf03d448943bb3a5ae75,Codex Methoden-Erstbewertung 2,6d6bad17cd27ee92dc402cf5e7ef67df4de582a50a3dcdbc3aacb76c4d883501
F3@56.2,F3,NEIN,Geburtsjahrfeld,Haushaltsroster Personen 01–06; Tabellenfeld.,FRAGEBOGEN_TEXTLAYER_BLOCK_MANUELL_GELESEN; ORIGINALSICHT_ENTWURF; KEINE_ZELLENWEISE_VOLLABNAHME,"ESS11-DE Fragebogen PDF/gedruckte Seiten 56, Originalblock F3","Erhebt Geburtsjahrfeld im ersten Haushaltsroster. Persönliche/familiäre Lebensangabe beziehungsweise eigene Tätigkeit, keine gesellschaftliche Streitposition oder ausdrückliche Wertorientierung. Offene Codierungen in der Originalsicht werden hier nicht vervollständigt.",STEIGEND,Späteres Geburtsjahr der betreffenden Haushaltsperson.,ENTWURF_TABELLENUEBERSCHRIFT,OFFEN_ORIGINALANTWORTBLOCK_NOCH_NICHT_ZELLENWEISE,be6fbca3efbe18a062a6ae96d242a7f79e02b511bd5fcf03d448943bb3a5ae75,Codex Methoden-Erstbewertung 2,6d6bad17cd27ee92dc402cf5e7ef67df4de582a50a3dcdbc3aacb76c4d883501
F4,F4,NEIN,Nominales Beziehungsfeld,Haushaltsroster Personen 02–06.,FRAGEBOGEN_TEXTLAYER_BLOCK_MANUELL_GELESEN; ORIGINALSICHT_ENTWURF; KEINE_ZELLENWEISE_VOLLABNAHME,"ESS11-DE Fragebogen PDF/gedruckte Seiten 56, Originalblock F4","Erhebt Beziehung von Haushaltsmitgliedern zur befragten Person. Persönliche/familiäre Lebensangabe beziehungsweise eigene Tätigkeit, keine gesellschaftliche Streitposition oder ausdrückliche Wertorientierung. Offene Codierungen in der Originalsicht werden hier nicht vervollständigt.",KEINE,Kein einheitlicher höherer Pol; die Zahlen bezeichnen Kategorien.,ENTWURF_TABELLENUEBERSCHRIFT,OFFEN_ORIGINALANTWORTBLOCK_NOCH_NICHT_ZELLENWEISE,be6fbca3efbe18a062a6ae96d242a7f79e02b511bd5fcf03d448943bb3a5ae75,Codex Methoden-Erstbewertung 2,6d6bad17cd27ee92dc402cf5e7ef67df4de582a50a3dcdbc3aacb76c4d883501
F2@56.3,F2,NEIN,Nominales Geschlechtsfeld,Haushaltsroster Personen 07–12; Wiederholungsfeld.,FRAGEBOGEN_TEXTLAYER_BLOCK_MANUELL_GELESEN; ORIGINALSICHT_ENTWURF; KEINE_ZELLENWEISE_VOLLABNAHME,"ESS11-DE Fragebogen PDF/gedruckte Seiten 56, Originalblock F2","Erhebt Geschlechtsfeld im zweiten Haushaltsroster. Persönliche/familiäre Lebensangabe beziehungsweise eigene Tätigkeit, keine gesellschaftliche Streitposition oder ausdrückliche Wertorientierung. Offene Codierungen in der Originalsicht werden hier nicht vervollständigt.",KEINE,Kein einheitlicher höherer Pol; die Zahlen bezeichnen Kategorien.,ENTWURF_TABELLENUEBERSCHRIFT,OFFEN_ORIGINALANTWORTBLOCK_NOCH_NICHT_ZELLENWEISE,be6fbca3efbe18a062a6ae96d242a7f79e02b511bd5fcf03d448943bb3a5ae75,Codex Methoden-Erstbewertung 2,6d6bad17cd27ee92dc402cf5e7ef67df4de582a50a3dcdbc3aacb76c4d883501
F3@56.3,F3,NEIN,Geburtsjahrfeld,Haushaltsroster Personen 07–12; Wiederholungsfeld.,FRAGEBOGEN_TEXTLAYER_BLOCK_MANUELL_GELESEN; ORIGINALSICHT_ENTWURF; KEINE_ZELLENWEISE_VOLLABNAHME,"ESS11-DE Fragebogen PDF/gedruckte Seiten 56, Originalblock F3","Erhebt Geburtsjahrfeld im zweiten Haushaltsroster. Persönliche/familiäre Lebensangabe beziehungsweise eigene Tätigkeit, keine gesellschaftliche Streitposition oder ausdrückliche Wertorientierung. Offene Codierungen in der Originalsicht werden hier nicht vervollständigt.",STEIGEND,Späteres Geburtsjahr der betreffenden Haushaltsperson.,ENTWURF_TABELLENUEBERSCHRIFT,OFFEN_ORIGINALANTWORTBLOCK_NOCH_NICHT_ZELLENWEISE,be6fbca3efbe18a062a6ae96d242a7f79e02b511bd5fcf03d448943bb3a5ae75,Codex Methoden-Erstbewertung 2,6d6bad17cd27ee92dc402cf5e7ef67df4de582a50a3dcdbc3aacb76c4d883501
F4@57.2,F4,NEIN,Nominales Beziehungsfeld,Haushaltsroster Personen 07–12; Wiederholungsfeld.,FRAGEBOGEN_TEXTLAYER_BLOCK_MANUELL_GELESEN; ORIGINALSICHT_ENTWURF; KEINE_ZELLENWEISE_VOLLABNAHME,"ESS11-DE Fragebogen PDF/gedruckte Seiten 57|58, Originalblock F4","Erhebt Beziehungsfeld im zweiten Haushaltsroster. Persönliche/familiäre Lebensangabe beziehungsweise eigene Tätigkeit, keine gesellschaftliche Streitposition oder ausdrückliche Wertorientierung. Offene Codierungen in der Originalsicht werden hier nicht vervollständigt.",KEINE,Kein einheitlicher höherer Pol; die Zahlen bezeichnen Kategorien.,ENTWURF_TABELLENUEBERSCHRIFT,OFFEN_ORIGINALANTWORTBLOCK_NOCH_NICHT_ZELLENWEISE,be6fbca3efbe18a062a6ae96d242a7f79e02b511bd5fcf03d448943bb3a5ae75,Codex Methoden-Erstbewertung 2,6d6bad17cd27ee92dc402cf5e7ef67df4de582a50a3dcdbc3aacb76c4d883501
F6,F6,NEIN,Nominaler Beziehungsstatus,Nur zusammenlebender Partner laut F4=01.,FRAGEBOGEN_TEXTLAYER_BLOCK_MANUELL_GELESEN; ORIGINALSICHT_ENTWURF; KEINE_ZELLENWEISE_VOLLABNAHME; LISTENHEFT_TEXTLAYER_GELESEN,"ESS11-DE Fragebogen PDF/gedruckte Seiten 58, Originalblock F6; Listenheft Liste 69, PDF-Seite 70","Erhebt rechtlicher Status der eigenen Partnerschaft. Persönliche/familiäre Lebensangabe beziehungsweise eigene Tätigkeit, keine gesellschaftliche Streitposition oder ausdrückliche Wertorientierung. Offene Codierungen in der Originalsicht werden hier nicht vervollständigt.",KEINE,Kein einheitlicher höherer Pol; die Zahlen bezeichnen Kategorien.,ENTWURF_TEXTBLOCK_AUTOMATISCH,ENTWURF_VERTIKALE_CODES_LABELZEILEN_NACHPRUEFEN,be6fbca3efbe18a062a6ae96d242a7f79e02b511bd5fcf03d448943bb3a5ae75,Codex Methoden-Erstbewertung 2,6d6bad17cd27ee92dc402cf5e7ef67df4de582a50a3dcdbc3aacb76c4d883501
F7,F7,NEIN,Dichotome Zusammenlebensbiografie,"F4≠01 oder F6=01,02,06,77,88.",FRAGEBOGEN_TEXTLAYER_BLOCK_MANUELL_GELESEN; ORIGINALSICHT_ENTWURF; KEINE_ZELLENWEISE_VOLLABNAHME,"ESS11-DE Fragebogen PDF/gedruckte Seiten 58, Originalblock F7","Erhebt früheres nicht formalisiertes Zusammenleben mit Partner. Persönliche/familiäre Lebensangabe beziehungsweise eigene Tätigkeit, keine gesellschaftliche Streitposition oder ausdrückliche Wertorientierung. Offene Codierungen in der Originalsicht werden hier nicht vervollständigt.",KEINE,Kein einheitlicher höherer Pol; die Zahlen bezeichnen Kategorien.,ENTWURF_TEXTBLOCK_AUTOMATISCH,ENTWURF_VERTIKALE_CODES_LABELZEILEN_NACHPRUEFEN,be6fbca3efbe18a062a6ae96d242a7f79e02b511bd5fcf03d448943bb3a5ae75,Codex Methoden-Erstbewertung 2,6d6bad17cd27ee92dc402cf5e7ef67df4de582a50a3dcdbc3aacb76c4d883501
F8,F8,NEIN,Dichotome Scheidungsbiografie,An alle.,FRAGEBOGEN_TEXTLAYER_BLOCK_MANUELL_GELESEN; ORIGINALSICHT_ENTWURF; KEINE_ZELLENWEISE_VOLLABNAHME,"ESS11-DE Fragebogen PDF/gedruckte Seiten 58|59, Originalblock F8","Erhebt eigene Scheidungs-/Aufhebungsbiografie. Persönliche/familiäre Lebensangabe beziehungsweise eigene Tätigkeit, keine gesellschaftliche Streitposition oder ausdrückliche Wertorientierung. Offene Codierungen in der Originalsicht werden hier nicht vervollständigt.",KEINE,Kein einheitlicher höherer Pol; die Zahlen bezeichnen Kategorien.,ENTWURF_TEXTBLOCK_AUTOMATISCH,ENTWURF_VERTIKALE_CODES_LABELZEILEN_NACHPRUEFEN,be6fbca3efbe18a062a6ae96d242a7f79e02b511bd5fcf03d448943bb3a5ae75,Codex Methoden-Erstbewertung 2,6d6bad17cd27ee92dc402cf5e7ef67df4de582a50a3dcdbc3aacb76c4d883501
F11,F11,NEIN,Nominaler Familienstand,F4≠01 oder F6=03. Bei Mehrfachangabe oberste zutreffende Kategorie.,FRAGEBOGEN_TEXTLAYER_BLOCK_MANUELL_GELESEN; ORIGINALSICHT_ENTWURF; KEINE_ZELLENWEISE_VOLLABNAHME; LISTENHEFT_TEXTLAYER_GELESEN,"ESS11-DE Fragebogen PDF/gedruckte Seiten 59, Originalblock F11; Listenheft Liste 70, PDF-Seite 71","Erhebt eigener rechtlicher Familienstand. Persönliche/familiäre Lebensangabe beziehungsweise eigene Tätigkeit, keine gesellschaftliche Streitposition oder ausdrückliche Wertorientierung. Offene Codierungen in der Originalsicht werden hier nicht vervollständigt.",KEINE,Kein einheitlicher höherer Pol; die Zahlen bezeichnen Kategorien.,ENTWURF_TEXTBLOCK_AUTOMATISCH,ENTWURF_VERTIKALE_CODES_LABELZEILEN_NACHPRUEFEN,be6fbca3efbe18a062a6ae96d242a7f79e02b511bd5fcf03d448943bb3a5ae75,Codex Methoden-Erstbewertung 2,6d6bad17cd27ee92dc402cf5e7ef67df4de582a50a3dcdbc3aacb76c4d883501
F13,F13,NEIN,Dichotome Haushaltsbiografie,Nur nicht mit Kindern laut F4≠02 zusammenlebend.,FRAGEBOGEN_TEXTLAYER_BLOCK_MANUELL_GELESEN; ORIGINALSICHT_ENTWURF; KEINE_ZELLENWEISE_VOLLABNAHME,"ESS11-DE Fragebogen PDF/gedruckte Seiten 59, Originalblock F13","Erhebt eigenes früheres Zusammenleben mit Kindern. Persönliche/familiäre Lebensangabe beziehungsweise eigene Tätigkeit, keine gesellschaftliche Streitposition oder ausdrückliche Wertorientierung. Offene Codierungen in der Originalsicht werden hier nicht vervollständigt.",KEINE,Kein einheitlicher höherer Pol; die Zahlen bezeichnen Kategorien.,ENTWURF_TEXTBLOCK_AUTOMATISCH,ENTWURF_VERTIKALE_CODES_LABELZEILEN_NACHPRUEFEN,be6fbca3efbe18a062a6ae96d242a7f79e02b511bd5fcf03d448943bb3a5ae75,Codex Methoden-Erstbewertung 2,6d6bad17cd27ee92dc402cf5e7ef67df4de582a50a3dcdbc3aacb76c4d883501
F14,F14,NEIN,Nominale Wohngebietskategorie,An alle.,FRAGEBOGEN_TEXTLAYER_BLOCK_MANUELL_GELESEN; ORIGINALSICHT_ENTWURF; KEINE_ZELLENWEISE_VOLLABNAHME; LISTENHEFT_TEXTLAYER_GELESEN,"ESS11-DE Fragebogen PDF/gedruckte Seiten 60, Originalblock F14; Listenheft Liste 71, PDF-Seite 72","Erhebt eigene Wohngegend; Originaltypen sind keine ohne Zusatzannahme durchgehend geordnete Urbanitätsskala. Persönliche/familiäre Lebensangabe beziehungsweise eigene Tätigkeit, keine gesellschaftliche Streitposition oder ausdrückliche Wertorientierung. Offene Codierungen in der Originalsicht werden hier nicht vervollständigt.",KEINE,Kein einheitlicher höherer Pol; die Zahlen bezeichnen Kategorien.,ENTWURF_TEXTBLOCK_AUTOMATISCH,ENTWURF_VERTIKALE_CODES_LABELZEILEN_NACHPRUEFEN,be6fbca3efbe18a062a6ae96d242a7f79e02b511bd5fcf03d448943bb3a5ae75,Codex Methoden-Erstbewertung 2,6d6bad17cd27ee92dc402cf5e7ef67df4de582a50a3dcdbc3aacb76c4d883501
F14a,F14a,NEIN,Nominale Wohnprobleme; Mehrfachnennung,An alle; Hauptwohnort bei mehreren Wohnungen.,FRAGEBOGEN_TEXTLAYER_BLOCK_MANUELL_GELESEN; ORIGINALSICHT_ENTWURF; KEINE_ZELLENWEISE_VOLLABNAHME; LISTENHEFT_TEXTLAYER_GELESEN,"ESS11-DE Fragebogen PDF/gedruckte Seiten 60|61, Originalblock F14a; Listenheft Liste 72, PDF-Seite 73","Erhebt Probleme der eigenen Wohnung/des Hauses. Persönliche/familiäre Lebensangabe beziehungsweise eigene Tätigkeit, keine gesellschaftliche Streitposition oder ausdrückliche Wertorientierung. Offene Codierungen in der Originalsicht werden hier nicht vervollständigt.",KEINE,Kein einheitlicher höherer Pol; die Zahlen bezeichnen Kategorien.,ENTWURF_TEXTBLOCK_AUTOMATISCH,ENTWURF_VERTIKALE_CODES_LABELZEILEN_NACHPRUEFEN,be6fbca3efbe18a062a6ae96d242a7f79e02b511bd5fcf03d448943bb3a5ae75,Codex Methoden-Erstbewertung 2,6d6bad17cd27ee92dc402cf5e7ef67df4de582a50a3dcdbc3aacb76c4d883501
F15,F15,NEIN,Schulabschlussklassen 00–05,"An alle; bereits erreichtes Niveau, ausländischer Abschluss als deutsche Entsprechung.",FRAGEBOGEN_TEXTLAYER_BLOCK_MANUELL_GELESEN; ORIGINALSICHT_ENTWURF; KEINE_ZELLENWEISE_VOLLABNAHME; LISTENHEFT_TEXTLAYER_GELESEN,"ESS11-DE Fragebogen PDF/gedruckte Seiten 61, Originalblock F15; Listenheft Liste 73, PDF-Seite 74","Erhebt eigener allgemeinbildender Schulabschluss. Persönliche/familiäre Lebensangabe beziehungsweise eigene Tätigkeit, keine gesellschaftliche Streitposition oder ausdrückliche Wertorientierung. Offene Codierungen in der Originalsicht werden hier nicht vervollständigt.",STEIGEND,Höherer formal erreichter allgemeinbildender Schulabschluss.,ENTWURF_TEXTBLOCK_AUTOMATISCH,ENTWURF_VERTIKALE_CODES_LABELZEILEN_NACHPRUEFEN,be6fbca3efbe18a062a6ae96d242a7f79e02b511bd5fcf03d448943bb3a5ae75,Codex Methoden-Erstbewertung 2,6d6bad17cd27ee92dc402cf5e7ef67df4de582a50a3dcdbc3aacb76c4d883501
F15a,F15a,NEIN,Berufliche/Hochschulabschlusskategorien 00–17,An alle; bereits erreichter Abschluss.,FRAGEBOGEN_TEXTLAYER_BLOCK_MANUELL_GELESEN; ORIGINALSICHT_ENTWURF; KEINE_ZELLENWEISE_VOLLABNAHME; LISTENHEFT_TEXTLAYER_GELESEN,"ESS11-DE Fragebogen PDF/gedruckte Seiten 61|62, Originalblock F15a; Listenheft Liste 73a, PDF-Seite 75","Erhebt eigener beruflicher/Hochschulabschluss. Persönliche/familiäre Lebensangabe beziehungsweise eigene Tätigkeit, keine gesellschaftliche Streitposition oder ausdrückliche Wertorientierung. Offene Codierungen in der Originalsicht werden hier nicht vervollständigt.",KEINE,Kein durchgehender höherer Pol der beruflichen Originalcodes; mehrere Ausbildungswege/Abschlussarten.,ENTWURF_TEXTBLOCK_AUTOMATISCH,ENTWURF_VERTIKALE_CODES_LABELZEILEN_NACHPRUEFEN,be6fbca3efbe18a062a6ae96d242a7f79e02b511bd5fcf03d448943bb3a5ae75,Codex Methoden-Erstbewertung 2,6d6bad17cd27ee92dc402cf5e7ef67df4de582a50a3dcdbc3aacb76c4d883501
F16,F16,NEIN,Offene volle Bildungsjahre,An alle; Vollzeitäquivalent gemäß Interviewerregel.,FRAGEBOGEN_TEXTLAYER_BLOCK_MANUELL_GELESEN; ORIGINALSICHT_ENTWURF; KEINE_ZELLENWEISE_VOLLABNAHME,"ESS11-DE Fragebogen PDF/gedruckte Seiten 63, Originalblock F16","Erhebt eigene Ausbildungsdauer. Persönliche/familiäre Lebensangabe beziehungsweise eigene Tätigkeit, keine gesellschaftliche Streitposition oder ausdrückliche Wertorientierung. Offene Codierungen in der Originalsicht werden hier nicht vervollständigt.",STEIGEND,Mehr Schul-/Ausbildungsjahre nach der Originalregel.,ENTWURF_TEXTBLOCK_AUTOMATISCH,OFFEN_ORIGINALANTWORTBLOCK_NOCH_NICHT_ZELLENWEISE,be6fbca3efbe18a062a6ae96d242a7f79e02b511bd5fcf03d448943bb3a5ae75,Codex Methoden-Erstbewertung 2,6d6bad17cd27ee92dc402cf5e7ef67df4de582a50a3dcdbc3aacb76c4d883501
F17a,F17a,NEIN,Nominale Tätigkeits-/Statusarten; Mehrfachnennung,An alle; vergangene sieben Tage.,FRAGEBOGEN_TEXTLAYER_BLOCK_MANUELL_GELESEN; ORIGINALSICHT_ENTWURF; KEINE_ZELLENWEISE_VOLLABNAHME; LISTENHEFT_TEXTLAYER_GELESEN,"ESS11-DE Fragebogen PDF/gedruckte Seiten 63, Originalblock F17a; Listenheft Liste 74, PDF-Seite 76","Erhebt eigene Tätigkeiten und Erwerbssituation. Persönliche/familiäre Lebensangabe beziehungsweise eigene Tätigkeit, keine gesellschaftliche Streitposition oder ausdrückliche Wertorientierung. Offene Codierungen in der Originalsicht werden hier nicht vervollständigt.",KEINE,Kein einheitlicher höherer Pol; die Zahlen bezeichnen Kategorien.,ENTWURF_TEXTBLOCK_AUTOMATISCH,ENTWURF_VERTIKALE_CODES_LABELZEILEN_NACHPRUEFEN,be6fbca3efbe18a062a6ae96d242a7f79e02b511bd5fcf03d448943bb3a5ae75,Codex Methoden-Erstbewertung 2,6d6bad17cd27ee92dc402cf5e7ef67df4de582a50a3dcdbc3aacb76c4d883501
F17c,F17c,NEIN,Nominaler Hauptstatus,Nur bei mehreren Nennungen F17a.,FRAGEBOGEN_TEXTLAYER_BLOCK_MANUELL_GELESEN; ORIGINALSICHT_ENTWURF; KEINE_ZELLENWEISE_VOLLABNAHME; LISTENHEFT_TEXTLAYER_GELESEN,"ESS11-DE Fragebogen PDF/gedruckte Seiten 64, Originalblock F17c; Listenheft Liste 74, PDF-Seite 76","Erhebt eigener Hauptstatus der vergangenen sieben Tage. Persönliche/familiäre Lebensangabe beziehungsweise eigene Tätigkeit, keine gesellschaftliche Streitposition oder ausdrückliche Wertorientierung. Offene Codierungen in der Originalsicht werden hier nicht vervollständigt.",KEINE,Kein einheitlicher höherer Pol; die Zahlen bezeichnen Kategorien.,ENTWURF_TEXTBLOCK_AUTOMATISCH,ENTWURF_VERTIKALE_CODES_LABELZEILEN_NACHPRUEFEN,be6fbca3efbe18a062a6ae96d242a7f79e02b511bd5fcf03d448943bb3a5ae75,Codex Methoden-Erstbewertung 2,6d6bad17cd27ee92dc402cf5e7ef67df4de582a50a3dcdbc3aacb76c4d883501
F18,F18,NEIN,Dichotome Erwerbstätigkeit,Nur F17a≠01.,FRAGEBOGEN_TEXTLAYER_BLOCK_MANUELL_GELESEN; ORIGINALSICHT_ENTWURF; KEINE_ZELLENWEISE_VOLLABNAHME,"ESS11-DE Fragebogen PDF/gedruckte Seiten 64, Originalblock F18","Erhebt eigene bezahlte Tätigkeit in sieben Tagen. Persönliche/familiäre Lebensangabe beziehungsweise eigene Tätigkeit, keine gesellschaftliche Streitposition oder ausdrückliche Wertorientierung. Offene Codierungen in der Originalsicht werden hier nicht vervollständigt.",KEINE,Kein einheitlicher höherer Pol; die Zahlen bezeichnen Kategorien.,ENTWURF_TEXTBLOCK_AUTOMATISCH,ENTWURF_VERTIKALE_CODES_LABELZEILEN_NACHPRUEFEN,be6fbca3efbe18a062a6ae96d242a7f79e02b511bd5fcf03d448943bb3a5ae75,Codex Methoden-Erstbewertung 2,6d6bad17cd27ee92dc402cf5e7ef67df4de582a50a3dcdbc3aacb76c4d883501
F19,F19,NEIN,Dichotome Erwerbsbiografie,"Nur F18=2,7,8.",FRAGEBOGEN_TEXTLAYER_BLOCK_MANUELL_GELESEN; ORIGINALSICHT_ENTWURF; KEINE_ZELLENWEISE_VOLLABNAHME,"ESS11-DE Fragebogen PDF/gedruckte Seiten 64, Originalblock F19","Erhebt jemals ausgeübte bezahlte Tätigkeit. Persönliche/familiäre Lebensangabe beziehungsweise eigene Tätigkeit, keine gesellschaftliche Streitposition oder ausdrückliche Wertorientierung. Offene Codierungen in der Originalsicht werden hier nicht vervollständigt.",KEINE,Kein einheitlicher höherer Pol; die Zahlen bezeichnen Kategorien.,ENTWURF_TEXTBLOCK_AUTOMATISCH,ENTWURF_VERTIKALE_CODES_LABELZEILEN_NACHPRUEFEN,be6fbca3efbe18a062a6ae96d242a7f79e02b511bd5fcf03d448943bb3a5ae75,Codex Methoden-Erstbewertung 2,6d6bad17cd27ee92dc402cf5e7ef67df4de582a50a3dcdbc3aacb76c4d883501
F20,F20,NEIN,Offenes letztes Erwerbsjahr,Nur F19=1.,FRAGEBOGEN_TEXTLAYER_BLOCK_MANUELL_GELESEN; ORIGINALSICHT_ENTWURF; KEINE_ZELLENWEISE_VOLLABNAHME,"ESS11-DE Fragebogen PDF/gedruckte Seiten 65, Originalblock F20","Erhebt eigener letzter Erwerbszeitpunkt. Persönliche/familiäre Lebensangabe beziehungsweise eigene Tätigkeit, keine gesellschaftliche Streitposition oder ausdrückliche Wertorientierung. Offene Codierungen in der Originalsicht werden hier nicht vervollständigt.",STEIGEND,Späteres Jahr der letzten bezahlten Tätigkeit.,ENTWURF_TEXTBLOCK_AUTOMATISCH,OFFEN_ORIGINALANTWORTBLOCK_NOCH_NICHT_ZELLENWEISE,be6fbca3efbe18a062a6ae96d242a7f79e02b511bd5fcf03d448943bb3a5ae75,Codex Methoden-Erstbewertung 2,6d6bad17cd27ee92dc402cf5e7ef67df4de582a50a3dcdbc3aacb76c4d883501
F21,F21,NEIN,Nominales Beschäftigungsverhältnis,F17a=1 oder F18=1 oder F19=1; jetzige/letzte Hauptstelle.,FRAGEBOGEN_TEXTLAYER_BLOCK_MANUELL_GELESEN; ORIGINALSICHT_ENTWURF; KEINE_ZELLENWEISE_VOLLABNAHME,"ESS11-DE Fragebogen PDF/gedruckte Seiten 65, Originalblock F21","Erhebt eigener Beschäftigungsstatus. Persönliche/familiäre Lebensangabe beziehungsweise eigene Tätigkeit, keine gesellschaftliche Streitposition oder ausdrückliche Wertorientierung. Offene Codierungen in der Originalsicht werden hier nicht vervollständigt.",KEINE,Kein einheitlicher höherer Pol; die Zahlen bezeichnen Kategorien.,ENTWURF_TEXTBLOCK_AUTOMATISCH,ENTWURF_VERTIKALE_CODES_LABELZEILEN_NACHPRUEFEN,be6fbca3efbe18a062a6ae96d242a7f79e02b511bd5fcf03d448943bb3a5ae75,Codex Methoden-Erstbewertung 2,6d6bad17cd27ee92dc402cf5e7ef67df4de582a50a3dcdbc3aacb76c4d883501
F22,F22,NEIN,Offene Beschäftigtenzahl,Nur F21=2; jetzige/letzte Hauptstelle.,FRAGEBOGEN_TEXTLAYER_BLOCK_MANUELL_GELESEN; ORIGINALSICHT_ENTWURF; KEINE_ZELLENWEISE_VOLLABNAHME,"ESS11-DE Fragebogen PDF/gedruckte Seiten 65|66, Originalblock F22","Erhebt eigene Beschäftigtenzahl. Persönliche/familiäre Lebensangabe beziehungsweise eigene Tätigkeit, keine gesellschaftliche Streitposition oder ausdrückliche Wertorientierung. Offene Codierungen in der Originalsicht werden hier nicht vervollständigt.",STEIGEND,Mehr Beschäftigte als selbständige Person.,ENTWURF_TEXTBLOCK_AUTOMATISCH,OFFEN_ORIGINALANTWORTBLOCK_NOCH_NICHT_ZELLENWEISE,be6fbca3efbe18a062a6ae96d242a7f79e02b511bd5fcf03d448943bb3a5ae75,Codex Methoden-Erstbewertung 2,6d6bad17cd27ee92dc402cf5e7ef67df4de582a50a3dcdbc3aacb76c4d883501
F23,F23,NEIN,Nominale Vertragsart,"Nur F21=1,3,7,8; jetzige/letzte Hauptstelle.",FRAGEBOGEN_TEXTLAYER_BLOCK_MANUELL_GELESEN; ORIGINALSICHT_ENTWURF; KEINE_ZELLENWEISE_VOLLABNAHME,"ESS11-DE Fragebogen PDF/gedruckte Seiten 66, Originalblock F23","Erhebt eigene Arbeitsvertragsart. Persönliche/familiäre Lebensangabe beziehungsweise eigene Tätigkeit, keine gesellschaftliche Streitposition oder ausdrückliche Wertorientierung. Offene Codierungen in der Originalsicht werden hier nicht vervollständigt.",KEINE,Kein einheitlicher höherer Pol; die Zahlen bezeichnen Kategorien.,ENTWURF_TEXTBLOCK_AUTOMATISCH,ENTWURF_VERTIKALE_CODES_LABELZEILEN_NACHPRUEFEN,be6fbca3efbe18a062a6ae96d242a7f79e02b511bd5fcf03d448943bb3a5ae75,Codex Methoden-Erstbewertung 2,6d6bad17cd27ee92dc402cf5e7ef67df4de582a50a3dcdbc3aacb76c4d883501
F24,F24,NEIN,Betriebsgrößenklassen 1–5,"F17a=1 oder F18=1 oder F19=1; örtliche Betriebseinheit, jetzige/letzte Hauptstelle.",FRAGEBOGEN_TEXTLAYER_BLOCK_MANUELL_GELESEN; ORIGINALSICHT_ENTWURF; KEINE_ZELLENWEISE_VOLLABNAHME,"ESS11-DE Fragebogen PDF/gedruckte Seiten 66, Originalblock F24","Erhebt Größe des eigenen Arbeitsplatzbetriebs. Persönliche/familiäre Lebensangabe beziehungsweise eigene Tätigkeit, keine gesellschaftliche Streitposition oder ausdrückliche Wertorientierung. Offene Codierungen in der Originalsicht werden hier nicht vervollständigt.",STEIGEND,Mehr Beschäftigte in der örtlichen Betriebseinheit.,ENTWURF_TEXTBLOCK_AUTOMATISCH,OFFEN_ORIGINALANTWORTBLOCK_NOCH_NICHT_ZELLENWEISE,be6fbca3efbe18a062a6ae96d242a7f79e02b511bd5fcf03d448943bb3a5ae75,Codex Methoden-Erstbewertung 2,6d6bad17cd27ee92dc402cf5e7ef67df4de582a50a3dcdbc3aacb76c4d883501
F25,F25,NEIN,Dichotome Aufsichtsfunktion,F17a=1 oder F18=1 oder F19=1; jetzige/letzte Hauptstelle.,FRAGEBOGEN_TEXTLAYER_BLOCK_MANUELL_GELESEN; ORIGINALSICHT_ENTWURF; KEINE_ZELLENWEISE_VOLLABNAHME,"ESS11-DE Fragebogen PDF/gedruckte Seiten 66, Originalblock F25","Erhebt eigene Aufsichtsfunktion. Persönliche/familiäre Lebensangabe beziehungsweise eigene Tätigkeit, keine gesellschaftliche Streitposition oder ausdrückliche Wertorientierung. Offene Codierungen in der Originalsicht werden hier nicht vervollständigt.",KEINE,Kein einheitlicher höherer Pol; die Zahlen bezeichnen Kategorien.,ENTWURF_TEXTBLOCK_AUTOMATISCH,ENTWURF_VERTIKALE_CODES_LABELZEILEN_NACHPRUEFEN,be6fbca3efbe18a062a6ae96d242a7f79e02b511bd5fcf03d448943bb3a5ae75,Codex Methoden-Erstbewertung 2,6d6bad17cd27ee92dc402cf5e7ef67df4de582a50a3dcdbc3aacb76c4d883501
F26,F26,NEIN,Offene beaufsichtigte Personenzahl,Nur F25=1.,FRAGEBOGEN_TEXTLAYER_BLOCK_MANUELL_GELESEN; ORIGINALSICHT_ENTWURF; KEINE_ZELLENWEISE_VOLLABNAHME,"ESS11-DE Fragebogen PDF/gedruckte Seiten 66|67, Originalblock F26","Erhebt eigener Aufsichtsumfang. Persönliche/familiäre Lebensangabe beziehungsweise eigene Tätigkeit, keine gesellschaftliche Streitposition oder ausdrückliche Wertorientierung. Offene Codierungen in der Originalsicht werden hier nicht vervollständigt.",STEIGEND,Mehr beaufsichtigte Mitarbeitende.,ENTWURF_TEXTBLOCK_AUTOMATISCH,OFFEN_ORIGINALANTWORTBLOCK_NOCH_NICHT_ZELLENWEISE,be6fbca3efbe18a062a6ae96d242a7f79e02b511bd5fcf03d448943bb3a5ae75,Codex Methoden-Erstbewertung 2,6d6bad17cd27ee92dc402cf5e7ef67df4de582a50a3dcdbc3aacb76c4d883501
F27,F27,NEIN,Eigene Arbeitsautonomie 0–10,"F17a=1 oder F18=1 oder F19=1; jetzige/letzte Hauptstelle, geerbter Arbeitgebervorspann.",FRAGEBOGEN_TEXTLAYER_BLOCK_MANUELL_GELESEN; ORIGINALSICHT_ENTWURF; KEINE_ZELLENWEISE_VOLLABNAHME; LISTENHEFT_TEXTLAYER_GELESEN,"ESS11-DE Fragebogen PDF/gedruckte Seiten 67, Originalblock F27; Listenheft Liste 75, PDF-Seite 77","Erhebt eigene betriebliche Handlungsmöglichkeit. Persönliche/familiäre Lebensangabe beziehungsweise eigene Tätigkeit, keine gesellschaftliche Streitposition oder ausdrückliche Wertorientierung. Offene Codierungen in der Originalsicht werden hier nicht vervollständigt.",STEIGEND,Mehr zugelassene Eigenständigkeit bei der täglichen Arbeitsorganisation.,ENTWURF_TABELLENZELLE,ENTWURF_TABELLENKOPF_UND_ZEILE,be6fbca3efbe18a062a6ae96d242a7f79e02b511bd5fcf03d448943bb3a5ae75,Codex Methoden-Erstbewertung 2,6d6bad17cd27ee92dc402cf5e7ef67df4de582a50a3dcdbc3aacb76c4d883501
F28,F28,NEIN,Eigene strategische Mitsprache 0–10,"F17a=1 oder F18=1 oder F19=1; jetzige/letzte Hauptstelle, geerbter Arbeitgebervorspann.",FRAGEBOGEN_TEXTLAYER_BLOCK_MANUELL_GELESEN; ORIGINALSICHT_ENTWURF; KEINE_ZELLENWEISE_VOLLABNAHME; LISTENHEFT_TEXTLAYER_GELESEN,"ESS11-DE Fragebogen PDF/gedruckte Seiten 67, Originalblock F28; Listenheft Liste 75, PDF-Seite 77","Erhebt eigene betriebliche Handlungsmöglichkeit. Persönliche/familiäre Lebensangabe beziehungsweise eigene Tätigkeit, keine gesellschaftliche Streitposition oder ausdrückliche Wertorientierung. Offene Codierungen in der Originalsicht werden hier nicht vervollständigt.",STEIGEND,Mehr zugelassene Einflussnahme auf strategische Betriebsentscheidungen.,ENTWURF_TABELLENZELLE,ENTWURF_TABELLENKOPF_UND_ZEILE,be6fbca3efbe18a062a6ae96d242a7f79e02b511bd5fcf03d448943bb3a5ae75,Codex Methoden-Erstbewertung 2,6d6bad17cd27ee92dc402cf5e7ef67df4de582a50a3dcdbc3aacb76c4d883501
F29,F29,NEIN,Offene Stunden 0–168 plus substanzieller Code 555,F17a=1 oder F18=1 oder F19=1; jetzige/letzte Hauptstelle.,FRAGEBOGEN_TEXTLAYER_BLOCK_MANUELL_GELESEN; ORIGINALSICHT_ENTWURF; KEINE_ZELLENWEISE_VOLLABNAHME,"ESS11-DE Fragebogen PDF/gedruckte Seiten 67, Originalblock F29","Erhebt eigene vertragliche Arbeitszeit. Persönliche/familiäre Lebensangabe beziehungsweise eigene Tätigkeit, keine gesellschaftliche Streitposition oder ausdrückliche Wertorientierung. Offene Codierungen in der Originalsicht werden hier nicht vervollständigt.",STEIGEND,Mehr regulär festgelegte Wochenstunden innerhalb 0–168; 555 hat keine Mengenposition.,ENTWURF_TEXTBLOCK_AUTOMATISCH,ENTWURF_VERTIKALE_CODES_LABELZEILEN_NACHPRUEFEN,be6fbca3efbe18a062a6ae96d242a7f79e02b511bd5fcf03d448943bb3a5ae75,Codex Methoden-Erstbewertung 2,6d6bad17cd27ee92dc402cf5e7ef67df4de582a50a3dcdbc3aacb76c4d883501
F30,F30,NEIN,Offene Stunden 0–168,F17a=1 oder F18=1 oder F19=1; jetzige/letzte Hauptstelle.,FRAGEBOGEN_TEXTLAYER_BLOCK_MANUELL_GELESEN; ORIGINALSICHT_ENTWURF; KEINE_ZELLENWEISE_VOLLABNAHME,"ESS11-DE Fragebogen PDF/gedruckte Seiten 67, Originalblock F30","Erhebt eigene tatsächliche Arbeitszeit. Persönliche/familiäre Lebensangabe beziehungsweise eigene Tätigkeit, keine gesellschaftliche Streitposition oder ausdrückliche Wertorientierung. Offene Codierungen in der Originalsicht werden hier nicht vervollständigt.",STEIGEND,Mehr tatsächliche Wochenarbeitsstunden inklusive Überstunden.,ENTWURF_TEXTBLOCK_AUTOMATISCH,OFFEN_ORIGINALANTWORTBLOCK_NOCH_NICHT_ZELLENWEISE,be6fbca3efbe18a062a6ae96d242a7f79e02b511bd5fcf03d448943bb3a5ae75,Codex Methoden-Erstbewertung 2,6d6bad17cd27ee92dc402cf5e7ef67df4de582a50a3dcdbc3aacb76c4d883501
F31,F31,NEIN,Offene nominale Betriebsbeschreibung,F17a=1 oder F18=1 oder F19=1; jetzige/letzte Hauptstelle.,FRAGEBOGEN_TEXTLAYER_BLOCK_MANUELL_GELESEN; ORIGINALSICHT_ENTWURF; KEINE_ZELLENWEISE_VOLLABNAHME,"ESS11-DE Fragebogen PDF/gedruckte Seiten 68, Originalblock F31","Erhebt Branche/Tätigkeit des eigenen Betriebs. Persönliche/familiäre Lebensangabe beziehungsweise eigene Tätigkeit, keine gesellschaftliche Streitposition oder ausdrückliche Wertorientierung. Offene Codierungen in der Originalsicht werden hier nicht vervollständigt.",KEINE,Kein einheitlicher höherer Pol; die Zahlen bezeichnen Kategorien.,ENTWURF_TEXTBLOCK_AUTOMATISCH,OFFEN_ORIGINALANTWORTBLOCK_NOCH_NICHT_ZELLENWEISE,be6fbca3efbe18a062a6ae96d242a7f79e02b511bd5fcf03d448943bb3a5ae75,Codex Methoden-Erstbewertung 2,6d6bad17cd27ee92dc402cf5e7ef67df4de582a50a3dcdbc3aacb76c4d883501
F32,F32,NEIN,Nominale Organisationsart,F17a=1 oder F18=1 oder F19=1; jetzige/letzte Hauptstelle.,FRAGEBOGEN_TEXTLAYER_BLOCK_MANUELL_GELESEN; ORIGINALSICHT_ENTWURF; KEINE_ZELLENWEISE_VOLLABNAHME; LISTENHEFT_TEXTLAYER_GELESEN,"ESS11-DE Fragebogen PDF/gedruckte Seiten 68, Originalblock F32; Listenheft Liste 76, PDF-Seite 78","Erhebt Art des eigenen Arbeitgeberbetriebs. Persönliche/familiäre Lebensangabe beziehungsweise eigene Tätigkeit, keine gesellschaftliche Streitposition oder ausdrückliche Wertorientierung. Offene Codierungen in der Originalsicht werden hier nicht vervollständigt.",KEINE,Kein einheitlicher höherer Pol; die Zahlen bezeichnen Kategorien.,ENTWURF_TEXTBLOCK_AUTOMATISCH,ENTWURF_VERTIKALE_CODES_LABELZEILEN_NACHPRUEFEN,be6fbca3efbe18a062a6ae96d242a7f79e02b511bd5fcf03d448943bb3a5ae75,Codex Methoden-Erstbewertung 2,6d6bad17cd27ee92dc402cf5e7ef67df4de582a50a3dcdbc3aacb76c4d883501
F33,F33,NEIN,Offene nominale Berufsbezeichnung,F17a=1 oder F18=1 oder F19=1; jetzige/letzte Hauptstelle.,FRAGEBOGEN_TEXTLAYER_BLOCK_MANUELL_GELESEN; ORIGINALSICHT_ENTWURF; KEINE_ZELLENWEISE_VOLLABNAHME,"ESS11-DE Fragebogen PDF/gedruckte Seiten 68, Originalblock F33","Erhebt eigene Berufsbezeichnung. Persönliche/familiäre Lebensangabe beziehungsweise eigene Tätigkeit, keine gesellschaftliche Streitposition oder ausdrückliche Wertorientierung. Offene Codierungen in der Originalsicht werden hier nicht vervollständigt.",KEINE,Kein einheitlicher höherer Pol; die Zahlen bezeichnen Kategorien.,ENTWURF_TEXTBLOCK_AUTOMATISCH,OFFEN_ORIGINALANTWORTBLOCK_NOCH_NICHT_ZELLENWEISE,be6fbca3efbe18a062a6ae96d242a7f79e02b511bd5fcf03d448943bb3a5ae75,Codex Methoden-Erstbewertung 2,6d6bad17cd27ee92dc402cf5e7ef67df4de582a50a3dcdbc3aacb76c4d883501
F34,F34,NEIN,Offene nominale Tätigkeitsbeschreibung,F17a=1 oder F18=1 oder F19=1; jetzige/letzte Hauptstelle.,FRAGEBOGEN_TEXTLAYER_BLOCK_MANUELL_GELESEN; ORIGINALSICHT_ENTWURF; KEINE_ZELLENWEISE_VOLLABNAHME,"ESS11-DE Fragebogen PDF/gedruckte Seiten 68, Originalblock F34","Erhebt Tätigkeiten im eigenen Hauptberuf. Persönliche/familiäre Lebensangabe beziehungsweise eigene Tätigkeit, keine gesellschaftliche Streitposition oder ausdrückliche Wertorientierung. Offene Codierungen in der Originalsicht werden hier nicht vervollständigt.",KEINE,Kein einheitlicher höherer Pol; die Zahlen bezeichnen Kategorien.,ENTWURF_TEXTBLOCK_AUTOMATISCH,OFFEN_ORIGINALANTWORTBLOCK_NOCH_NICHT_ZELLENWEISE,be6fbca3efbe18a062a6ae96d242a7f79e02b511bd5fcf03d448943bb3a5ae75,Codex Methoden-Erstbewertung 2,6d6bad17cd27ee92dc402cf5e7ef67df4de582a50a3dcdbc3aacb76c4d883501
F34a,F34a,NEIN,Offene nominale Qualifikationsbeschreibung,F17a=1 oder F18=1 oder F19=1; jetzige/letzte Hauptstelle.,FRAGEBOGEN_TEXTLAYER_BLOCK_MANUELL_GELESEN; ORIGINALSICHT_ENTWURF; KEINE_ZELLENWEISE_VOLLABNAHME,"ESS11-DE Fragebogen PDF/gedruckte Seiten 68, Originalblock F34a","Erhebt erforderliche Qualifikationen im eigenen Hauptberuf. Persönliche/familiäre Lebensangabe beziehungsweise eigene Tätigkeit, keine gesellschaftliche Streitposition oder ausdrückliche Wertorientierung. Offene Codierungen in der Originalsicht werden hier nicht vervollständigt.",KEINE,Kein einheitlicher höherer Pol; die Zahlen bezeichnen Kategorien.,ENTWURF_TEXTBLOCK_AUTOMATISCH,OFFEN_ORIGINALANTWORTBLOCK_NOCH_NICHT_ZELLENWEISE,be6fbca3efbe18a062a6ae96d242a7f79e02b511bd5fcf03d448943bb3a5ae75,Codex Methoden-Erstbewertung 2,6d6bad17cd27ee92dc402cf5e7ef67df4de582a50a3dcdbc3aacb76c4d883501
F35,F35,NEIN,Dichotome Auslandstätigkeit,"Nach Erwerbsblock; letzte zehn Jahre, mindestens sechs Monate.",FRAGEBOGEN_TEXTLAYER_BLOCK_MANUELL_GELESEN; ORIGINALSICHT_ENTWURF; KEINE_ZELLENWEISE_VOLLABNAHME,"ESS11-DE Fragebogen PDF/gedruckte Seiten 69, Originalblock F35","Erhebt eigene Auslandsarbeitsbiografie. Persönliche/familiäre Lebensangabe beziehungsweise eigene Tätigkeit, keine gesellschaftliche Streitposition oder ausdrückliche Wertorientierung. Offene Codierungen in der Originalsicht werden hier nicht vervollständigt.",KEINE,Kein einheitlicher höherer Pol; die Zahlen bezeichnen Kategorien.,ENTWURF_TEXTBLOCK_AUTOMATISCH,ENTWURF_VERTIKALE_CODES_LABELZEILEN_NACHPRUEFEN,be6fbca3efbe18a062a6ae96d242a7f79e02b511bd5fcf03d448943bb3a5ae75,Codex Methoden-Erstbewertung 2,6d6bad17cd27ee92dc402cf5e7ef67df4de582a50a3dcdbc3aacb76c4d883501
F35a,F35a,NEIN,Nominale Belastungsarten; Mehrfachnennung,Alle jemals ausgeübten beruflichen Tätigkeiten.,FRAGEBOGEN_TEXTLAYER_BLOCK_MANUELL_GELESEN; ORIGINALSICHT_ENTWURF; KEINE_ZELLENWEISE_VOLLABNAHME; LISTENHEFT_TEXTLAYER_GELESEN,"ESS11-DE Fragebogen PDF/gedruckte Seiten 69, Originalblock F35a; Listenheft Liste 77, PDF-Seite 79","Erhebt eigene körperliche Arbeitsbelastungen. Persönliche/familiäre Lebensangabe beziehungsweise eigene Tätigkeit, keine gesellschaftliche Streitposition oder ausdrückliche Wertorientierung. Offene Codierungen in der Originalsicht werden hier nicht vervollständigt.",KEINE,Kein einheitlicher höherer Pol; die Zahlen bezeichnen Kategorien.,ENTWURF_TEXTBLOCK_AUTOMATISCH,ENTWURF_VERTIKALE_CODES_LABELZEILEN_NACHPRUEFEN,be6fbca3efbe18a062a6ae96d242a7f79e02b511bd5fcf03d448943bb3a5ae75,Codex Methoden-Erstbewertung 2,6d6bad17cd27ee92dc402cf5e7ef67df4de582a50a3dcdbc3aacb76c4d883501
F35b,F35b,NEIN,Nominale Expositionsarten; Mehrfachnennung,Alle jemals ausgeübten beruflichen Tätigkeiten.,FRAGEBOGEN_TEXTLAYER_BLOCK_MANUELL_GELESEN; ORIGINALSICHT_ENTWURF; KEINE_ZELLENWEISE_VOLLABNAHME; LISTENHEFT_TEXTLAYER_GELESEN,"ESS11-DE Fragebogen PDF/gedruckte Seiten 69, Originalblock F35b; Listenheft Liste 78, PDF-Seite 80","Erhebt eigene Arbeitsumweltexpositionen. Persönliche/familiäre Lebensangabe beziehungsweise eigene Tätigkeit, keine gesellschaftliche Streitposition oder ausdrückliche Wertorientierung. Offene Codierungen in der Originalsicht werden hier nicht vervollständigt.",KEINE,Kein einheitlicher höherer Pol; die Zahlen bezeichnen Kategorien.,ENTWURF_TEXTBLOCK_AUTOMATISCH,ENTWURF_VERTIKALE_CODES_LABELZEILEN_NACHPRUEFEN,be6fbca3efbe18a062a6ae96d242a7f79e02b511bd5fcf03d448943bb3a5ae75,Codex Methoden-Erstbewertung 2,6d6bad17cd27ee92dc402cf5e7ef67df4de582a50a3dcdbc3aacb76c4d883501
F36,F36,NEIN,Dichotome Arbeitslosigkeitsbiografie,An alle.,FRAGEBOGEN_TEXTLAYER_BLOCK_MANUELL_GELESEN; ORIGINALSICHT_ENTWURF; KEINE_ZELLENWEISE_VOLLABNAHME,"ESS11-DE Fragebogen PDF/gedruckte Seiten 70, Originalblock F36","Erhebt eigene Arbeitslosigkeit über drei Monate. Persönliche/familiäre Lebensangabe beziehungsweise eigene Tätigkeit, keine gesellschaftliche Streitposition oder ausdrückliche Wertorientierung. Offene Codierungen in der Originalsicht werden hier nicht vervollständigt.",KEINE,Kein einheitlicher höherer Pol; die Zahlen bezeichnen Kategorien.,ENTWURF_TEXTBLOCK_AUTOMATISCH,ENTWURF_VERTIKALE_CODES_LABELZEILEN_NACHPRUEFEN,be6fbca3efbe18a062a6ae96d242a7f79e02b511bd5fcf03d448943bb3a5ae75,Codex Methoden-Erstbewertung 2,6d6bad17cd27ee92dc402cf5e7ef67df4de582a50a3dcdbc3aacb76c4d883501
F37,F37,NEIN,Dichotome lange Arbeitslosigkeit,Nur F36=1.,FRAGEBOGEN_TEXTLAYER_BLOCK_MANUELL_GELESEN; ORIGINALSICHT_ENTWURF; KEINE_ZELLENWEISE_VOLLABNAHME,"ESS11-DE Fragebogen PDF/gedruckte Seiten 70, Originalblock F37","Erhebt eigene Arbeitslosigkeit über zwölf Monate. Persönliche/familiäre Lebensangabe beziehungsweise eigene Tätigkeit, keine gesellschaftliche Streitposition oder ausdrückliche Wertorientierung. Offene Codierungen in der Originalsicht werden hier nicht vervollständigt.",KEINE,Kein einheitlicher höherer Pol; die Zahlen bezeichnen Kategorien.,ENTWURF_TEXTBLOCK_AUTOMATISCH,ENTWURF_VERTIKALE_CODES_LABELZEILEN_NACHPRUEFEN,be6fbca3efbe18a062a6ae96d242a7f79e02b511bd5fcf03d448943bb3a5ae75,Codex Methoden-Erstbewertung 2,6d6bad17cd27ee92dc402cf5e7ef67df4de582a50a3dcdbc3aacb76c4d883501
F38,F38,NEIN,Dichotomer Zeitpunkt der Arbeitslosigkeit,"Nur F36=1; bezieht sich laut Interviewer auf mindestens drei Monate aus F36, nicht nur auf F37.",FRAGEBOGEN_TEXTLAYER_BLOCK_MANUELL_GELESEN; ORIGINALSICHT_ENTWURF; KEINE_ZELLENWEISE_VOLLABNAHME,"ESS11-DE Fragebogen PDF/gedruckte Seiten 70, Originalblock F38","Erhebt eigene Arbeitslosigkeit in den letzten fünf Jahren. Persönliche/familiäre Lebensangabe beziehungsweise eigene Tätigkeit, keine gesellschaftliche Streitposition oder ausdrückliche Wertorientierung. Offene Codierungen in der Originalsicht werden hier nicht vervollständigt.",KEINE,Kein einheitlicher höherer Pol; die Zahlen bezeichnen Kategorien.,ENTWURF_TEXTBLOCK_AUTOMATISCH,ENTWURF_VERTIKALE_CODES_LABELZEILEN_NACHPRUEFEN,be6fbca3efbe18a062a6ae96d242a7f79e02b511bd5fcf03d448943bb3a5ae75,Codex Methoden-Erstbewertung 2,6d6bad17cd27ee92dc402cf5e7ef67df4de582a50a3dcdbc3aacb76c4d883501
F39,F39,NEIN,Nominale aktuelle/frühere/keine Mitgliedschaft,An alle.,FRAGEBOGEN_TEXTLAYER_BLOCK_MANUELL_GELESEN; ORIGINALSICHT_ENTWURF; KEINE_ZELLENWEISE_VOLLABNAHME,"ESS11-DE Fragebogen PDF/gedruckte Seiten 70, Originalblock F39","Erhebt eigene Gewerkschaftsmitgliedschaft. Persönliche/familiäre Lebensangabe beziehungsweise eigene Tätigkeit, keine gesellschaftliche Streitposition oder ausdrückliche Wertorientierung. Offene Codierungen in der Originalsicht werden hier nicht vervollständigt.",KEINE,Kein einheitlicher höherer Pol; die Zahlen bezeichnen Kategorien.,ENTWURF_TEXTBLOCK_AUTOMATISCH,ENTWURF_VERTIKALE_CODES_LABELZEILEN_NACHPRUEFEN,be6fbca3efbe18a062a6ae96d242a7f79e02b511bd5fcf03d448943bb3a5ae75,Codex Methoden-Erstbewertung 2,6d6bad17cd27ee92dc402cf5e7ef67df4de582a50a3dcdbc3aacb76c4d883501
F40,F40,NEIN,Nominale Haupteinkommensquelle,An alle; ganzer Haushalt.,FRAGEBOGEN_TEXTLAYER_BLOCK_MANUELL_GELESEN; ORIGINALSICHT_ENTWURF; KEINE_ZELLENWEISE_VOLLABNAHME; LISTENHEFT_TEXTLAYER_GELESEN,"ESS11-DE Fragebogen PDF/gedruckte Seiten 71, Originalblock F40; Listenheft Liste 79, PDF-Seite 81","Erhebt Haupteinkommensquelle des eigenen Haushalts. Persönliche/familiäre Lebensangabe beziehungsweise eigene Tätigkeit, keine gesellschaftliche Streitposition oder ausdrückliche Wertorientierung. Offene Codierungen in der Originalsicht werden hier nicht vervollständigt.",KEINE,Kein einheitlicher höherer Pol; die Zahlen bezeichnen Kategorien.,ENTWURF_TEXTBLOCK_AUTOMATISCH,ENTWURF_VERTIKALE_CODES_LABELZEILEN_NACHPRUEFEN,be6fbca3efbe18a062a6ae96d242a7f79e02b511bd5fcf03d448943bb3a5ae75,Codex Methoden-Erstbewertung 2,6d6bad17cd27ee92dc402cf5e7ef67df4de582a50a3dcdbc3aacb76c4d883501
F41,F41,NEIN,Geordnete Einkommensklassen 01–10,"An alle; Gesamtnettohaushaltseinkommen, eine Nennung.",FRAGEBOGEN_TEXTLAYER_BLOCK_MANUELL_GELESEN; ORIGINALSICHT_ENTWURF; KEINE_ZELLENWEISE_VOLLABNAHME; LISTENHEFT_TEXTLAYER_GELESEN,"ESS11-DE Fragebogen PDF/gedruckte Seiten 72, Originalblock F41; Listenheft Liste 80, PDF-Seite 82","Erhebt Haushaltseinkommensklasse. Persönliche/familiäre Lebensangabe beziehungsweise eigene Tätigkeit, keine gesellschaftliche Streitposition oder ausdrückliche Wertorientierung. Offene Codierungen in der Originalsicht werden hier nicht vervollständigt.",STEIGEND,Höhere Haushaltsnettoeinkommensklasse; keine Prüfung genauer Grenzbeträge der überlagerten Liste.,ENTWURF_TEXTBLOCK_AUTOMATISCH,ENTWURF_VERTIKALE_CODES_LABELZEILEN_NACHPRUEFEN,be6fbca3efbe18a062a6ae96d242a7f79e02b511bd5fcf03d448943bb3a5ae75,Codex Methoden-Erstbewertung 2,6d6bad17cd27ee92dc402cf5e7ef67df4de582a50a3dcdbc3aacb76c4d883501
F42,F42,NEIN,Eigene finanzielle Schwierigkeit 1–4,An alle.,FRAGEBOGEN_TEXTLAYER_BLOCK_MANUELL_GELESEN; ORIGINALSICHT_ENTWURF; KEINE_ZELLENWEISE_VOLLABNAHME; LISTENHEFT_TEXTLAYER_GELESEN,"ESS11-DE Fragebogen PDF/gedruckte Seiten 72|73, Originalblock F42; Listenheft Liste 81, PDF-Seite 83","Erhebt eigene finanzielle Lebenslage. Persönliche/familiäre Lebensangabe beziehungsweise eigene Tätigkeit, keine gesellschaftliche Streitposition oder ausdrückliche Wertorientierung. Offene Codierungen in der Originalsicht werden hier nicht vervollständigt.",STEIGEND,"Mehr Schwierigkeiten, mit dem gegenwärtigen Haushaltseinkommen zurechtzukommen.",ENTWURF_TEXTBLOCK_AUTOMATISCH,ENTWURF_VERTIKALE_CODES_LABELZEILEN_NACHPRUEFEN,be6fbca3efbe18a062a6ae96d242a7f79e02b511bd5fcf03d448943bb3a5ae75,Codex Methoden-Erstbewertung 2,6d6bad17cd27ee92dc402cf5e7ef67df4de582a50a3dcdbc3aacb76c4d883501
F44,F44,NEIN,Schulabschlussklassen 00–05,Nur zusammenlebender Partner laut F4=01; bereits erreichtes Niveau.,FRAGEBOGEN_TEXTLAYER_BLOCK_MANUELL_GELESEN; ORIGINALSICHT_ENTWURF; KEINE_ZELLENWEISE_VOLLABNAHME; LISTENHEFT_TEXTLAYER_GELESEN,"ESS11-DE Fragebogen PDF/gedruckte Seiten 73, Originalblock F44; Listenheft Liste 82, PDF-Seite 84","Erhebt Schulabschluss des Partners/der Partnerin. Persönliche/familiäre Lebensangabe beziehungsweise eigene Tätigkeit, keine gesellschaftliche Streitposition oder ausdrückliche Wertorientierung. Offene Codierungen in der Originalsicht werden hier nicht vervollständigt.",STEIGEND,Höherer formal erreichter Schulabschluss des Partners/der Partnerin.,ENTWURF_TEXTBLOCK_AUTOMATISCH,ENTWURF_VERTIKALE_CODES_LABELZEILEN_NACHPRUEFEN,be6fbca3efbe18a062a6ae96d242a7f79e02b511bd5fcf03d448943bb3a5ae75,Codex Methoden-Erstbewertung 2,6d6bad17cd27ee92dc402cf5e7ef67df4de582a50a3dcdbc3aacb76c4d883501
F44a,F44a,NEIN,Berufliche/Hochschulabschlusskategorien 00–17,Nur zusammenlebender Partner laut F4=01; bereits erreichter Abschluss.,FRAGEBOGEN_TEXTLAYER_BLOCK_MANUELL_GELESEN; ORIGINALSICHT_ENTWURF; KEINE_ZELLENWEISE_VOLLABNAHME; LISTENKARTE_NICHT_VOLLSTAENDIG_MANUELL_ABGENOMMEN_FRAGEBOGEN_TRAEGT_URTEIL,"ESS11-DE Fragebogen PDF/gedruckte Seiten 73|74, Originalblock F44a; Listenheft Liste 82a, PDF-Seite 85","Erhebt beruflicher/Hochschulabschluss des Partners/der Partnerin. Persönliche/familiäre Lebensangabe beziehungsweise eigene Tätigkeit, keine gesellschaftliche Streitposition oder ausdrückliche Wertorientierung. Offene Codierungen in der Originalsicht werden hier nicht vervollständigt.",KEINE,Kein durchgehender höherer Pol über verschiedene Ausbildungswege/Abschlussarten.,ENTWURF_TEXTBLOCK_AUTOMATISCH,ENTWURF_VERTIKALE_CODES_LABELZEILEN_NACHPRUEFEN,be6fbca3efbe18a062a6ae96d242a7f79e02b511bd5fcf03d448943bb3a5ae75,Codex Methoden-Erstbewertung 2,6d6bad17cd27ee92dc402cf5e7ef67df4de582a50a3dcdbc3aacb76c4d883501
F45a,F45a,NEIN,Nominale Status-/Tätigkeitsarten; Mehrfachnennung,Nur zusammenlebender Partner laut F4=01; letzte sieben Tage.,FRAGEBOGEN_TEXTLAYER_BLOCK_MANUELL_GELESEN; ORIGINALSICHT_ENTWURF; KEINE_ZELLENWEISE_VOLLABNAHME; LISTENKARTE_NICHT_VOLLSTAENDIG_MANUELL_ABGENOMMEN_FRAGEBOGEN_TRAEGT_URTEIL,"ESS11-DE Fragebogen PDF/gedruckte Seiten 75, Originalblock F45a; Listenheft Liste 83, PDF-Seite 86","Erhebt Tätigkeiten und Erwerbssituation des Partners/der Partnerin. Persönliche/familiäre Lebensangabe beziehungsweise eigene Tätigkeit, keine gesellschaftliche Streitposition oder ausdrückliche Wertorientierung. Offene Codierungen in der Originalsicht werden hier nicht vervollständigt.",KEINE,Kein einheitlicher höherer Pol; die Zahlen bezeichnen Kategorien.,ENTWURF_TEXTBLOCK_AUTOMATISCH,ENTWURF_VERTIKALE_CODES_LABELZEILEN_NACHPRUEFEN,be6fbca3efbe18a062a6ae96d242a7f79e02b511bd5fcf03d448943bb3a5ae75,Codex Methoden-Erstbewertung 2,6d6bad17cd27ee92dc402cf5e7ef67df4de582a50a3dcdbc3aacb76c4d883501
F45c,F45c,NEIN,Nominaler Hauptstatus,Nur mehrere Nennungen in F45a.,FRAGEBOGEN_TEXTLAYER_BLOCK_MANUELL_GELESEN; ORIGINALSICHT_ENTWURF; KEINE_ZELLENWEISE_VOLLABNAHME; LISTENKARTE_NICHT_VOLLSTAENDIG_MANUELL_ABGENOMMEN_FRAGEBOGEN_TRAEGT_URTEIL,"ESS11-DE Fragebogen PDF/gedruckte Seiten 75, Originalblock F45c; Listenheft Liste 83, PDF-Seite 86","Erhebt Hauptstatus des Partners/der Partnerin. Persönliche/familiäre Lebensangabe beziehungsweise eigene Tätigkeit, keine gesellschaftliche Streitposition oder ausdrückliche Wertorientierung. Offene Codierungen in der Originalsicht werden hier nicht vervollständigt.",KEINE,Kein einheitlicher höherer Pol; die Zahlen bezeichnen Kategorien.,ENTWURF_TEXTBLOCK_AUTOMATISCH,ENTWURF_VERTIKALE_CODES_LABELZEILEN_NACHPRUEFEN,be6fbca3efbe18a062a6ae96d242a7f79e02b511bd5fcf03d448943bb3a5ae75,Codex Methoden-Erstbewertung 2,6d6bad17cd27ee92dc402cf5e7ef67df4de582a50a3dcdbc3aacb76c4d883501
F46,F46,NEIN,Dichotome Erwerbstätigkeit,Nur F45a≠01.,FRAGEBOGEN_TEXTLAYER_BLOCK_MANUELL_GELESEN; ORIGINALSICHT_ENTWURF; KEINE_ZELLENWEISE_VOLLABNAHME,"ESS11-DE Fragebogen PDF/gedruckte Seiten 76, Originalblock F46","Erhebt bezahlte Tätigkeit des Partners/der Partnerin. Persönliche/familiäre Lebensangabe beziehungsweise eigene Tätigkeit, keine gesellschaftliche Streitposition oder ausdrückliche Wertorientierung. Offene Codierungen in der Originalsicht werden hier nicht vervollständigt.",KEINE,Kein einheitlicher höherer Pol; die Zahlen bezeichnen Kategorien.,ENTWURF_TEXTBLOCK_AUTOMATISCH,ENTWURF_VERTIKALE_CODES_LABELZEILEN_NACHPRUEFEN,be6fbca3efbe18a062a6ae96d242a7f79e02b511bd5fcf03d448943bb3a5ae75,Codex Methoden-Erstbewertung 2,6d6bad17cd27ee92dc402cf5e7ef67df4de582a50a3dcdbc3aacb76c4d883501
F47,F47,NEIN,Offene nominale Berufsbezeichnung,Nur F45a=01 oder F46=1; Hauptberuf des Partners.,FRAGEBOGEN_TEXTLAYER_BLOCK_MANUELL_GELESEN; ORIGINALSICHT_ENTWURF; KEINE_ZELLENWEISE_VOLLABNAHME,"ESS11-DE Fragebogen PDF/gedruckte Seiten 76, Originalblock F47","Erhebt Berufsbezeichnung des Partners/der Partnerin. Persönliche/familiäre Lebensangabe beziehungsweise eigene Tätigkeit, keine gesellschaftliche Streitposition oder ausdrückliche Wertorientierung. Offene Codierungen in der Originalsicht werden hier nicht vervollständigt.",KEINE,Kein einheitlicher höherer Pol; die Zahlen bezeichnen Kategorien.,ENTWURF_TEXTBLOCK_AUTOMATISCH,OFFEN_ORIGINALANTWORTBLOCK_NOCH_NICHT_ZELLENWEISE,be6fbca3efbe18a062a6ae96d242a7f79e02b511bd5fcf03d448943bb3a5ae75,Codex Methoden-Erstbewertung 2,6d6bad17cd27ee92dc402cf5e7ef67df4de582a50a3dcdbc3aacb76c4d883501
F48,F48,NEIN,Offene nominale Tätigkeitsbeschreibung,Nur F45a=01 oder F46=1; Hauptberuf des Partners.,FRAGEBOGEN_TEXTLAYER_BLOCK_MANUELL_GELESEN; ORIGINALSICHT_ENTWURF; KEINE_ZELLENWEISE_VOLLABNAHME,"ESS11-DE Fragebogen PDF/gedruckte Seiten 76, Originalblock F48","Erhebt Tätigkeiten im Hauptberuf des Partners/der Partnerin. Persönliche/familiäre Lebensangabe beziehungsweise eigene Tätigkeit, keine gesellschaftliche Streitposition oder ausdrückliche Wertorientierung. Offene Codierungen in der Originalsicht werden hier nicht vervollständigt.",KEINE,Kein einheitlicher höherer Pol; die Zahlen bezeichnen Kategorien.,ENTWURF_TEXTBLOCK_AUTOMATISCH,OFFEN_ORIGINALANTWORTBLOCK_NOCH_NICHT_ZELLENWEISE,be6fbca3efbe18a062a6ae96d242a7f79e02b511bd5fcf03d448943bb3a5ae75,Codex Methoden-Erstbewertung 2,6d6bad17cd27ee92dc402cf5e7ef67df4de582a50a3dcdbc3aacb76c4d883501
F49,F49,NEIN,Offene nominale Qualifikationsbeschreibung,Nur F45a=01 oder F46=1; Hauptberuf des Partners.,FRAGEBOGEN_TEXTLAYER_BLOCK_MANUELL_GELESEN; ORIGINALSICHT_ENTWURF; KEINE_ZELLENWEISE_VOLLABNAHME,"ESS11-DE Fragebogen PDF/gedruckte Seiten 76, Originalblock F49","Erhebt erforderliche Qualifikationen des Partners/der Partnerin. Persönliche/familiäre Lebensangabe beziehungsweise eigene Tätigkeit, keine gesellschaftliche Streitposition oder ausdrückliche Wertorientierung. Offene Codierungen in der Originalsicht werden hier nicht vervollständigt.",KEINE,Kein einheitlicher höherer Pol; die Zahlen bezeichnen Kategorien.,ENTWURF_TEXTBLOCK_AUTOMATISCH,OFFEN_ORIGINALANTWORTBLOCK_NOCH_NICHT_ZELLENWEISE,be6fbca3efbe18a062a6ae96d242a7f79e02b511bd5fcf03d448943bb3a5ae75,Codex Methoden-Erstbewertung 2,6d6bad17cd27ee92dc402cf5e7ef67df4de582a50a3dcdbc3aacb76c4d883501
F50,F50,NEIN,Nominales Beschäftigungsverhältnis,Nur F45a=01 oder F46=1.,FRAGEBOGEN_TEXTLAYER_BLOCK_MANUELL_GELESEN; ORIGINALSICHT_ENTWURF; KEINE_ZELLENWEISE_VOLLABNAHME,"ESS11-DE Fragebogen PDF/gedruckte Seiten 77, Originalblock F50","Erhebt Beschäftigungsstatus des Partners/der Partnerin. Persönliche/familiäre Lebensangabe beziehungsweise eigene Tätigkeit, keine gesellschaftliche Streitposition oder ausdrückliche Wertorientierung. Offene Codierungen in der Originalsicht werden hier nicht vervollständigt.",KEINE,Kein einheitlicher höherer Pol; die Zahlen bezeichnen Kategorien.,ENTWURF_TEXTBLOCK_AUTOMATISCH,ENTWURF_VERTIKALE_CODES_LABELZEILEN_NACHPRUEFEN,be6fbca3efbe18a062a6ae96d242a7f79e02b511bd5fcf03d448943bb3a5ae75,Codex Methoden-Erstbewertung 2,6d6bad17cd27ee92dc402cf5e7ef67df4de582a50a3dcdbc3aacb76c4d883501
F51,F51,NEIN,Offene Stunden 0–168,Nur F45a=01 oder F46=1.,FRAGEBOGEN_TEXTLAYER_BLOCK_MANUELL_GELESEN; ORIGINALSICHT_ENTWURF; KEINE_ZELLENWEISE_VOLLABNAHME,"ESS11-DE Fragebogen PDF/gedruckte Seiten 77|78, Originalblock F51","Erhebt Arbeitszeit des Partners/der Partnerin. Persönliche/familiäre Lebensangabe beziehungsweise eigene Tätigkeit, keine gesellschaftliche Streitposition oder ausdrückliche Wertorientierung. Offene Codierungen in der Originalsicht werden hier nicht vervollständigt.",STEIGEND,Mehr tatsächliche Wochenarbeitsstunden des Partners/der Partnerin.,ENTWURF_TEXTBLOCK_AUTOMATISCH,OFFEN_ORIGINALANTWORTBLOCK_NOCH_NICHT_ZELLENWEISE,be6fbca3efbe18a062a6ae96d242a7f79e02b511bd5fcf03d448943bb3a5ae75,Codex Methoden-Erstbewertung 2,6d6bad17cd27ee92dc402cf5e7ef67df4de582a50a3dcdbc3aacb76c4d883501
F52,F52,NEIN,Schulabschlussklassen 00–05,An alle; deutscher Entsprechungsabschluss.,FRAGEBOGEN_TEXTLAYER_BLOCK_MANUELL_GELESEN; ORIGINALSICHT_ENTWURF; KEINE_ZELLENWEISE_VOLLABNAHME; LISTENKARTE_NICHT_VOLLSTAENDIG_MANUELL_ABGENOMMEN_FRAGEBOGEN_TRAEGT_URTEIL,"ESS11-DE Fragebogen PDF/gedruckte Seiten 78, Originalblock F52; Listenheft Liste 84, PDF-Seite 87","Erhebt Schulabschluss des Vaters. Persönliche/familiäre Lebensangabe beziehungsweise eigene Tätigkeit, keine gesellschaftliche Streitposition oder ausdrückliche Wertorientierung. Offene Codierungen in der Originalsicht werden hier nicht vervollständigt.",STEIGEND,Höherer formal erreichter Schulabschluss des Vaters.,ENTWURF_TEXTBLOCK_AUTOMATISCH,ENTWURF_VERTIKALE_CODES_LABELZEILEN_NACHPRUEFEN,be6fbca3efbe18a062a6ae96d242a7f79e02b511bd5fcf03d448943bb3a5ae75,Codex Methoden-Erstbewertung 2,6d6bad17cd27ee92dc402cf5e7ef67df4de582a50a3dcdbc3aacb76c4d883501
F52a,F52a,NEIN,Berufliche/Hochschulabschlusskategorien 00–17,An alle; bereits erreichter Abschluss.,FRAGEBOGEN_TEXTLAYER_BLOCK_MANUELL_GELESEN; ORIGINALSICHT_ENTWURF; KEINE_ZELLENWEISE_VOLLABNAHME; LISTENKARTE_NICHT_VOLLSTAENDIG_MANUELL_ABGENOMMEN_FRAGEBOGEN_TRAEGT_URTEIL,"ESS11-DE Fragebogen PDF/gedruckte Seiten 78|79, Originalblock F52a; Listenheft Liste 84a, PDF-Seite 88","Erhebt beruflicher/Hochschulabschluss des Vaters. Persönliche/familiäre Lebensangabe beziehungsweise eigene Tätigkeit, keine gesellschaftliche Streitposition oder ausdrückliche Wertorientierung. Offene Codierungen in der Originalsicht werden hier nicht vervollständigt.",KEINE,Kein durchgehender höherer Pol über verschiedene Ausbildungswege/Abschlussarten.,ENTWURF_TEXTBLOCK_AUTOMATISCH,ENTWURF_VERTIKALE_CODES_LABELZEILEN_NACHPRUEFEN,be6fbca3efbe18a062a6ae96d242a7f79e02b511bd5fcf03d448943bb3a5ae75,Codex Methoden-Erstbewertung 2,6d6bad17cd27ee92dc402cf5e7ef67df4de582a50a3dcdbc3aacb76c4d883501
F53,F53,NEIN,Nominaler väterlicher Erwerbsstatus einschließlich fehlender Anwesenheit,An alle; als befragte Person 14 war.,FRAGEBOGEN_TEXTLAYER_BLOCK_MANUELL_GELESEN; ORIGINALSICHT_ENTWURF; KEINE_ZELLENWEISE_VOLLABNAHME,"ESS11-DE Fragebogen PDF/gedruckte Seiten 80, Originalblock F53","Erhebt Erwerbsstatus des Vaters in der eigenen Jugend. Persönliche/familiäre Lebensangabe beziehungsweise eigene Tätigkeit, keine gesellschaftliche Streitposition oder ausdrückliche Wertorientierung. Offene Codierungen in der Originalsicht werden hier nicht vervollständigt.",KEINE,Kein einheitlicher höherer Pol; die Zahlen bezeichnen Kategorien.,ENTWURF_TEXTBLOCK_AUTOMATISCH,ENTWURF_VERTIKALE_CODES_LABELZEILEN_NACHPRUEFEN,be6fbca3efbe18a062a6ae96d242a7f79e02b511bd5fcf03d448943bb3a5ae75,Codex Methoden-Erstbewertung 2,6d6bad17cd27ee92dc402cf5e7ef67df4de582a50a3dcdbc3aacb76c4d883501
F54,F54,NEIN,Nominale Berufstypen,"Nur F53=1,2,8; als befragte Person 14 war.",FRAGEBOGEN_TEXTLAYER_BLOCK_MANUELL_GELESEN; ORIGINALSICHT_ENTWURF; KEINE_ZELLENWEISE_VOLLABNAHME; LISTENKARTE_NICHT_VOLLSTAENDIG_MANUELL_ABGENOMMEN_FRAGEBOGEN_TRAEGT_URTEIL,"ESS11-DE Fragebogen PDF/gedruckte Seiten 80|81, Originalblock F54; Listenheft Liste 85, PDF-Seite 89","Erhebt Berufsart des Vaters in der eigenen Jugend. Persönliche/familiäre Lebensangabe beziehungsweise eigene Tätigkeit, keine gesellschaftliche Streitposition oder ausdrückliche Wertorientierung. Offene Codierungen in der Originalsicht werden hier nicht vervollständigt.",KEINE,Kein einheitlicher höherer Pol; die Zahlen bezeichnen Kategorien.,ENTWURF_TEXTBLOCK_AUTOMATISCH,ENTWURF_VERTIKALE_CODES_LABELZEILEN_NACHPRUEFEN,be6fbca3efbe18a062a6ae96d242a7f79e02b511bd5fcf03d448943bb3a5ae75,Codex Methoden-Erstbewertung 2,6d6bad17cd27ee92dc402cf5e7ef67df4de582a50a3dcdbc3aacb76c4d883501
F55,F55,NEIN,Schulabschlussklassen 00–05,An alle; deutscher Entsprechungsabschluss.,FRAGEBOGEN_TEXTLAYER_BLOCK_MANUELL_GELESEN; ORIGINALSICHT_ENTWURF; KEINE_ZELLENWEISE_VOLLABNAHME; LISTENKARTE_NICHT_VOLLSTAENDIG_MANUELL_ABGENOMMEN_FRAGEBOGEN_TRAEGT_URTEIL,"ESS11-DE Fragebogen PDF/gedruckte Seiten 81, Originalblock F55; Listenheft Liste 86, PDF-Seite 90","Erhebt Schulabschluss der Mutter. Persönliche/familiäre Lebensangabe beziehungsweise eigene Tätigkeit, keine gesellschaftliche Streitposition oder ausdrückliche Wertorientierung. Offene Codierungen in der Originalsicht werden hier nicht vervollständigt.",STEIGEND,Höherer formal erreichter Schulabschluss der Mutter.,ENTWURF_TEXTBLOCK_AUTOMATISCH,ENTWURF_VERTIKALE_CODES_LABELZEILEN_NACHPRUEFEN,be6fbca3efbe18a062a6ae96d242a7f79e02b511bd5fcf03d448943bb3a5ae75,Codex Methoden-Erstbewertung 2,6d6bad17cd27ee92dc402cf5e7ef67df4de582a50a3dcdbc3aacb76c4d883501
F55a,F55a,NEIN,Berufliche/Hochschulabschlusskategorien 00–17,An alle; bereits erreichter Abschluss.,FRAGEBOGEN_TEXTLAYER_BLOCK_MANUELL_GELESEN; ORIGINALSICHT_ENTWURF; KEINE_ZELLENWEISE_VOLLABNAHME; LISTENKARTE_NICHT_VOLLSTAENDIG_MANUELL_ABGENOMMEN_FRAGEBOGEN_TRAEGT_URTEIL,"ESS11-DE Fragebogen PDF/gedruckte Seiten 81|82, Originalblock F55a; Listenheft Liste 86a, PDF-Seite 91","Erhebt beruflicher/Hochschulabschluss der Mutter. Persönliche/familiäre Lebensangabe beziehungsweise eigene Tätigkeit, keine gesellschaftliche Streitposition oder ausdrückliche Wertorientierung. Offene Codierungen in der Originalsicht werden hier nicht vervollständigt.",KEINE,Kein durchgehender höherer Pol über verschiedene Ausbildungswege/Abschlussarten.,ENTWURF_TEXTBLOCK_AUTOMATISCH,ENTWURF_VERTIKALE_CODES_LABELZEILEN_NACHPRUEFEN,be6fbca3efbe18a062a6ae96d242a7f79e02b511bd5fcf03d448943bb3a5ae75,Codex Methoden-Erstbewertung 2,6d6bad17cd27ee92dc402cf5e7ef67df4de582a50a3dcdbc3aacb76c4d883501
F56,F56,NEIN,Nominaler mütterlicher Erwerbsstatus einschließlich fehlender Anwesenheit,An alle; als befragte Person 14 war.,FRAGEBOGEN_TEXTLAYER_BLOCK_MANUELL_GELESEN; ORIGINALSICHT_ENTWURF; KEINE_ZELLENWEISE_VOLLABNAHME,"ESS11-DE Fragebogen PDF/gedruckte Seiten 82, Originalblock F56","Erhebt Erwerbsstatus der Mutter in der eigenen Jugend. Persönliche/familiäre Lebensangabe beziehungsweise eigene Tätigkeit, keine gesellschaftliche Streitposition oder ausdrückliche Wertorientierung. Offene Codierungen in der Originalsicht werden hier nicht vervollständigt.",KEINE,Kein einheitlicher höherer Pol; die Zahlen bezeichnen Kategorien.,ENTWURF_TEXTBLOCK_AUTOMATISCH,ENTWURF_VERTIKALE_CODES_LABELZEILEN_NACHPRUEFEN,be6fbca3efbe18a062a6ae96d242a7f79e02b511bd5fcf03d448943bb3a5ae75,Codex Methoden-Erstbewertung 2,6d6bad17cd27ee92dc402cf5e7ef67df4de582a50a3dcdbc3aacb76c4d883501
F57,F57,NEIN,Nominale Berufstypen,"Nur F56=1,2,8; als befragte Person 14 war.",FRAGEBOGEN_TEXTLAYER_BLOCK_MANUELL_GELESEN; ORIGINALSICHT_ENTWURF; KEINE_ZELLENWEISE_VOLLABNAHME; LISTENHEFT_TEXTLAYER_GELESEN,"ESS11-DE Fragebogen PDF/gedruckte Seiten 82|83, Originalblock F57; Listenheft Liste 87, PDF-Seite 92","Erhebt Berufsart der Mutter in der eigenen Jugend. Persönliche/familiäre Lebensangabe beziehungsweise eigene Tätigkeit, keine gesellschaftliche Streitposition oder ausdrückliche Wertorientierung. Offene Codierungen in der Originalsicht werden hier nicht vervollständigt.",KEINE,Kein einheitlicher höherer Pol; die Zahlen bezeichnen Kategorien.,ENTWURF_TEXTBLOCK_AUTOMATISCH,ENTWURF_VERTIKALE_CODES_LABELZEILEN_NACHPRUEFEN,be6fbca3efbe18a062a6ae96d242a7f79e02b511bd5fcf03d448943bb3a5ae75,Codex Methoden-Erstbewertung 2,6d6bad17cd27ee92dc402cf5e7ef67df4de582a50a3dcdbc3aacb76c4d883501
F58,F58,NEIN,Dichotome Weiterbildungsteilnahme,An alle; vergangene zwölf Monate.,FRAGEBOGEN_TEXTLAYER_BLOCK_MANUELL_GELESEN; ORIGINALSICHT_ENTWURF; KEINE_ZELLENWEISE_VOLLABNAHME,"ESS11-DE Fragebogen PDF/gedruckte Seiten 83, Originalblock F58","Erhebt eigene Teilnahme an beruflicher Weiterbildung. Persönliche/familiäre Lebensangabe beziehungsweise eigene Tätigkeit, keine gesellschaftliche Streitposition oder ausdrückliche Wertorientierung. Offene Codierungen in der Originalsicht werden hier nicht vervollständigt.",KEINE,Kein einheitlicher höherer Pol; die Zahlen bezeichnen Kategorien.,ENTWURF_TEXTBLOCK_AUTOMATISCH,ENTWURF_VERTIKALE_CODES_LABELZEILEN_NACHPRUEFEN,be6fbca3efbe18a062a6ae96d242a7f79e02b511bd5fcf03d448943bb3a5ae75,Codex Methoden-Erstbewertung 2,6d6bad17cd27ee92dc402cf5e7ef67df4de582a50a3dcdbc3aacb76c4d883501
F59,F59,NEIN,Nominale familiäre Herkunft; maximal zwei,An alle; Priorität nach Originalregel bei mehr als zwei Angaben.,FRAGEBOGEN_TEXTLAYER_BLOCK_MANUELL_GELESEN; ORIGINALSICHT_ENTWURF; KEINE_ZELLENWEISE_VOLLABNAHME; LISTENHEFT_TEXTLAYER_GELESEN,"ESS11-DE Fragebogen PDF/gedruckte Seiten 84|85, Originalblock F59; Listenheft Liste 88, PDF-Seite 93","Erhebt eigene familiäre Herkunft. Persönliche/familiäre Lebensangabe beziehungsweise eigene Tätigkeit, keine gesellschaftliche Streitposition oder ausdrückliche Wertorientierung. Offene Codierungen in der Originalsicht werden hier nicht vervollständigt.",KEINE,Kein einheitlicher höherer Pol; die Zahlen bezeichnen Kategorien.,ENTWURF_TEXTBLOCK_AUTOMATISCH,OFFEN_ORIGINALANTWORTBLOCK_NOCH_NICHT_ZELLENWEISE,be6fbca3efbe18a062a6ae96d242a7f79e02b511bd5fcf03d448943bb3a5ae75,Codex Methoden-Erstbewertung 2,6d6bad17cd27ee92dc402cf5e7ef67df4de582a50a3dcdbc3aacb76c4d883501
H1,H1,NEIN,Blockeinleitung ohne eigenen Antwortwert,"Nur E1=1; Liste 89, Antwort jeweils auf A–U.",FRAGEBOGEN_TEXTLAYER_BLOCK_MANUELL_GELESEN; ORIGINALSICHT_ENTWURF; KEINE_ZELLENWEISE_VOLLABNAHME; LISTENHEFT_TEXTLAYER_GELESEN,"ESS11-DE Fragebogen PDF/gedruckte Seiten 85|86|87|88|89, Originalblock H1; Listenheft Liste 89, PDF-Seite 94","Anweisung zu 21 Portraiturteilen, keine zusätzliche Wertfrage neben den Unteridentitäten. Keine unabhängige Messung durch den Blockkopf.",KEINE,Kein eigener höherer Pol einer Blockeinleitung.,ENTWURF_TEXTBLOCK_AUTOMATISCH,OFFEN_ORIGINALANTWORTBLOCK_NOCH_NICHT_ZELLENWEISE,be6fbca3efbe18a062a6ae96d242a7f79e02b511bd5fcf03d448943bb3a5ae75,Codex Methoden-Erstbewertung 2,6d6bad17cd27ee92dc402cf5e7ef67df4de582a50a3dcdbc3aacb76c4d883501
H1.A,H1.A,JA,Portraitähnlichkeit 1–6,Nur E1=1; männlich formuliertes Portrait. 77/88 keine Pole.,FRAGEBOGEN_TEXTLAYER_BLOCK_MANUELL_GELESEN; ORIGINALSICHT_ENTWURF; KEINE_ZELLENWEISE_VOLLABNAHME; LISTENHEFT_TEXTLAYER_GELESEN,"ESS11-DE Fragebogen PDF/gedruckte Seiten 85, Originalblock H1.A; Listenheft Liste 89, PDF-Seite 94","Das Originalportrait beschreibt eine persönliche Wert-/Wunschorientierung: neue Ideen entwickeln, kreativ sein und Dinge auf eigene originelle Weise tun. Das Ähnlichkeitsurteil erfüllt nur diese Grundregel. Es belegt keine relative Wertpriorität, kein Gegenkonstrukt und keine zusätzliche Dimension durch die parallele H-Formulierung.",FALLEND,"Mehr Ähnlichkeit mit der beschriebenen Person, die neue Ideen entwickeln, kreativ sein und Dinge auf eigene originelle Weise tun.",ENTWURF_TABELLENZELLE,ENTWURF_TABELLENKOPF_UND_ZEILE,be6fbca3efbe18a062a6ae96d242a7f79e02b511bd5fcf03d448943bb3a5ae75,Codex Methoden-Erstbewertung 2,6d6bad17cd27ee92dc402cf5e7ef67df4de582a50a3dcdbc3aacb76c4d883501
H1.B,H1.B,JA,Portraitähnlichkeit 1–6,Nur E1=1; männlich formuliertes Portrait. 77/88 keine Pole.,FRAGEBOGEN_TEXTLAYER_BLOCK_MANUELL_GELESEN; ORIGINALSICHT_ENTWURF; KEINE_ZELLENWEISE_VOLLABNAHME; LISTENHEFT_TEXTLAYER_GELESEN,"ESS11-DE Fragebogen PDF/gedruckte Seiten 85, Originalblock H1.B; Listenheft Liste 89, PDF-Seite 94","Das Originalportrait beschreibt eine persönliche Wert-/Wunschorientierung: reich sein, viel Geld haben und teure Sachen besitzen. Das Ähnlichkeitsurteil erfüllt nur diese Grundregel. Es belegt keine relative Wertpriorität, kein Gegenkonstrukt und keine zusätzliche Dimension durch die parallele H-Formulierung.",FALLEND,"Mehr Ähnlichkeit mit der beschriebenen Person, die reich sein, viel Geld haben und teure Sachen besitzen.",ENTWURF_TABELLENZELLE,ENTWURF_TABELLENKOPF_UND_ZEILE,be6fbca3efbe18a062a6ae96d242a7f79e02b511bd5fcf03d448943bb3a5ae75,Codex Methoden-Erstbewertung 2,6d6bad17cd27ee92dc402cf5e7ef67df4de582a50a3dcdbc3aacb76c4d883501
H1.C,H1.C,JA,Portraitähnlichkeit 1–6,Nur E1=1; männlich formuliertes Portrait. 77/88 keine Pole.,FRAGEBOGEN_TEXTLAYER_BLOCK_MANUELL_GELESEN; ORIGINALSICHT_ENTWURF; KEINE_ZELLENWEISE_VOLLABNAHME; LISTENHEFT_TEXTLAYER_GELESEN,"ESS11-DE Fragebogen PDF/gedruckte Seiten 85, Originalblock H1.C; Listenheft Liste 89, PDF-Seite 94","Das Originalportrait beschreibt eine persönliche Wert-/Wunschorientierung: weltweite Gleichbehandlung und gleiche Lebenschancen für jeden Menschen wünschen. Das Ähnlichkeitsurteil erfüllt nur diese Grundregel. Es belegt keine relative Wertpriorität, kein Gegenkonstrukt und keine zusätzliche Dimension durch die parallele H-Formulierung.",FALLEND,"Mehr Ähnlichkeit mit der beschriebenen Person, die weltweite Gleichbehandlung und gleiche Lebenschancen für jeden Menschen wünschen.",ENTWURF_TABELLENZELLE,ENTWURF_TABELLENKOPF_UND_ZEILE,be6fbca3efbe18a062a6ae96d242a7f79e02b511bd5fcf03d448943bb3a5ae75,Codex Methoden-Erstbewertung 2,6d6bad17cd27ee92dc402cf5e7ef67df4de582a50a3dcdbc3aacb76c4d883501
H1.D,H1.D,JA,Portraitähnlichkeit 1–6,Nur E1=1; männlich formuliertes Portrait. 77/88 keine Pole.,FRAGEBOGEN_TEXTLAYER_BLOCK_MANUELL_GELESEN; ORIGINALSICHT_ENTWURF; KEINE_ZELLENWEISE_VOLLABNAHME; LISTENHEFT_TEXTLAYER_GELESEN,"ESS11-DE Fragebogen PDF/gedruckte Seiten 85, Originalblock H1.D; Listenheft Liste 89, PDF-Seite 94","Das Originalportrait beschreibt eine persönliche Wert-/Wunschorientierung: eigene Fähigkeiten zeigen und Bewunderung für das eigene Tun wünschen. Das Ähnlichkeitsurteil erfüllt nur diese Grundregel. Es belegt keine relative Wertpriorität, kein Gegenkonstrukt und keine zusätzliche Dimension durch die parallele H-Formulierung.",FALLEND,"Mehr Ähnlichkeit mit der beschriebenen Person, die eigene Fähigkeiten zeigen und Bewunderung für das eigene Tun wünschen.",ENTWURF_TABELLENZELLE,ENTWURF_TABELLENKOPF_UND_ZEILE,be6fbca3efbe18a062a6ae96d242a7f79e02b511bd5fcf03d448943bb3a5ae75,Codex Methoden-Erstbewertung 2,6d6bad17cd27ee92dc402cf5e7ef67df4de582a50a3dcdbc3aacb76c4d883501
H1.E,H1.E,JA,Portraitähnlichkeit 1–6,Nur E1=1; männlich formuliertes Portrait. 77/88 keine Pole.,FRAGEBOGEN_TEXTLAYER_BLOCK_MANUELL_GELESEN; ORIGINALSICHT_ENTWURF; KEINE_ZELLENWEISE_VOLLABNAHME; LISTENHEFT_TEXTLAYER_GELESEN,"ESS11-DE Fragebogen PDF/gedruckte Seiten 85, Originalblock H1.E; Listenheft Liste 89, PDF-Seite 94","Das Originalportrait beschreibt eine persönliche Wert-/Wunschorientierung: in einem sicheren Umfeld leben und die eigene Sicherheit gefährdende Dinge vermeiden. Das Ähnlichkeitsurteil erfüllt nur diese Grundregel. Es belegt keine relative Wertpriorität, kein Gegenkonstrukt und keine zusätzliche Dimension durch die parallele H-Formulierung.",FALLEND,"Mehr Ähnlichkeit mit der beschriebenen Person, die in einem sicheren Umfeld leben und die eigene Sicherheit gefährdende Dinge vermeiden.",ENTWURF_TABELLENZELLE,ENTWURF_TABELLENKOPF_UND_ZEILE,be6fbca3efbe18a062a6ae96d242a7f79e02b511bd5fcf03d448943bb3a5ae75,Codex Methoden-Erstbewertung 2,6d6bad17cd27ee92dc402cf5e7ef67df4de582a50a3dcdbc3aacb76c4d883501
H1.F,H1.F,JA,Portraitähnlichkeit 1–6,Nur E1=1; männlich formuliertes Portrait. 77/88 keine Pole.,FRAGEBOGEN_TEXTLAYER_BLOCK_MANUELL_GELESEN; ORIGINALSICHT_ENTWURF; KEINE_ZELLENWEISE_VOLLABNAHME; LISTENHEFT_TEXTLAYER_GELESEN,"ESS11-DE Fragebogen PDF/gedruckte Seiten 86, Originalblock H1.F; Listenheft Liste 89, PDF-Seite 94","Das Originalportrait beschreibt eine persönliche Wert-/Wunschorientierung: Überraschungen/neue Aktivitäten mögen und Abwechslung wichtig finden. Das Ähnlichkeitsurteil erfüllt nur diese Grundregel. Es belegt keine relative Wertpriorität, kein Gegenkonstrukt und keine zusätzliche Dimension durch die parallele H-Formulierung.",FALLEND,"Mehr Ähnlichkeit mit der beschriebenen Person, die Überraschungen/neue Aktivitäten mögen und Abwechslung wichtig finden.",ENTWURF_TABELLENZELLE,ENTWURF_TABELLENKOPF_UND_ZEILE,be6fbca3efbe18a062a6ae96d242a7f79e02b511bd5fcf03d448943bb3a5ae75,Codex Methoden-Erstbewertung 2,6d6bad17cd27ee92dc402cf5e7ef67df4de582a50a3dcdbc3aacb76c4d883501
H1.G,H1.G,JA,Portraitähnlichkeit 1–6,Nur E1=1; männlich formuliertes Portrait. 77/88 keine Pole.,FRAGEBOGEN_TEXTLAYER_BLOCK_MANUELL_GELESEN; ORIGINALSICHT_ENTWURF; KEINE_ZELLENWEISE_VOLLABNAHME; LISTENHEFT_TEXTLAYER_GELESEN,"ESS11-DE Fragebogen PDF/gedruckte Seiten 86, Originalblock H1.G; Listenheft Liste 89, PDF-Seite 94","Das Originalportrait beschreibt eine persönliche Wert-/Wunschorientierung: tun, was einem gesagt wird, und immer Regeln befolgen, auch ohne Beobachtung. Das Ähnlichkeitsurteil erfüllt nur diese Grundregel. Es belegt keine relative Wertpriorität, kein Gegenkonstrukt und keine zusätzliche Dimension durch die parallele H-Formulierung.",FALLEND,"Mehr Ähnlichkeit mit der beschriebenen Person, die tun, was einem gesagt wird, und immer Regeln befolgen, auch ohne Beobachtung.",ENTWURF_TABELLENZELLE,ENTWURF_TABELLENKOPF_UND_ZEILE,be6fbca3efbe18a062a6ae96d242a7f79e02b511bd5fcf03d448943bb3a5ae75,Codex Methoden-Erstbewertung 2,6d6bad17cd27ee92dc402cf5e7ef67df4de582a50a3dcdbc3aacb76c4d883501
H1.H,H1.H,JA,Portraitähnlichkeit 1–6,Nur E1=1; männlich formuliertes Portrait. 77/88 keine Pole.,FRAGEBOGEN_TEXTLAYER_BLOCK_MANUELL_GELESEN; ORIGINALSICHT_ENTWURF; KEINE_ZELLENWEISE_VOLLABNAHME; LISTENHEFT_TEXTLAYER_GELESEN,"ESS11-DE Fragebogen PDF/gedruckte Seiten 86, Originalblock H1.H; Listenheft Liste 89, PDF-Seite 94","Das Originalportrait beschreibt eine persönliche Wert-/Wunschorientierung: andersartigen Menschen zuhören und sie trotz anderer Meinung verstehen wollen. Das Ähnlichkeitsurteil erfüllt nur diese Grundregel. Es belegt keine relative Wertpriorität, kein Gegenkonstrukt und keine zusätzliche Dimension durch die parallele H-Formulierung.",FALLEND,"Mehr Ähnlichkeit mit der beschriebenen Person, die andersartigen Menschen zuhören und sie trotz anderer Meinung verstehen wollen.",ENTWURF_TABELLENZELLE,ENTWURF_TABELLENKOPF_UND_ZEILE,be6fbca3efbe18a062a6ae96d242a7f79e02b511bd5fcf03d448943bb3a5ae75,Codex Methoden-Erstbewertung 2,6d6bad17cd27ee92dc402cf5e7ef67df4de582a50a3dcdbc3aacb76c4d883501
H1.I,H1.I,JA,Portraitähnlichkeit 1–6,Nur E1=1; männlich formuliertes Portrait. 77/88 keine Pole.,FRAGEBOGEN_TEXTLAYER_BLOCK_MANUELL_GELESEN; ORIGINALSICHT_ENTWURF; KEINE_ZELLENWEISE_VOLLABNAHME; LISTENHEFT_TEXTLAYER_GELESEN,"ESS11-DE Fragebogen PDF/gedruckte Seiten 86, Originalblock H1.I; Listenheft Liste 89, PDF-Seite 94","Das Originalportrait beschreibt eine persönliche Wert-/Wunschorientierung: zurückhaltend und bescheiden sein und Aufmerksamkeit vermeiden. Das Ähnlichkeitsurteil erfüllt nur diese Grundregel. Es belegt keine relative Wertpriorität, kein Gegenkonstrukt und keine zusätzliche Dimension durch die parallele H-Formulierung.",FALLEND,"Mehr Ähnlichkeit mit der beschriebenen Person, die zurückhaltend und bescheiden sein und Aufmerksamkeit vermeiden.",ENTWURF_TABELLENZELLE,ENTWURF_TABELLENKOPF_UND_ZEILE,be6fbca3efbe18a062a6ae96d242a7f79e02b511bd5fcf03d448943bb3a5ae75,Codex Methoden-Erstbewertung 2,6d6bad17cd27ee92dc402cf5e7ef67df4de582a50a3dcdbc3aacb76c4d883501
H1.J,H1.J,JA,Portraitähnlichkeit 1–6,Nur E1=1; männlich formuliertes Portrait. 77/88 keine Pole.,FRAGEBOGEN_TEXTLAYER_BLOCK_MANUELL_GELESEN; ORIGINALSICHT_ENTWURF; KEINE_ZELLENWEISE_VOLLABNAHME; LISTENHEFT_TEXTLAYER_GELESEN,"ESS11-DE Fragebogen PDF/gedruckte Seiten 86, Originalblock H1.J; Listenheft Liste 89, PDF-Seite 94","Das Originalportrait beschreibt eine persönliche Wert-/Wunschorientierung: Spaß wichtig finden und sich selbst gern etwas gönnen. Das Ähnlichkeitsurteil erfüllt nur diese Grundregel. Es belegt keine relative Wertpriorität, kein Gegenkonstrukt und keine zusätzliche Dimension durch die parallele H-Formulierung.",FALLEND,"Mehr Ähnlichkeit mit der beschriebenen Person, die Spaß wichtig finden und sich selbst gern etwas gönnen.",ENTWURF_TABELLENZELLE,ENTWURF_TABELLENKOPF_UND_ZEILE,be6fbca3efbe18a062a6ae96d242a7f79e02b511bd5fcf03d448943bb3a5ae75,Codex Methoden-Erstbewertung 2,6d6bad17cd27ee92dc402cf5e7ef67df4de582a50a3dcdbc3aacb76c4d883501
H1.K,H1.K,JA,Portraitähnlichkeit 1–6,Nur E1=1; männlich formuliertes Portrait. 77/88 keine Pole.,FRAGEBOGEN_TEXTLAYER_BLOCK_MANUELL_GELESEN; ORIGINALSICHT_ENTWURF; KEINE_ZELLENWEISE_VOLLABNAHME; LISTENHEFT_TEXTLAYER_GELESEN,"ESS11-DE Fragebogen PDF/gedruckte Seiten 87, Originalblock H1.K; Listenheft Liste 89, PDF-Seite 94","Das Originalportrait beschreibt eine persönliche Wert-/Wunschorientierung: selbst entscheiden sowie frei und unabhängig von anderen sein. Das Ähnlichkeitsurteil erfüllt nur diese Grundregel. Es belegt keine relative Wertpriorität, kein Gegenkonstrukt und keine zusätzliche Dimension durch die parallele H-Formulierung.",FALLEND,"Mehr Ähnlichkeit mit der beschriebenen Person, die selbst entscheiden sowie frei und unabhängig von anderen sein.",ENTWURF_TABELLENZELLE,ENTWURF_TABELLENKOPF_UND_ZEILE,be6fbca3efbe18a062a6ae96d242a7f79e02b511bd5fcf03d448943bb3a5ae75,Codex Methoden-Erstbewertung 2,6d6bad17cd27ee92dc402cf5e7ef67df4de582a50a3dcdbc3aacb76c4d883501
H1.L,H1.L,JA,Portraitähnlichkeit 1–6,Nur E1=1; männlich formuliertes Portrait. 77/88 keine Pole.,FRAGEBOGEN_TEXTLAYER_BLOCK_MANUELL_GELESEN; ORIGINALSICHT_ENTWURF; KEINE_ZELLENWEISE_VOLLABNAHME; LISTENHEFT_TEXTLAYER_GELESEN,"ESS11-DE Fragebogen PDF/gedruckte Seiten 87, Originalblock H1.L; Listenheft Liste 89, PDF-Seite 94","Das Originalportrait beschreibt eine persönliche Wert-/Wunschorientierung: Menschen im eigenen Umfeld helfen und für ihr Wohl sorgen. Das Ähnlichkeitsurteil erfüllt nur diese Grundregel. Es belegt keine relative Wertpriorität, kein Gegenkonstrukt und keine zusätzliche Dimension durch die parallele H-Formulierung.",FALLEND,"Mehr Ähnlichkeit mit der beschriebenen Person, die Menschen im eigenen Umfeld helfen und für ihr Wohl sorgen.",ENTWURF_TABELLENZELLE,ENTWURF_TABELLENKOPF_UND_ZEILE,be6fbca3efbe18a062a6ae96d242a7f79e02b511bd5fcf03d448943bb3a5ae75,Codex Methoden-Erstbewertung 2,6d6bad17cd27ee92dc402cf5e7ef67df4de582a50a3dcdbc3aacb76c4d883501
H1.M,H1.M,JA,Portraitähnlichkeit 1–6,Nur E1=1; männlich formuliertes Portrait. 77/88 keine Pole.,FRAGEBOGEN_TEXTLAYER_BLOCK_MANUELL_GELESEN; ORIGINALSICHT_ENTWURF; KEINE_ZELLENWEISE_VOLLABNAHME; LISTENHEFT_TEXTLAYER_GELESEN,"ESS11-DE Fragebogen PDF/gedruckte Seiten 87, Originalblock H1.M; Listenheft Liste 89, PDF-Seite 94","Das Originalportrait beschreibt eine persönliche Wert-/Wunschorientierung: sehr erfolgreich sein und Anerkennung eigener Leistungen wünschen. Das Ähnlichkeitsurteil erfüllt nur diese Grundregel. Es belegt keine relative Wertpriorität, kein Gegenkonstrukt und keine zusätzliche Dimension durch die parallele H-Formulierung.",FALLEND,"Mehr Ähnlichkeit mit der beschriebenen Person, die sehr erfolgreich sein und Anerkennung eigener Leistungen wünschen.",ENTWURF_TABELLENZELLE,ENTWURF_TABELLENKOPF_UND_ZEILE,be6fbca3efbe18a062a6ae96d242a7f79e02b511bd5fcf03d448943bb3a5ae75,Codex Methoden-Erstbewertung 2,6d6bad17cd27ee92dc402cf5e7ef67df4de582a50a3dcdbc3aacb76c4d883501
H1.N,H1.N,JA,Portraitähnlichkeit 1–6,Nur E1=1; männlich formuliertes Portrait. 77/88 keine Pole.,FRAGEBOGEN_TEXTLAYER_BLOCK_MANUELL_GELESEN; ORIGINALSICHT_ENTWURF; KEINE_ZELLENWEISE_VOLLABNAHME; LISTENHEFT_TEXTLAYER_GELESEN,"ESS11-DE Fragebogen PDF/gedruckte Seiten 87, Originalblock H1.N; Listenheft Liste 89, PDF-Seite 94","Das Originalportrait beschreibt eine persönliche Wert-/Wunschorientierung: einen starken Staat wollen, der persönliche Sicherheit vor allen Bedrohungen gewährleistet und Bürger verteidigt. Das Ähnlichkeitsurteil erfüllt nur diese Grundregel. Es belegt keine relative Wertpriorität, kein Gegenkonstrukt und keine zusätzliche Dimension durch die parallele H-Formulierung.",FALLEND,"Mehr Ähnlichkeit mit der beschriebenen Person, die einen starken Staat wollen, der persönliche Sicherheit vor allen Bedrohungen gewährleistet und Bürger verteidigt.",ENTWURF_TABELLENZELLE,ENTWURF_TABELLENKOPF_UND_ZEILE,be6fbca3efbe18a062a6ae96d242a7f79e02b511bd5fcf03d448943bb3a5ae75,Codex Methoden-Erstbewertung 2,6d6bad17cd27ee92dc402cf5e7ef67df4de582a50a3dcdbc3aacb76c4d883501
H1.O,H1.O,JA,Portraitähnlichkeit 1–6,Nur E1=1; männlich formuliertes Portrait. 77/88 keine Pole.,FRAGEBOGEN_TEXTLAYER_BLOCK_MANUELL_GELESEN; ORIGINALSICHT_ENTWURF; KEINE_ZELLENWEISE_VOLLABNAHME; LISTENHEFT_TEXTLAYER_GELESEN,"ESS11-DE Fragebogen PDF/gedruckte Seiten 87, Originalblock H1.O; Listenheft Liste 89, PDF-Seite 94","Das Originalportrait beschreibt eine persönliche Wert-/Wunschorientierung: Abenteuer/Risiken suchen und ein aufregendes Leben wollen. Das Ähnlichkeitsurteil erfüllt nur diese Grundregel. Es belegt keine relative Wertpriorität, kein Gegenkonstrukt und keine zusätzliche Dimension durch die parallele H-Formulierung.",FALLEND,"Mehr Ähnlichkeit mit der beschriebenen Person, die Abenteuer/Risiken suchen und ein aufregendes Leben wollen.",ENTWURF_TABELLENZELLE,ENTWURF_TABELLENKOPF_UND_ZEILE,be6fbca3efbe18a062a6ae96d242a7f79e02b511bd5fcf03d448943bb3a5ae75,Codex Methoden-Erstbewertung 2,6d6bad17cd27ee92dc402cf5e7ef67df4de582a50a3dcdbc3aacb76c4d883501
H1.P,H1.P,JA,Portraitähnlichkeit 1–6,Nur E1=1; männlich formuliertes Portrait. 77/88 keine Pole.,FRAGEBOGEN_TEXTLAYER_BLOCK_MANUELL_GELESEN; ORIGINALSICHT_ENTWURF; KEINE_ZELLENWEISE_VOLLABNAHME; LISTENHEFT_TEXTLAYER_GELESEN,"ESS11-DE Fragebogen PDF/gedruckte Seiten 87, Originalblock H1.P; Listenheft Liste 89, PDF-Seite 94","Das Originalportrait beschreibt eine persönliche Wert-/Wunschorientierung: sich jederzeit korrekt verhalten und Dinge vermeiden, die andere falsch finden könnten. Das Ähnlichkeitsurteil erfüllt nur diese Grundregel. Es belegt keine relative Wertpriorität, kein Gegenkonstrukt und keine zusätzliche Dimension durch die parallele H-Formulierung.",FALLEND,"Mehr Ähnlichkeit mit der beschriebenen Person, die sich jederzeit korrekt verhalten und Dinge vermeiden, die andere falsch finden könnten.",ENTWURF_TABELLENZELLE,ENTWURF_TABELLENKOPF_UND_ZEILE,be6fbca3efbe18a062a6ae96d242a7f79e02b511bd5fcf03d448943bb3a5ae75,Codex Methoden-Erstbewertung 2,6d6bad17cd27ee92dc402cf5e7ef67df4de582a50a3dcdbc3aacb76c4d883501
H1.Q,H1.Q,JA,Portraitähnlichkeit 1–6,Nur E1=1; männlich formuliertes Portrait. 77/88 keine Pole.,FRAGEBOGEN_TEXTLAYER_BLOCK_MANUELL_GELESEN; ORIGINALSICHT_ENTWURF; KEINE_ZELLENWEISE_VOLLABNAHME; LISTENHEFT_TEXTLAYER_GELESEN,"ESS11-DE Fragebogen PDF/gedruckte Seiten 87, Originalblock H1.Q; Listenheft Liste 89, PDF-Seite 94","Das Originalportrait beschreibt eine persönliche Wert-/Wunschorientierung: Respekt anderer wünschen und wollen, dass sie tun, was man sagt. Das Ähnlichkeitsurteil erfüllt nur diese Grundregel. Es belegt keine relative Wertpriorität, kein Gegenkonstrukt und keine zusätzliche Dimension durch die parallele H-Formulierung.",FALLEND,"Mehr Ähnlichkeit mit der beschriebenen Person, die Respekt anderer wünschen und wollen, dass sie tun, was man sagt.",ENTWURF_TABELLENZELLE,ENTWURF_TABELLENKOPF_UND_ZEILE,be6fbca3efbe18a062a6ae96d242a7f79e02b511bd5fcf03d448943bb3a5ae75,Codex Methoden-Erstbewertung 2,6d6bad17cd27ee92dc402cf5e7ef67df4de582a50a3dcdbc3aacb76c4d883501
H1.R,H1.R,JA,Portraitähnlichkeit 1–6,Nur E1=1; männlich formuliertes Portrait. 77/88 keine Pole.,FRAGEBOGEN_TEXTLAYER_BLOCK_MANUELL_GELESEN; ORIGINALSICHT_ENTWURF; KEINE_ZELLENWEISE_VOLLABNAHME; LISTENHEFT_TEXTLAYER_GELESEN,"ESS11-DE Fragebogen PDF/gedruckte Seiten 88, Originalblock H1.R; Listenheft Liste 89, PDF-Seite 94","Das Originalportrait beschreibt eine persönliche Wert-/Wunschorientierung: Freunden gegenüber loyal sein und sich für nahestehende Menschen einsetzen. Das Ähnlichkeitsurteil erfüllt nur diese Grundregel. Es belegt keine relative Wertpriorität, kein Gegenkonstrukt und keine zusätzliche Dimension durch die parallele H-Formulierung.",FALLEND,"Mehr Ähnlichkeit mit der beschriebenen Person, die Freunden gegenüber loyal sein und sich für nahestehende Menschen einsetzen.",ENTWURF_TABELLENZELLE,ENTWURF_TABELLENKOPF_UND_ZEILE,be6fbca3efbe18a062a6ae96d242a7f79e02b511bd5fcf03d448943bb3a5ae75,Codex Methoden-Erstbewertung 2,6d6bad17cd27ee92dc402cf5e7ef67df4de582a50a3dcdbc3aacb76c4d883501
H1.S,H1.S,JA,Portraitähnlichkeit 1–6,Nur E1=1; männlich formuliertes Portrait. 77/88 keine Pole.,FRAGEBOGEN_TEXTLAYER_BLOCK_MANUELL_GELESEN; ORIGINALSICHT_ENTWURF; KEINE_ZELLENWEISE_VOLLABNAHME; LISTENHEFT_TEXTLAYER_GELESEN,"ESS11-DE Fragebogen PDF/gedruckte Seiten 88, Originalblock H1.S; Listenheft Liste 89, PDF-Seite 94","Das Originalportrait beschreibt eine persönliche Wert-/Wunschorientierung: Naturfürsorge und Umweltschutz wichtig finden. Das Ähnlichkeitsurteil erfüllt nur diese Grundregel. Es belegt keine relative Wertpriorität, kein Gegenkonstrukt und keine zusätzliche Dimension durch die parallele H-Formulierung.",FALLEND,"Mehr Ähnlichkeit mit der beschriebenen Person, die Naturfürsorge und Umweltschutz wichtig finden.",ENTWURF_TABELLENZELLE,ENTWURF_TABELLENKOPF_UND_ZEILE,be6fbca3efbe18a062a6ae96d242a7f79e02b511bd5fcf03d448943bb3a5ae75,Codex Methoden-Erstbewertung 2,6d6bad17cd27ee92dc402cf5e7ef67df4de582a50a3dcdbc3aacb76c4d883501
H1.T,H1.T,JA,Portraitähnlichkeit 1–6,Nur E1=1; männlich formuliertes Portrait. 77/88 keine Pole.,FRAGEBOGEN_TEXTLAYER_BLOCK_MANUELL_GELESEN; ORIGINALSICHT_ENTWURF; KEINE_ZELLENWEISE_VOLLABNAHME; LISTENHEFT_TEXTLAYER_GELESEN,"ESS11-DE Fragebogen PDF/gedruckte Seiten 88, Originalblock H1.T; Listenheft Liste 89, PDF-Seite 94","Das Originalportrait beschreibt eine persönliche Wert-/Wunschorientierung: Traditionen wichtig finden und überlieferten Sitten/Gebräuchen aus Religion/Familie folgen. Das Ähnlichkeitsurteil erfüllt nur diese Grundregel. Es belegt keine relative Wertpriorität, kein Gegenkonstrukt und keine zusätzliche Dimension durch die parallele H-Formulierung.",FALLEND,"Mehr Ähnlichkeit mit der beschriebenen Person, die Traditionen wichtig finden und überlieferten Sitten/Gebräuchen aus Religion/Familie folgen.",ENTWURF_TABELLENZELLE,ENTWURF_TABELLENKOPF_UND_ZEILE,be6fbca3efbe18a062a6ae96d242a7f79e02b511bd5fcf03d448943bb3a5ae75,Codex Methoden-Erstbewertung 2,6d6bad17cd27ee92dc402cf5e7ef67df4de582a50a3dcdbc3aacb76c4d883501
H1.U,H1.U,JA,Portraitähnlichkeit 1–6,Nur E1=1; männlich formuliertes Portrait. 77/88 keine Pole.,FRAGEBOGEN_TEXTLAYER_BLOCK_MANUELL_GELESEN; ORIGINALSICHT_ENTWURF; KEINE_ZELLENWEISE_VOLLABNAHME; LISTENHEFT_TEXTLAYER_GELESEN,"ESS11-DE Fragebogen PDF/gedruckte Seiten 88, Originalblock H1.U; Listenheft Liste 89, PDF-Seite 94","Das Originalportrait beschreibt eine persönliche Wert-/Wunschorientierung: Gelegenheiten für Spaß nutzen und vergnügliche Dinge wichtig finden. Das Ähnlichkeitsurteil erfüllt nur diese Grundregel. Es belegt keine relative Wertpriorität, kein Gegenkonstrukt und keine zusätzliche Dimension durch die parallele H-Formulierung.",FALLEND,"Mehr Ähnlichkeit mit der beschriebenen Person, die Gelegenheiten für Spaß nutzen und vergnügliche Dinge wichtig finden.",ENTWURF_TABELLENZELLE,ENTWURF_TABELLENKOPF_UND_ZEILE,be6fbca3efbe18a062a6ae96d242a7f79e02b511bd5fcf03d448943bb3a5ae75,Codex Methoden-Erstbewertung 2,6d6bad17cd27ee92dc402cf5e7ef67df4de582a50a3dcdbc3aacb76c4d883501
H2,H2,NEIN,Blockeinleitung ohne eigenen Antwortwert,"Nur E1=2; Liste 89, Antwort jeweils auf A–U.",FRAGEBOGEN_TEXTLAYER_BLOCK_MANUELL_GELESEN; ORIGINALSICHT_ENTWURF; KEINE_ZELLENWEISE_VOLLABNAHME; LISTENHEFT_TEXTLAYER_GELESEN,"ESS11-DE Fragebogen PDF/gedruckte Seiten 89|90|91|92|93, Originalblock H2; Listenheft Liste 89, PDF-Seite 94","Anweisung zu 21 Portraiturteilen, keine zusätzliche Wertfrage neben den Unteridentitäten. Keine unabhängige Messung durch den Blockkopf.",KEINE,Kein eigener höherer Pol einer Blockeinleitung.,ENTWURF_TEXTBLOCK_AUTOMATISCH,OFFEN_ORIGINALANTWORTBLOCK_NOCH_NICHT_ZELLENWEISE,be6fbca3efbe18a062a6ae96d242a7f79e02b511bd5fcf03d448943bb3a5ae75,Codex Methoden-Erstbewertung 2,6d6bad17cd27ee92dc402cf5e7ef67df4de582a50a3dcdbc3aacb76c4d883501
H2.A,H2.A,JA,Portraitähnlichkeit 1–6,Nur E1=2; weiblich formuliertes Portrait. 77/88 keine Pole.,FRAGEBOGEN_TEXTLAYER_BLOCK_MANUELL_GELESEN; ORIGINALSICHT_ENTWURF; KEINE_ZELLENWEISE_VOLLABNAHME; LISTENHEFT_TEXTLAYER_GELESEN; PDF_BILDSICHT_Q89,"ESS11-DE Fragebogen PDF/gedruckte Seiten 89, Originalblock H2.A; Listenheft Liste 89, PDF-Seite 94","Das Originalportrait beschreibt eine persönliche Wert-/Wunschorientierung: neue Ideen entwickeln, kreativ sein und Dinge auf eigene originelle Weise tun. Das Ähnlichkeitsurteil erfüllt nur diese Grundregel. Es belegt keine relative Wertpriorität, kein Gegenkonstrukt und keine zusätzliche Dimension durch die parallele H-Formulierung.",FALLEND,"Mehr Ähnlichkeit mit der beschriebenen Person, die neue Ideen entwickeln, kreativ sein und Dinge auf eigene originelle Weise tun.",ENTWURF_TABELLENZELLE,ENTWURF_TABELLENKOPF_UND_ZEILE,be6fbca3efbe18a062a6ae96d242a7f79e02b511bd5fcf03d448943bb3a5ae75,Codex Methoden-Erstbewertung 2,6d6bad17cd27ee92dc402cf5e7ef67df4de582a50a3dcdbc3aacb76c4d883501
H2.B,H2.B,JA,Portraitähnlichkeit 1–6,Nur E1=2; weiblich formuliertes Portrait. 77/88 keine Pole.,FRAGEBOGEN_TEXTLAYER_BLOCK_MANUELL_GELESEN; ORIGINALSICHT_ENTWURF; KEINE_ZELLENWEISE_VOLLABNAHME; LISTENHEFT_TEXTLAYER_GELESEN; PDF_BILDSICHT_Q89,"ESS11-DE Fragebogen PDF/gedruckte Seiten 89, Originalblock H2.B; Listenheft Liste 89, PDF-Seite 94","Das Originalportrait beschreibt eine persönliche Wert-/Wunschorientierung: reich sein, viel Geld haben und teure Sachen besitzen. Das Ähnlichkeitsurteil erfüllt nur diese Grundregel. Es belegt keine relative Wertpriorität, kein Gegenkonstrukt und keine zusätzliche Dimension durch die parallele H-Formulierung.",FALLEND,"Mehr Ähnlichkeit mit der beschriebenen Person, die reich sein, viel Geld haben und teure Sachen besitzen.",ENTWURF_TABELLENZELLE,ENTWURF_TABELLENKOPF_UND_ZEILE,be6fbca3efbe18a062a6ae96d242a7f79e02b511bd5fcf03d448943bb3a5ae75,Codex Methoden-Erstbewertung 2,6d6bad17cd27ee92dc402cf5e7ef67df4de582a50a3dcdbc3aacb76c4d883501
H2.C,H2.C,JA,Portraitähnlichkeit 1–6,Nur E1=2; weiblich formuliertes Portrait. 77/88 keine Pole.,FRAGEBOGEN_TEXTLAYER_BLOCK_MANUELL_GELESEN; ORIGINALSICHT_ENTWURF; KEINE_ZELLENWEISE_VOLLABNAHME; LISTENHEFT_TEXTLAYER_GELESEN; PDF_BILDSICHT_Q89,"ESS11-DE Fragebogen PDF/gedruckte Seiten 89, Originalblock H2.C; Listenheft Liste 89, PDF-Seite 94","Das Originalportrait beschreibt eine persönliche Wert-/Wunschorientierung: weltweite Gleichbehandlung und gleiche Lebenschancen für jeden Menschen wünschen. Das Ähnlichkeitsurteil erfüllt nur diese Grundregel. Es belegt keine relative Wertpriorität, kein Gegenkonstrukt und keine zusätzliche Dimension durch die parallele H-Formulierung.",FALLEND,"Mehr Ähnlichkeit mit der beschriebenen Person, die weltweite Gleichbehandlung und gleiche Lebenschancen für jeden Menschen wünschen.",ENTWURF_TABELLENZELLE,ENTWURF_TABELLENKOPF_UND_ZEILE,be6fbca3efbe18a062a6ae96d242a7f79e02b511bd5fcf03d448943bb3a5ae75,Codex Methoden-Erstbewertung 2,6d6bad17cd27ee92dc402cf5e7ef67df4de582a50a3dcdbc3aacb76c4d883501
H2.D,H2.D,JA,Portraitähnlichkeit 1–6,Nur E1=2; weiblich formuliertes Portrait. 77/88 keine Pole.,FRAGEBOGEN_TEXTLAYER_BLOCK_MANUELL_GELESEN; ORIGINALSICHT_ENTWURF; KEINE_ZELLENWEISE_VOLLABNAHME; LISTENHEFT_TEXTLAYER_GELESEN; PDF_BILDSICHT_Q89,"ESS11-DE Fragebogen PDF/gedruckte Seiten 89, Originalblock H2.D; Listenheft Liste 89, PDF-Seite 94","Das Originalportrait beschreibt eine persönliche Wert-/Wunschorientierung: eigene Fähigkeiten zeigen und Bewunderung für das eigene Tun wünschen. Das Ähnlichkeitsurteil erfüllt nur diese Grundregel. Es belegt keine relative Wertpriorität, kein Gegenkonstrukt und keine zusätzliche Dimension durch die parallele H-Formulierung.",FALLEND,"Mehr Ähnlichkeit mit der beschriebenen Person, die eigene Fähigkeiten zeigen und Bewunderung für das eigene Tun wünschen.",ENTWURF_TABELLENZELLE,ENTWURF_TABELLENKOPF_UND_ZEILE,be6fbca3efbe18a062a6ae96d242a7f79e02b511bd5fcf03d448943bb3a5ae75,Codex Methoden-Erstbewertung 2,6d6bad17cd27ee92dc402cf5e7ef67df4de582a50a3dcdbc3aacb76c4d883501
H2.E,H2.E,JA,Portraitähnlichkeit 1–6,Nur E1=2; weiblich formuliertes Portrait. 77/88 keine Pole.,FRAGEBOGEN_TEXTLAYER_BLOCK_MANUELL_GELESEN; ORIGINALSICHT_ENTWURF; KEINE_ZELLENWEISE_VOLLABNAHME; LISTENHEFT_TEXTLAYER_GELESEN; PDF_BILDSICHT_Q89,"ESS11-DE Fragebogen PDF/gedruckte Seiten 89, Originalblock H2.E; Listenheft Liste 89, PDF-Seite 94","Das Originalportrait beschreibt eine persönliche Wert-/Wunschorientierung: in einem sicheren Umfeld leben und die eigene Sicherheit gefährdende Dinge vermeiden. Das Ähnlichkeitsurteil erfüllt nur diese Grundregel. Es belegt keine relative Wertpriorität, kein Gegenkonstrukt und keine zusätzliche Dimension durch die parallele H-Formulierung.",FALLEND,"Mehr Ähnlichkeit mit der beschriebenen Person, die in einem sicheren Umfeld leben und die eigene Sicherheit gefährdende Dinge vermeiden.",ENTWURF_TABELLENZELLE,ENTWURF_TABELLENKOPF_UND_ZEILE,be6fbca3efbe18a062a6ae96d242a7f79e02b511bd5fcf03d448943bb3a5ae75,Codex Methoden-Erstbewertung 2,6d6bad17cd27ee92dc402cf5e7ef67df4de582a50a3dcdbc3aacb76c4d883501
H2.F,H2.F,JA,Portraitähnlichkeit 1–6,Nur E1=2; weiblich formuliertes Portrait. 77/88 keine Pole.,FRAGEBOGEN_TEXTLAYER_BLOCK_MANUELL_GELESEN; ORIGINALSICHT_ENTWURF; KEINE_ZELLENWEISE_VOLLABNAHME; LISTENHEFT_TEXTLAYER_GELESEN,"ESS11-DE Fragebogen PDF/gedruckte Seiten 90, Originalblock H2.F; Listenheft Liste 89, PDF-Seite 94","Das Originalportrait beschreibt eine persönliche Wert-/Wunschorientierung: Überraschungen/neue Aktivitäten mögen und Abwechslung wichtig finden. Das Ähnlichkeitsurteil erfüllt nur diese Grundregel. Es belegt keine relative Wertpriorität, kein Gegenkonstrukt und keine zusätzliche Dimension durch die parallele H-Formulierung.",FALLEND,"Mehr Ähnlichkeit mit der beschriebenen Person, die Überraschungen/neue Aktivitäten mögen und Abwechslung wichtig finden.",ENTWURF_TABELLENZELLE,ENTWURF_TABELLENKOPF_UND_ZEILE,be6fbca3efbe18a062a6ae96d242a7f79e02b511bd5fcf03d448943bb3a5ae75,Codex Methoden-Erstbewertung 2,6d6bad17cd27ee92dc402cf5e7ef67df4de582a50a3dcdbc3aacb76c4d883501
H2.G,H2.G,JA,Portraitähnlichkeit 1–6,Nur E1=2; weiblich formuliertes Portrait. 77/88 keine Pole.,FRAGEBOGEN_TEXTLAYER_BLOCK_MANUELL_GELESEN; ORIGINALSICHT_ENTWURF; KEINE_ZELLENWEISE_VOLLABNAHME; LISTENHEFT_TEXTLAYER_GELESEN,"ESS11-DE Fragebogen PDF/gedruckte Seiten 90, Originalblock H2.G; Listenheft Liste 89, PDF-Seite 94","Das Originalportrait beschreibt eine persönliche Wert-/Wunschorientierung: tun, was einem gesagt wird, und immer Regeln befolgen, auch ohne Beobachtung. Das Ähnlichkeitsurteil erfüllt nur diese Grundregel. Es belegt keine relative Wertpriorität, kein Gegenkonstrukt und keine zusätzliche Dimension durch die parallele H-Formulierung.",FALLEND,"Mehr Ähnlichkeit mit der beschriebenen Person, die tun, was einem gesagt wird, und immer Regeln befolgen, auch ohne Beobachtung.",ENTWURF_TABELLENZELLE,ENTWURF_TABELLENKOPF_UND_ZEILE,be6fbca3efbe18a062a6ae96d242a7f79e02b511bd5fcf03d448943bb3a5ae75,Codex Methoden-Erstbewertung 2,6d6bad17cd27ee92dc402cf5e7ef67df4de582a50a3dcdbc3aacb76c4d883501
H2.H,H2.H,JA,Portraitähnlichkeit 1–6,Nur E1=2; weiblich formuliertes Portrait. 77/88 keine Pole.,FRAGEBOGEN_TEXTLAYER_BLOCK_MANUELL_GELESEN; ORIGINALSICHT_ENTWURF; KEINE_ZELLENWEISE_VOLLABNAHME; LISTENHEFT_TEXTLAYER_GELESEN,"ESS11-DE Fragebogen PDF/gedruckte Seiten 90, Originalblock H2.H; Listenheft Liste 89, PDF-Seite 94","Das Originalportrait beschreibt eine persönliche Wert-/Wunschorientierung: andersartigen Menschen zuhören und sie trotz anderer Meinung verstehen wollen. Das Ähnlichkeitsurteil erfüllt nur diese Grundregel. Es belegt keine relative Wertpriorität, kein Gegenkonstrukt und keine zusätzliche Dimension durch die parallele H-Formulierung.",FALLEND,"Mehr Ähnlichkeit mit der beschriebenen Person, die andersartigen Menschen zuhören und sie trotz anderer Meinung verstehen wollen.",ENTWURF_TABELLENZELLE,ENTWURF_TABELLENKOPF_UND_ZEILE,be6fbca3efbe18a062a6ae96d242a7f79e02b511bd5fcf03d448943bb3a5ae75,Codex Methoden-Erstbewertung 2,6d6bad17cd27ee92dc402cf5e7ef67df4de582a50a3dcdbc3aacb76c4d883501
H2.I,H2.I,JA,Portraitähnlichkeit 1–6,Nur E1=2; weiblich formuliertes Portrait. 77/88 keine Pole.,FRAGEBOGEN_TEXTLAYER_BLOCK_MANUELL_GELESEN; ORIGINALSICHT_ENTWURF; KEINE_ZELLENWEISE_VOLLABNAHME; LISTENHEFT_TEXTLAYER_GELESEN,"ESS11-DE Fragebogen PDF/gedruckte Seiten 90, Originalblock H2.I; Listenheft Liste 89, PDF-Seite 94","Das Originalportrait beschreibt eine persönliche Wert-/Wunschorientierung: zurückhaltend und bescheiden sein und Aufmerksamkeit vermeiden. Das Ähnlichkeitsurteil erfüllt nur diese Grundregel. Es belegt keine relative Wertpriorität, kein Gegenkonstrukt und keine zusätzliche Dimension durch die parallele H-Formulierung.",FALLEND,"Mehr Ähnlichkeit mit der beschriebenen Person, die zurückhaltend und bescheiden sein und Aufmerksamkeit vermeiden.",ENTWURF_TABELLENZELLE,ENTWURF_TABELLENKOPF_UND_ZEILE,be6fbca3efbe18a062a6ae96d242a7f79e02b511bd5fcf03d448943bb3a5ae75,Codex Methoden-Erstbewertung 2,6d6bad17cd27ee92dc402cf5e7ef67df4de582a50a3dcdbc3aacb76c4d883501
H2.J,H2.J,JA,Portraitähnlichkeit 1–6,Nur E1=2; weiblich formuliertes Portrait. 77/88 keine Pole.,FRAGEBOGEN_TEXTLAYER_BLOCK_MANUELL_GELESEN; ORIGINALSICHT_ENTWURF; KEINE_ZELLENWEISE_VOLLABNAHME; LISTENHEFT_TEXTLAYER_GELESEN,"ESS11-DE Fragebogen PDF/gedruckte Seiten 90, Originalblock H2.J; Listenheft Liste 89, PDF-Seite 94","Das Originalportrait beschreibt eine persönliche Wert-/Wunschorientierung: Spaß wichtig finden und sich selbst gern etwas gönnen. Das Ähnlichkeitsurteil erfüllt nur diese Grundregel. Es belegt keine relative Wertpriorität, kein Gegenkonstrukt und keine zusätzliche Dimension durch die parallele H-Formulierung.",FALLEND,"Mehr Ähnlichkeit mit der beschriebenen Person, die Spaß wichtig finden und sich selbst gern etwas gönnen.",ENTWURF_TABELLENZELLE,ENTWURF_TABELLENKOPF_UND_ZEILE,be6fbca3efbe18a062a6ae96d242a7f79e02b511bd5fcf03d448943bb3a5ae75,Codex Methoden-Erstbewertung 2,6d6bad17cd27ee92dc402cf5e7ef67df4de582a50a3dcdbc3aacb76c4d883501
H2.K,H2.K,JA,Portraitähnlichkeit 1–6,Nur E1=2; weiblich formuliertes Portrait. 77/88 keine Pole.,FRAGEBOGEN_TEXTLAYER_BLOCK_MANUELL_GELESEN; ORIGINALSICHT_ENTWURF; KEINE_ZELLENWEISE_VOLLABNAHME; LISTENHEFT_TEXTLAYER_GELESEN,"ESS11-DE Fragebogen PDF/gedruckte Seiten 91, Originalblock H2.K; Listenheft Liste 89, PDF-Seite 94","Das Originalportrait beschreibt eine persönliche Wert-/Wunschorientierung: selbst entscheiden sowie frei und unabhängig von anderen sein. Das Ähnlichkeitsurteil erfüllt nur diese Grundregel. Es belegt keine relative Wertpriorität, kein Gegenkonstrukt und keine zusätzliche Dimension durch die parallele H-Formulierung.",FALLEND,"Mehr Ähnlichkeit mit der beschriebenen Person, die selbst entscheiden sowie frei und unabhängig von anderen sein.",ENTWURF_TABELLENZELLE,ENTWURF_TABELLENKOPF_UND_ZEILE,be6fbca3efbe18a062a6ae96d242a7f79e02b511bd5fcf03d448943bb3a5ae75,Codex Methoden-Erstbewertung 2,6d6bad17cd27ee92dc402cf5e7ef67df4de582a50a3dcdbc3aacb76c4d883501
H2.L,H2.L,JA,Portraitähnlichkeit 1–6,Nur E1=2; weiblich formuliertes Portrait. 77/88 keine Pole.,FRAGEBOGEN_TEXTLAYER_BLOCK_MANUELL_GELESEN; ORIGINALSICHT_ENTWURF; KEINE_ZELLENWEISE_VOLLABNAHME; LISTENHEFT_TEXTLAYER_GELESEN,"ESS11-DE Fragebogen PDF/gedruckte Seiten 91, Originalblock H2.L; Listenheft Liste 89, PDF-Seite 94","Das Originalportrait beschreibt eine persönliche Wert-/Wunschorientierung: Menschen im eigenen Umfeld helfen und für ihr Wohl sorgen. Das Ähnlichkeitsurteil erfüllt nur diese Grundregel. Es belegt keine relative Wertpriorität, kein Gegenkonstrukt und keine zusätzliche Dimension durch die parallele H-Formulierung.",FALLEND,"Mehr Ähnlichkeit mit der beschriebenen Person, die Menschen im eigenen Umfeld helfen und für ihr Wohl sorgen.",ENTWURF_TABELLENZELLE,ENTWURF_TABELLENKOPF_UND_ZEILE,be6fbca3efbe18a062a6ae96d242a7f79e02b511bd5fcf03d448943bb3a5ae75,Codex Methoden-Erstbewertung 2,6d6bad17cd27ee92dc402cf5e7ef67df4de582a50a3dcdbc3aacb76c4d883501
H2.M,H2.M,JA,Portraitähnlichkeit 1–6,Nur E1=2; weiblich formuliertes Portrait. 77/88 keine Pole.,FRAGEBOGEN_TEXTLAYER_BLOCK_MANUELL_GELESEN; ORIGINALSICHT_ENTWURF; KEINE_ZELLENWEISE_VOLLABNAHME; LISTENHEFT_TEXTLAYER_GELESEN,"ESS11-DE Fragebogen PDF/gedruckte Seiten 91, Originalblock H2.M; Listenheft Liste 89, PDF-Seite 94","Das Originalportrait beschreibt eine persönliche Wert-/Wunschorientierung: sehr erfolgreich sein und Anerkennung eigener Leistungen wünschen. Das Ähnlichkeitsurteil erfüllt nur diese Grundregel. Es belegt keine relative Wertpriorität, kein Gegenkonstrukt und keine zusätzliche Dimension durch die parallele H-Formulierung.",FALLEND,"Mehr Ähnlichkeit mit der beschriebenen Person, die sehr erfolgreich sein und Anerkennung eigener Leistungen wünschen.",ENTWURF_TABELLENZELLE,ENTWURF_TABELLENKOPF_UND_ZEILE,be6fbca3efbe18a062a6ae96d242a7f79e02b511bd5fcf03d448943bb3a5ae75,Codex Methoden-Erstbewertung 2,6d6bad17cd27ee92dc402cf5e7ef67df4de582a50a3dcdbc3aacb76c4d883501
H2.N,H2.N,JA,Portraitähnlichkeit 1–6,Nur E1=2; weiblich formuliertes Portrait. 77/88 keine Pole.,FRAGEBOGEN_TEXTLAYER_BLOCK_MANUELL_GELESEN; ORIGINALSICHT_ENTWURF; KEINE_ZELLENWEISE_VOLLABNAHME; LISTENHEFT_TEXTLAYER_GELESEN,"ESS11-DE Fragebogen PDF/gedruckte Seiten 91, Originalblock H2.N; Listenheft Liste 89, PDF-Seite 94","Das Originalportrait beschreibt eine persönliche Wert-/Wunschorientierung: einen starken Staat wollen, der persönliche Sicherheit vor allen Bedrohungen gewährleistet und Bürger verteidigt. Das Ähnlichkeitsurteil erfüllt nur diese Grundregel. Es belegt keine relative Wertpriorität, kein Gegenkonstrukt und keine zusätzliche Dimension durch die parallele H-Formulierung.",FALLEND,"Mehr Ähnlichkeit mit der beschriebenen Person, die einen starken Staat wollen, der persönliche Sicherheit vor allen Bedrohungen gewährleistet und Bürger verteidigt.",ENTWURF_TABELLENZELLE,ENTWURF_TABELLENKOPF_UND_ZEILE,be6fbca3efbe18a062a6ae96d242a7f79e02b511bd5fcf03d448943bb3a5ae75,Codex Methoden-Erstbewertung 2,6d6bad17cd27ee92dc402cf5e7ef67df4de582a50a3dcdbc3aacb76c4d883501
H2.O,H2.O,JA,Portraitähnlichkeit 1–6,Nur E1=2; weiblich formuliertes Portrait. 77/88 keine Pole.,FRAGEBOGEN_TEXTLAYER_BLOCK_MANUELL_GELESEN; ORIGINALSICHT_ENTWURF; KEINE_ZELLENWEISE_VOLLABNAHME; LISTENHEFT_TEXTLAYER_GELESEN,"ESS11-DE Fragebogen PDF/gedruckte Seiten 91, Originalblock H2.O; Listenheft Liste 89, PDF-Seite 94","Das Originalportrait beschreibt eine persönliche Wert-/Wunschorientierung: Abenteuer/Risiken suchen und ein aufregendes Leben wollen. Das Ähnlichkeitsurteil erfüllt nur diese Grundregel. Es belegt keine relative Wertpriorität, kein Gegenkonstrukt und keine zusätzliche Dimension durch die parallele H-Formulierung.",FALLEND,"Mehr Ähnlichkeit mit der beschriebenen Person, die Abenteuer/Risiken suchen und ein aufregendes Leben wollen.",ENTWURF_TABELLENZELLE,ENTWURF_TABELLENKOPF_UND_ZEILE,be6fbca3efbe18a062a6ae96d242a7f79e02b511bd5fcf03d448943bb3a5ae75,Codex Methoden-Erstbewertung 2,6d6bad17cd27ee92dc402cf5e7ef67df4de582a50a3dcdbc3aacb76c4d883501
H2.P,H2.P,JA,Portraitähnlichkeit 1–6,Nur E1=2; weiblich formuliertes Portrait. 77/88 keine Pole.,FRAGEBOGEN_TEXTLAYER_BLOCK_MANUELL_GELESEN; ORIGINALSICHT_ENTWURF; KEINE_ZELLENWEISE_VOLLABNAHME; LISTENHEFT_TEXTLAYER_GELESEN,"ESS11-DE Fragebogen PDF/gedruckte Seiten 91, Originalblock H2.P; Listenheft Liste 89, PDF-Seite 94","Das Originalportrait beschreibt eine persönliche Wert-/Wunschorientierung: sich jederzeit korrekt verhalten und Dinge vermeiden, die andere falsch finden könnten. Das Ähnlichkeitsurteil erfüllt nur diese Grundregel. Es belegt keine relative Wertpriorität, kein Gegenkonstrukt und keine zusätzliche Dimension durch die parallele H-Formulierung.",FALLEND,"Mehr Ähnlichkeit mit der beschriebenen Person, die sich jederzeit korrekt verhalten und Dinge vermeiden, die andere falsch finden könnten.",ENTWURF_TABELLENZELLE,ENTWURF_TABELLENKOPF_UND_ZEILE,be6fbca3efbe18a062a6ae96d242a7f79e02b511bd5fcf03d448943bb3a5ae75,Codex Methoden-Erstbewertung 2,6d6bad17cd27ee92dc402cf5e7ef67df4de582a50a3dcdbc3aacb76c4d883501
H2.Q,H2.Q,JA,Portraitähnlichkeit 1–6,Nur E1=2; weiblich formuliertes Portrait. 77/88 keine Pole.,FRAGEBOGEN_TEXTLAYER_BLOCK_MANUELL_GELESEN; ORIGINALSICHT_ENTWURF; KEINE_ZELLENWEISE_VOLLABNAHME; LISTENHEFT_TEXTLAYER_GELESEN,"ESS11-DE Fragebogen PDF/gedruckte Seiten 91, Originalblock H2.Q; Listenheft Liste 89, PDF-Seite 94","Das Originalportrait beschreibt eine persönliche Wert-/Wunschorientierung: Respekt anderer wünschen und wollen, dass sie tun, was man sagt. Das Ähnlichkeitsurteil erfüllt nur diese Grundregel. Es belegt keine relative Wertpriorität, kein Gegenkonstrukt und keine zusätzliche Dimension durch die parallele H-Formulierung.",FALLEND,"Mehr Ähnlichkeit mit der beschriebenen Person, die Respekt anderer wünschen und wollen, dass sie tun, was man sagt.",ENTWURF_TABELLENZELLE,ENTWURF_TABELLENKOPF_UND_ZEILE,be6fbca3efbe18a062a6ae96d242a7f79e02b511bd5fcf03d448943bb3a5ae75,Codex Methoden-Erstbewertung 2,6d6bad17cd27ee92dc402cf5e7ef67df4de582a50a3dcdbc3aacb76c4d883501
H2.R,H2.R,JA,Portraitähnlichkeit 1–6,Nur E1=2; weiblich formuliertes Portrait. 77/88 keine Pole.,FRAGEBOGEN_TEXTLAYER_BLOCK_MANUELL_GELESEN; ORIGINALSICHT_ENTWURF; KEINE_ZELLENWEISE_VOLLABNAHME; LISTENHEFT_TEXTLAYER_GELESEN,"ESS11-DE Fragebogen PDF/gedruckte Seiten 92, Originalblock H2.R; Listenheft Liste 89, PDF-Seite 94","Das Originalportrait beschreibt eine persönliche Wert-/Wunschorientierung: Freunden gegenüber loyal sein und sich für nahestehende Menschen einsetzen. Das Ähnlichkeitsurteil erfüllt nur diese Grundregel. Es belegt keine relative Wertpriorität, kein Gegenkonstrukt und keine zusätzliche Dimension durch die parallele H-Formulierung.",FALLEND,"Mehr Ähnlichkeit mit der beschriebenen Person, die Freunden gegenüber loyal sein und sich für nahestehende Menschen einsetzen.",ENTWURF_TABELLENZELLE,ENTWURF_TABELLENKOPF_UND_ZEILE,be6fbca3efbe18a062a6ae96d242a7f79e02b511bd5fcf03d448943bb3a5ae75,Codex Methoden-Erstbewertung 2,6d6bad17cd27ee92dc402cf5e7ef67df4de582a50a3dcdbc3aacb76c4d883501
H2.S,H2.S,JA,Portraitähnlichkeit 1–6,Nur E1=2; weiblich formuliertes Portrait. 77/88 keine Pole.,FRAGEBOGEN_TEXTLAYER_BLOCK_MANUELL_GELESEN; ORIGINALSICHT_ENTWURF; KEINE_ZELLENWEISE_VOLLABNAHME; LISTENHEFT_TEXTLAYER_GELESEN,"ESS11-DE Fragebogen PDF/gedruckte Seiten 92, Originalblock H2.S; Listenheft Liste 89, PDF-Seite 94","Das Originalportrait beschreibt eine persönliche Wert-/Wunschorientierung: Naturfürsorge und Umweltschutz wichtig finden. Das Ähnlichkeitsurteil erfüllt nur diese Grundregel. Es belegt keine relative Wertpriorität, kein Gegenkonstrukt und keine zusätzliche Dimension durch die parallele H-Formulierung.",FALLEND,"Mehr Ähnlichkeit mit der beschriebenen Person, die Naturfürsorge und Umweltschutz wichtig finden.",ENTWURF_TABELLENZELLE,ENTWURF_TABELLENKOPF_UND_ZEILE,be6fbca3efbe18a062a6ae96d242a7f79e02b511bd5fcf03d448943bb3a5ae75,Codex Methoden-Erstbewertung 2,6d6bad17cd27ee92dc402cf5e7ef67df4de582a50a3dcdbc3aacb76c4d883501
H2.T,H2.T,JA,Portraitähnlichkeit 1–6,Nur E1=2; weiblich formuliertes Portrait. 77/88 keine Pole.,FRAGEBOGEN_TEXTLAYER_BLOCK_MANUELL_GELESEN; ORIGINALSICHT_ENTWURF; KEINE_ZELLENWEISE_VOLLABNAHME; LISTENHEFT_TEXTLAYER_GELESEN,"ESS11-DE Fragebogen PDF/gedruckte Seiten 92, Originalblock H2.T; Listenheft Liste 89, PDF-Seite 94","Das Originalportrait beschreibt eine persönliche Wert-/Wunschorientierung: Traditionen wichtig finden und überlieferten Sitten/Gebräuchen aus Religion/Familie folgen. Das Ähnlichkeitsurteil erfüllt nur diese Grundregel. Es belegt keine relative Wertpriorität, kein Gegenkonstrukt und keine zusätzliche Dimension durch die parallele H-Formulierung.",FALLEND,"Mehr Ähnlichkeit mit der beschriebenen Person, die Traditionen wichtig finden und überlieferten Sitten/Gebräuchen aus Religion/Familie folgen.",ENTWURF_TABELLENZELLE,ENTWURF_TABELLENKOPF_UND_ZEILE,be6fbca3efbe18a062a6ae96d242a7f79e02b511bd5fcf03d448943bb3a5ae75,Codex Methoden-Erstbewertung 2,6d6bad17cd27ee92dc402cf5e7ef67df4de582a50a3dcdbc3aacb76c4d883501
H2.U,H2.U,JA,Portraitähnlichkeit 1–6,Nur E1=2; weiblich formuliertes Portrait. 77/88 keine Pole.,FRAGEBOGEN_TEXTLAYER_BLOCK_MANUELL_GELESEN; ORIGINALSICHT_ENTWURF; KEINE_ZELLENWEISE_VOLLABNAHME; LISTENHEFT_TEXTLAYER_GELESEN,"ESS11-DE Fragebogen PDF/gedruckte Seiten 92, Originalblock H2.U; Listenheft Liste 89, PDF-Seite 94","Das Originalportrait beschreibt eine persönliche Wert-/Wunschorientierung: Gelegenheiten für Spaß nutzen und vergnügliche Dinge wichtig finden. Das Ähnlichkeitsurteil erfüllt nur diese Grundregel. Es belegt keine relative Wertpriorität, kein Gegenkonstrukt und keine zusätzliche Dimension durch die parallele H-Formulierung.",FALLEND,"Mehr Ähnlichkeit mit der beschriebenen Person, die Gelegenheiten für Spaß nutzen und vergnügliche Dinge wichtig finden.",ENTWURF_TABELLENZELLE,ENTWURF_TABELLENKOPF_UND_ZEILE,be6fbca3efbe18a062a6ae96d242a7f79e02b511bd5fcf03d448943bb3a5ae75,Codex Methoden-Erstbewertung 2,6d6bad17cd27ee92dc402cf5e7ef67df4de582a50a3dcdbc3aacb76c4d883501
I1,I1,UNKLAR,Wahrscheinlichkeit 1–5,C33=1; geerbter Klimafilter C30≠55. Wiederholungsinstruktion zur Fragebogenqualität.,FRAGEBOGEN_TEXTLAYER_BLOCK_MANUELL_GELESEN; ORIGINALSICHT_ENTWURF; KEINE_ZELLENWEISE_VOLLABNAHME; LISTENHEFT_TEXTLAYER_GELESEN,"ESS11-DE Fragebogen PDF/gedruckte Seiten 93, Originalblock I1; Listenheft Liste 90, PDF-Seite 95",Subjektive Einschätzung eines kausalen Klimaeffekts. Ohne normativen Wunsch kann dies Wirksamkeitswissen oder eine gesellschaftliche Überzeugung bezeichnen; die Grundregel löst diese Grenze nicht eindeutig. Inhaltlich dieselbe Grenzentscheidung wie die entsprechenden C-Varianten; der Qualitätstest-Vorspann erzeugt weder ein weiteres Konstrukt noch allein einen Verwaltungsausschluss.,FALLEND,Höhere Wahrscheinlichkeit wahrgenommenen Klimaeffekts kollektiver Energieeinschränkung.,ENTWURF_TEXTBLOCK_AUTOMATISCH,ENTWURF_VERTIKALE_CODES_LABELZEILEN_NACHPRUEFEN,be6fbca3efbe18a062a6ae96d242a7f79e02b511bd5fcf03d448943bb3a5ae75,Codex Methoden-Erstbewertung 2,6d6bad17cd27ee92dc402cf5e7ef67df4de582a50a3dcdbc3aacb76c4d883501
I2,I2,UNKLAR,Wahrscheinlichkeit 1–5,C33=1; geerbter Klimafilter C30≠55. Wiederholungsinstruktion zur Fragebogenqualität.,FRAGEBOGEN_TEXTLAYER_BLOCK_MANUELL_GELESEN; ORIGINALSICHT_ENTWURF; KEINE_ZELLENWEISE_VOLLABNAHME; LISTENHEFT_TEXTLAYER_GELESEN,"ESS11-DE Fragebogen PDF/gedruckte Seiten 93, Originalblock I2; Listenheft Liste 90, PDF-Seite 95","Prognose des künftigen Verhaltens anderer Menschen. Keine eigene Handlung und keine automatisch richtige Wissensantwort, aber auch kein ausdrücklich gewünschter gesellschaftlicher Zustand oder Wert. Inhaltlich dieselbe Grenzentscheidung wie die entsprechenden C-Varianten; der Qualitätstest-Vorspann erzeugt weder ein weiteres Konstrukt noch allein einen Verwaltungsausschluss.",FALLEND,"Höhere Erwartete Wahrscheinlichkeit, dass sehr viele Menschen ihren Energieverbrauch tatsächlich einschränken.",ENTWURF_TEXTBLOCK_AUTOMATISCH,ENTWURF_VERTIKALE_CODES_LABELZEILEN_NACHPRUEFEN,be6fbca3efbe18a062a6ae96d242a7f79e02b511bd5fcf03d448943bb3a5ae75,Codex Methoden-Erstbewertung 2,6d6bad17cd27ee92dc402cf5e7ef67df4de582a50a3dcdbc3aacb76c4d883501
I3,I3,UNKLAR,Wahrscheinlichkeit 1–5,C33=1; geerbter Klimafilter C30≠55. Wiederholungsinstruktion zur Fragebogenqualität.,FRAGEBOGEN_TEXTLAYER_BLOCK_MANUELL_GELESEN; ORIGINALSICHT_ENTWURF; KEINE_ZELLENWEISE_VOLLABNAHME; LISTENHEFT_TEXTLAYER_GELESEN,"ESS11-DE Fragebogen PDF/gedruckte Seiten 93|94, Originalblock I3; Listenheft Liste 90, PDF-Seite 95",Prognose künftiger staatlicher Maßnahmen. Keine Präferenz für Maßnahmen und keine Prüfung eines benannten amtierenden Kabinetts; politische Erwartung und Tatsachenprognose bleiben inhaltlich mehrdeutig. Inhaltlich dieselbe Grenzentscheidung wie die entsprechenden C-Varianten; der Qualitätstest-Vorspann erzeugt weder ein weiteres Konstrukt noch allein einen Verwaltungsausschluss.,FALLEND,"Höhere Erwartete Wahrscheinlichkeit, dass genug Staaten Klimaschutzmaßnahmen ergreifen.",ENTWURF_TEXTBLOCK_AUTOMATISCH,ENTWURF_VERTIKALE_CODES_LABELZEILEN_NACHPRUEFEN,be6fbca3efbe18a062a6ae96d242a7f79e02b511bd5fcf03d448943bb3a5ae75,Codex Methoden-Erstbewertung 2,6d6bad17cd27ee92dc402cf5e7ef67df4de582a50a3dcdbc3aacb76c4d883501
I4,I4,UNKLAR,Wahrscheinlichkeit 0–4,C33=2; geerbter Klimafilter C30≠55. Wiederholungsinstruktion zur Fragebogenqualität.,FRAGEBOGEN_TEXTLAYER_BLOCK_MANUELL_GELESEN; ORIGINALSICHT_ENTWURF; KEINE_ZELLENWEISE_VOLLABNAHME; LISTENHEFT_TEXTLAYER_GELESEN,"ESS11-DE Fragebogen PDF/gedruckte Seiten 94, Originalblock I4; Listenheft Liste 91, PDF-Seite 96",Subjektive Einschätzung eines kausalen Klimaeffekts. Ohne normativen Wunsch kann dies Wirksamkeitswissen oder eine gesellschaftliche Überzeugung bezeichnen; die Grundregel löst diese Grenze nicht eindeutig. Inhaltlich dieselbe Grenzentscheidung wie die entsprechenden C-Varianten; der Qualitätstest-Vorspann erzeugt weder ein weiteres Konstrukt noch allein einen Verwaltungsausschluss.,STEIGEND,Höhere Wahrscheinlichkeit wahrgenommenen Klimaeffekts kollektiver Energieeinschränkung.,ENTWURF_TEXTBLOCK_AUTOMATISCH,ENTWURF_VERTIKALE_CODES_LABELZEILEN_NACHPRUEFEN,be6fbca3efbe18a062a6ae96d242a7f79e02b511bd5fcf03d448943bb3a5ae75,Codex Methoden-Erstbewertung 2,6d6bad17cd27ee92dc402cf5e7ef67df4de582a50a3dcdbc3aacb76c4d883501
I5,I5,UNKLAR,Wahrscheinlichkeit 0–4,C33=2; geerbter Klimafilter C30≠55. Wiederholungsinstruktion zur Fragebogenqualität.,FRAGEBOGEN_TEXTLAYER_BLOCK_MANUELL_GELESEN; ORIGINALSICHT_ENTWURF; KEINE_ZELLENWEISE_VOLLABNAHME; LISTENHEFT_TEXTLAYER_GELESEN,"ESS11-DE Fragebogen PDF/gedruckte Seiten 94, Originalblock I5; Listenheft Liste 91, PDF-Seite 96","Prognose des künftigen Verhaltens anderer Menschen. Keine eigene Handlung und keine automatisch richtige Wissensantwort, aber auch kein ausdrücklich gewünschter gesellschaftlicher Zustand oder Wert. Inhaltlich dieselbe Grenzentscheidung wie die entsprechenden C-Varianten; der Qualitätstest-Vorspann erzeugt weder ein weiteres Konstrukt noch allein einen Verwaltungsausschluss.",STEIGEND,"Höhere Erwartete Wahrscheinlichkeit, dass sehr viele Menschen ihren Energieverbrauch tatsächlich einschränken.",ENTWURF_TEXTBLOCK_AUTOMATISCH,ENTWURF_VERTIKALE_CODES_LABELZEILEN_NACHPRUEFEN,be6fbca3efbe18a062a6ae96d242a7f79e02b511bd5fcf03d448943bb3a5ae75,Codex Methoden-Erstbewertung 2,6d6bad17cd27ee92dc402cf5e7ef67df4de582a50a3dcdbc3aacb76c4d883501
I6,I6,UNKLAR,Wahrscheinlichkeit 0–4,C33=2; geerbter Klimafilter C30≠55. Wiederholungsinstruktion zur Fragebogenqualität.,FRAGEBOGEN_TEXTLAYER_BLOCK_MANUELL_GELESEN; ORIGINALSICHT_ENTWURF; KEINE_ZELLENWEISE_VOLLABNAHME; LISTENHEFT_TEXTLAYER_GELESEN,"ESS11-DE Fragebogen PDF/gedruckte Seiten 94|95, Originalblock I6; Listenheft Liste 91, PDF-Seite 96",Prognose künftiger staatlicher Maßnahmen. Keine Präferenz für Maßnahmen und keine Prüfung eines benannten amtierenden Kabinetts; politische Erwartung und Tatsachenprognose bleiben inhaltlich mehrdeutig. Inhaltlich dieselbe Grenzentscheidung wie die entsprechenden C-Varianten; der Qualitätstest-Vorspann erzeugt weder ein weiteres Konstrukt noch allein einen Verwaltungsausschluss.,STEIGEND,"Höhere Erwartete Wahrscheinlichkeit, dass genug Staaten Klimaschutzmaßnahmen ergreifen.",ENTWURF_TEXTBLOCK_AUTOMATISCH,ENTWURF_VERTIKALE_CODES_LABELZEILEN_NACHPRUEFEN,be6fbca3efbe18a062a6ae96d242a7f79e02b511bd5fcf03d448943bb3a5ae75,Codex Methoden-Erstbewertung 2,6d6bad17cd27ee92dc402cf5e7ef67df4de582a50a3dcdbc3aacb76c4d883501
I7,I7,UNKLAR,Wahrscheinlichkeit 0–10,C33=3; geerbter Klimafilter C30≠55. Wiederholungsinstruktion zur Fragebogenqualität.,FRAGEBOGEN_TEXTLAYER_BLOCK_MANUELL_GELESEN; ORIGINALSICHT_ENTWURF; KEINE_ZELLENWEISE_VOLLABNAHME; LISTENHEFT_TEXTLAYER_GELESEN; PDF_BILDSICHT_LISTE92,"ESS11-DE Fragebogen PDF/gedruckte Seiten 95, Originalblock I7; Listenheft Liste 92, PDF-Seite 97",Subjektive Einschätzung eines kausalen Klimaeffekts. Ohne normativen Wunsch kann dies Wirksamkeitswissen oder eine gesellschaftliche Überzeugung bezeichnen; die Grundregel löst diese Grenze nicht eindeutig. Inhaltlich dieselbe Grenzentscheidung wie die entsprechenden C-Varianten; der Qualitätstest-Vorspann erzeugt weder ein weiteres Konstrukt noch allein einen Verwaltungsausschluss.,STEIGEND,Höhere Wahrscheinlichkeit wahrgenommenen Klimaeffekts kollektiver Energieeinschränkung.,ENTWURF_TEXTBLOCK_AUTOMATISCH,ENTWURF_VERTIKALE_CODES_LABELZEILEN_NACHPRUEFEN,be6fbca3efbe18a062a6ae96d242a7f79e02b511bd5fcf03d448943bb3a5ae75,Codex Methoden-Erstbewertung 2,6d6bad17cd27ee92dc402cf5e7ef67df4de582a50a3dcdbc3aacb76c4d883501
I8,I8,UNKLAR,Wahrscheinlichkeit 0–10,C33=3; geerbter Klimafilter C30≠55. Wiederholungsinstruktion zur Fragebogenqualität.,FRAGEBOGEN_TEXTLAYER_BLOCK_MANUELL_GELESEN; ORIGINALSICHT_ENTWURF; KEINE_ZELLENWEISE_VOLLABNAHME; LISTENHEFT_TEXTLAYER_GELESEN; PDF_BILDSICHT_LISTE92,"ESS11-DE Fragebogen PDF/gedruckte Seiten 95|96, Originalblock I8; Listenheft Liste 92, PDF-Seite 97","Prognose des künftigen Verhaltens anderer Menschen. Keine eigene Handlung und keine automatisch richtige Wissensantwort, aber auch kein ausdrücklich gewünschter gesellschaftlicher Zustand oder Wert. Inhaltlich dieselbe Grenzentscheidung wie die entsprechenden C-Varianten; der Qualitätstest-Vorspann erzeugt weder ein weiteres Konstrukt noch allein einen Verwaltungsausschluss.",STEIGEND,"Höhere Erwartete Wahrscheinlichkeit, dass sehr viele Menschen ihren Energieverbrauch tatsächlich einschränken.",ENTWURF_TEXTBLOCK_AUTOMATISCH,ENTWURF_VERTIKALE_CODES_LABELZEILEN_NACHPRUEFEN,be6fbca3efbe18a062a6ae96d242a7f79e02b511bd5fcf03d448943bb3a5ae75,Codex Methoden-Erstbewertung 2,6d6bad17cd27ee92dc402cf5e7ef67df4de582a50a3dcdbc3aacb76c4d883501
I9,I9,UNKLAR,Wahrscheinlichkeit 0–10,C33=3; geerbter Klimafilter C30≠55. Wiederholungsinstruktion zur Fragebogenqualität.,FRAGEBOGEN_TEXTLAYER_BLOCK_MANUELL_GELESEN; ORIGINALSICHT_ENTWURF; KEINE_ZELLENWEISE_VOLLABNAHME; LISTENHEFT_TEXTLAYER_GELESEN; PDF_BILDSICHT_LISTE92,"ESS11-DE Fragebogen PDF/gedruckte Seiten 96|97, Originalblock I9; Listenheft Liste 92, PDF-Seite 97",Prognose künftiger staatlicher Maßnahmen. Keine Präferenz für Maßnahmen und keine Prüfung eines benannten amtierenden Kabinetts; politische Erwartung und Tatsachenprognose bleiben inhaltlich mehrdeutig. Inhaltlich dieselbe Grenzentscheidung wie die entsprechenden C-Varianten; der Qualitätstest-Vorspann erzeugt weder ein weiteres Konstrukt noch allein einen Verwaltungsausschluss.,STEIGEND,"Höhere Erwartete Wahrscheinlichkeit, dass genug Staaten Klimaschutzmaßnahmen ergreifen.",ENTWURF_TEXTBLOCK_AUTOMATISCH,ENTWURF_VERTIKALE_CODES_LABELZEILEN_NACHPRUEFEN,be6fbca3efbe18a062a6ae96d242a7f79e02b511bd5fcf03d448943bb3a5ae75,Codex Methoden-Erstbewertung 2,6d6bad17cd27ee92dc402cf5e7ef67df4de582a50a3dcdbc3aacb76c4d883501
K1,K1,NEIN,Nominale Infektions-/Testgeschichte 1/2/3,An alle; Nichtantwortcodes sind keine Skalenpole.,FRAGEBOGEN_TEXTLAYER_BLOCK_MANUELL_GELESEN; ORIGINALSICHT_ENTWURF; KEINE_ZELLENWEISE_VOLLABNAHME; LISTENHEFT_TEXTLAYER_GELESEN,"ESS11-DE Fragebogen PDF/gedruckte Seiten 97, Originalblock K1; Listenheft Liste 93, PDF-Seite 98","Erhebt eigene Coronaerfahrung seit Anfang 2020. Vermutete und getestete Infektion sind verschiedene Erfahrungs-/Nachweisarten, keine politische Einstellung.",KEINE,Kein einheitlicher höherer Pol; die Zahlen bezeichnen Kategorien.,ENTWURF_TEXTBLOCK_AUTOMATISCH,ENTWURF_VERTIKALE_CODES_LABELZEILEN_NACHPRUEFEN,be6fbca3efbe18a062a6ae96d242a7f79e02b511bd5fcf03d448943bb3a5ae75,Codex Methoden-Erstbewertung 2,6d6bad17cd27ee92dc402cf5e7ef67df4de582a50a3dcdbc3aacb76c4d883501
K2,K2,NEIN,Dichotome länger dauernde Symptomerfahrung,"Nur K1=1 oder 2; Symptome mindestens drei Monate, vorher nicht gehabt.",FRAGEBOGEN_TEXTLAYER_BLOCK_MANUELL_GELESEN; ORIGINALSICHT_ENTWURF; KEINE_ZELLENWEISE_VOLLABNAHME; LISTENHEFT_TEXTLAYER_GELESEN,"ESS11-DE Fragebogen PDF/gedruckte Seiten 97, Originalblock K2; Listenheft Liste 94, PDF-Seite 99","Erhebt eigene Symptome nach Infektion, keine Haltung zur Pandemiepolitik.",KEINE,Kein einheitlicher höherer Pol; die Zahlen bezeichnen Kategorien.,ENTWURF_TEXTBLOCK_AUTOMATISCH,ENTWURF_VERTIKALE_CODES_LABELZEILEN_NACHPRUEFEN,be6fbca3efbe18a062a6ae96d242a7f79e02b511bd5fcf03d448943bb3a5ae75,Codex Methoden-Erstbewertung 2,6d6bad17cd27ee92dc402cf5e7ef67df4de582a50a3dcdbc3aacb76c4d883501
K3,K3,NEIN,Dichotome aktuelle Symptomerfahrung,Nur K2=1.,FRAGEBOGEN_TEXTLAYER_BLOCK_MANUELL_GELESEN; ORIGINALSICHT_ENTWURF; KEINE_ZELLENWEISE_VOLLABNAHME; LISTENHEFT_TEXTLAYER_GELESEN,"ESS11-DE Fragebogen PDF/gedruckte Seiten 97, Originalblock K3; Listenheft Liste 94, PDF-Seite 99",Erhebt gegenwärtige eigene Symptome aus dem geerbten Postinfektionsblock.,KEINE,Kein einheitlicher höherer Pol; die Zahlen bezeichnen Kategorien.,ENTWURF_TEXTBLOCK_AUTOMATISCH,ENTWURF_VERTIKALE_CODES_LABELZEILEN_NACHPRUEFEN,be6fbca3efbe18a062a6ae96d242a7f79e02b511bd5fcf03d448943bb3a5ae75,Codex Methoden-Erstbewertung 2,6d6bad17cd27ee92dc402cf5e7ef67df4de582a50a3dcdbc3aacb76c4d883501
K4,K4,NEIN,Dichotomes Impfverhalten,An alle; Nichtantwortcodes sind keine Skalenpole.,FRAGEBOGEN_TEXTLAYER_BLOCK_MANUELL_GELESEN; ORIGINALSICHT_ENTWURF; KEINE_ZELLENWEISE_VOLLABNAHME,"ESS11-DE Fragebogen PDF/gedruckte Seiten 97|98, Originalblock K4",Erhebt eigene mindestens einmal erfolgte Coronaimpfung. Verhalten ist keine Zustimmung/Ablehnung einer Impfpolitik.,KEINE,Kein einheitlicher höherer Pol; die Zahlen bezeichnen Kategorien.,ENTWURF_TEXTBLOCK_AUTOMATISCH,ENTWURF_VERTIKALE_CODES_LABELZEILEN_NACHPRUEFEN,be6fbca3efbe18a062a6ae96d242a7f79e02b511bd5fcf03d448943bb3a5ae75,Codex Methoden-Erstbewertung 2,6d6bad17cd27ee92dc402cf5e7ef67df4de582a50a3dcdbc3aacb76c4d883501
J1,J1,NEIN,Interviewer-Häufigkeitseinschätzung 1–5,Interviewer ohne befragte Person nach dem Interview.,FRAGEBOGEN_TEXTLAYER_BLOCK_MANUELL_GELESEN; ORIGINALSICHT_ENTWURF; KEINE_ZELLENWEISE_VOLLABNAHME,"ESS11-DE Fragebogen PDF/gedruckte Seiten 98, Originalblock J1",Interviewverwaltung zur Bitte um Erläuterung. Keine politische Selbstauskunft oder Wertefrage.,STEIGEND,Häufigere vom Interviewer beobachtete Bitte um Erläuterung.,ENTWURF_TEXTBLOCK_AUTOMATISCH,ENTWURF_VERTIKALE_CODES_LABELZEILEN_NACHPRUEFEN,be6fbca3efbe18a062a6ae96d242a7f79e02b511bd5fcf03d448943bb3a5ae75,Codex Methoden-Erstbewertung 2,6d6bad17cd27ee92dc402cf5e7ef67df4de582a50a3dcdbc3aacb76c4d883501
J2,J2,NEIN,Interviewer-Häufigkeitseinschätzung 1–5,Interviewer ohne befragte Person nach dem Interview.,FRAGEBOGEN_TEXTLAYER_BLOCK_MANUELL_GELESEN; ORIGINALSICHT_ENTWURF; KEINE_ZELLENWEISE_VOLLABNAHME,"ESS11-DE Fragebogen PDF/gedruckte Seiten 98, Originalblock J2",Interviewverwaltung zur widerwilliges Antworten. Keine politische Selbstauskunft oder Wertefrage.,STEIGEND,Häufigere vom Interviewer beobachtete widerwilliges Antworten.,ENTWURF_TEXTBLOCK_AUTOMATISCH,ENTWURF_VERTIKALE_CODES_LABELZEILEN_NACHPRUEFEN,be6fbca3efbe18a062a6ae96d242a7f79e02b511bd5fcf03d448943bb3a5ae75,Codex Methoden-Erstbewertung 2,6d6bad17cd27ee92dc402cf5e7ef67df4de582a50a3dcdbc3aacb76c4d883501
J3,J3,NEIN,Interviewer-Häufigkeitseinschätzung 1–5,Interviewer ohne befragte Person nach dem Interview.,FRAGEBOGEN_TEXTLAYER_BLOCK_MANUELL_GELESEN; ORIGINALSICHT_ENTWURF; KEINE_ZELLENWEISE_VOLLABNAHME,"ESS11-DE Fragebogen PDF/gedruckte Seiten 99, Originalblock J3",Interviewverwaltung zur Bemühen um möglichst gute Antworten. Keine politische Selbstauskunft oder Wertefrage.,STEIGEND,Häufigere vom Interviewer beobachtete Bemühen um möglichst gute Antworten.,ENTWURF_TEXTBLOCK_AUTOMATISCH,ENTWURF_VERTIKALE_CODES_LABELZEILEN_NACHPRUEFEN,be6fbca3efbe18a062a6ae96d242a7f79e02b511bd5fcf03d448943bb3a5ae75,Codex Methoden-Erstbewertung 2,6d6bad17cd27ee92dc402cf5e7ef67df4de582a50a3dcdbc3aacb76c4d883501
J4,J4,NEIN,Interviewer-Häufigkeitseinschätzung 1–5,Interviewer ohne befragte Person nach dem Interview.,FRAGEBOGEN_TEXTLAYER_BLOCK_MANUELL_GELESEN; ORIGINALSICHT_ENTWURF; KEINE_ZELLENWEISE_VOLLABNAHME,"ESS11-DE Fragebogen PDF/gedruckte Seiten 99, Originalblock J4",Interviewverwaltung zur Verstehen der Fragen. Keine politische Selbstauskunft oder Wertefrage.,STEIGEND,Häufigere vom Interviewer beobachtete Verstehen der Fragen.,ENTWURF_TEXTBLOCK_AUTOMATISCH,ENTWURF_VERTIKALE_CODES_LABELZEILEN_NACHPRUEFEN,be6fbca3efbe18a062a6ae96d242a7f79e02b511bd5fcf03d448943bb3a5ae75,Codex Methoden-Erstbewertung 2,6d6bad17cd27ee92dc402cf5e7ef67df4de582a50a3dcdbc3aacb76c4d883501
J5,J5,NEIN,Dichotome Einmischung einer dritten Person,Interviewer ohne befragte Person.,FRAGEBOGEN_TEXTLAYER_BLOCK_MANUELL_GELESEN; ORIGINALSICHT_ENTWURF; KEINE_ZELLENWEISE_VOLLABNAHME,"ESS11-DE Fragebogen PDF/gedruckte Seiten 99, Originalblock J5",Verwaltungsangabe über Anwesenheit/Einmischung im Interview.,KEINE,Kein einheitlicher höherer Pol; die Zahlen bezeichnen Kategorien.,ENTWURF_TEXTBLOCK_AUTOMATISCH,OFFEN_ORIGINALANTWORTBLOCK_NOCH_NICHT_ZELLENWEISE,be6fbca3efbe18a062a6ae96d242a7f79e02b511bd5fcf03d448943bb3a5ae75,Codex Methoden-Erstbewertung 2,6d6bad17cd27ee92dc402cf5e7ef67df4de582a50a3dcdbc3aacb76c4d883501
J6,J6,NEIN,Nominale beteiligte Personen; Mehrfachnennung,Nur J5=1; Interviewer ohne befragte Person.,FRAGEBOGEN_TEXTLAYER_BLOCK_MANUELL_GELESEN; ORIGINALSICHT_ENTWURF; KEINE_ZELLENWEISE_VOLLABNAHME,"ESS11-DE Fragebogen PDF/gedruckte Seiten 99|100, Originalblock J6","Verwaltungsangabe, wer sich in die Befragung eingemischt hat; keine Werteposition.",KEINE,Kein einheitlicher höherer Pol; die Zahlen bezeichnen Kategorien.,ENTWURF_TEXTBLOCK_AUTOMATISCH,ENTWURF_VERTIKALE_CODES_LABELZEILEN_NACHPRUEFEN,be6fbca3efbe18a062a6ae96d242a7f79e02b511bd5fcf03d448943bb3a5ae75,Codex Methoden-Erstbewertung 2,6d6bad17cd27ee92dc402cf5e7ef67df4de582a50a3dcdbc3aacb76c4d883501
J7,J7,NEIN,Nominale Sprachangabe,Interviewer ohne befragte Person.,FRAGEBOGEN_TEXTLAYER_BLOCK_MANUELL_GELESEN; ORIGINALSICHT_ENTWURF; KEINE_ZELLENWEISE_VOLLABNAHME,"ESS11-DE Fragebogen PDF/gedruckte Seiten 100, Originalblock J7",Interviewverwaltung: Sprache des Interviews. Keine Personendatenwerte wurden gelesen oder erfasst.,KEINE,Kein höherer Einstellungs-/Größenpol.,ENTWURF_TEXTBLOCK_AUTOMATISCH,OFFEN_ORIGINALANTWORTBLOCK_NOCH_NICHT_ZELLENWEISE,be6fbca3efbe18a062a6ae96d242a7f79e02b511bd5fcf03d448943bb3a5ae75,Codex Methoden-Erstbewertung 2,6d6bad17cd27ee92dc402cf5e7ef67df4de582a50a3dcdbc3aacb76c4d883501
J8,J8,NEIN,Administrative ID,Interviewer ohne befragte Person.,FRAGEBOGEN_TEXTLAYER_BLOCK_MANUELL_GELESEN; ORIGINALSICHT_ENTWURF; KEINE_ZELLENWEISE_VOLLABNAHME,"ESS11-DE Fragebogen PDF/gedruckte Seiten 100, Originalblock J8",Interviewverwaltung: Interviewerkennung. Keine Personendatenwerte wurden gelesen oder erfasst.,KEINE,Kein höherer Einstellungs-/Größenpol.,ENTWURF_TEXTBLOCK_AUTOMATISCH,OFFEN_ORIGINALANTWORTBLOCK_NOCH_NICHT_ZELLENWEISE,be6fbca3efbe18a062a6ae96d242a7f79e02b511bd5fcf03d448943bb3a5ae75,Codex Methoden-Erstbewertung 2,6d6bad17cd27ee92dc402cf5e7ef67df4de582a50a3dcdbc3aacb76c4d883501
J9,J9,NEIN,Offene Verwaltungsanmerkung,Interviewer ohne befragte Person.,FRAGEBOGEN_TEXTLAYER_BLOCK_MANUELL_GELESEN; ORIGINALSICHT_ENTWURF; KEINE_ZELLENWEISE_VOLLABNAHME,"ESS11-DE Fragebogen PDF/gedruckte Seiten 100, Originalblock J9",Interviewverwaltung: weitere Anmerkungen zum Interview. Keine Personendatenwerte wurden gelesen oder erfasst.,KEINE,Kein höherer Einstellungs-/Größenpol.,ENTWURF_TEXTBLOCK_AUTOMATISCH,OFFEN_ORIGINALANTWORTBLOCK_NOCH_NICHT_ZELLENWEISE,be6fbca3efbe18a062a6ae96d242a7f79e02b511bd5fcf03d448943bb3a5ae75,Codex Methoden-Erstbewertung 2,6d6bad17cd27ee92dc402cf5e7ef67df4de582a50a3dcdbc3aacb76c4d883501
